season,game_type,week,away_team,away_score,home_team,home_score,result,total,overtime,away_moneyline,home_moneyline,spread_line,away_spread_odds,home_spread_odds,total_line,under_odds,over_odds,home_team_win,home_win_pct,home_ppg,home_opp_ppg,away_win_pct,away_ppg,away_opp_ppg
2019,REG,1,GB,10,CHI,3,-7,13,0,160,-178,3.5,-113,103,47.0,102,-113,0,,,,,,
2019,REG,1,KC,40,JAX,26,-14,66,0,-181,163,-3.5,-101,-110,49.0,102,-113,0,,,,,,
2019,REG,1,BAL,59,MIA,10,-49,69,0,-298,263,-7.0,102,-112,41.0,-105,-105,0,,,,,,
2019,REG,1,ATL,12,MIN,28,16,40,0,159,-176,3.5,-115,104,47.0,101,-112,1,,,,,,
2019,REG,1,BUF,17,NYJ,16,-1,33,0,135,-149,2.5,-101,-110,41.0,-110,-100,0,,,,,,
2019,REG,1,WAS,27,PHI,32,5,59,0,395,-463,10.5,-114,103,44.0,-103,-107,1,,,,,,
2019,REG,1,IND,24,LAC,30,6,54,1,235,-265,6.0,-107,-103,44.5,-112,101,1,,,,,,
2019,REG,1,CIN,20,SEA,21,1,41,0,344,-398,9.5,-115,104,44.0,-104,-106,1,,,,,,
2019,REG,1,DET,27,ARI,27,0,54,1,-147,133,-2.5,-121,108,45.5,-114,104,0,,,,,,
2019,REG,1,TEN,43,CLE,13,-30,56,0,206,-230,5.5,-113,103,44.0,-107,-103,0,,,,,,
2019,REG,1,NYG,17,DAL,35,18,52,0,271,-308,7.0,-111,100,44.0,-104,-106,1,,,,,,
2019,REG,1,SF,31,TB,17,-14,48,0,-102,-108,1.0,-106,-104,51.0,-100,-110,0,,,,,,
2019,REG,1,PIT,3,NE,33,30,36,0,203,-228,5.5,-111,101,49.0,-103,-107,1,,,,,,
2019,REG,1,HOU,28,NO,30,2,58,0,273,-310,6.5,103,-113,52.0,105,-116,1,,,,,,
2019,REG,1,DEN,16,OAK,24,8,40,0,-149,135,-3.0,108,-121,42.5,-110,-100,1,,,,,,
2019,REG,1,LA,30,CAR,27,-3,57,0,-122,111,-1.5,-106,-104,49.5,-101,-110,0,,,,,,
2019,REG,2,CLE,23,NYJ,3,-20,26,0,-278,241,-6.5,-105,-105,45.5,103,-115,0,0.0,16.0,17.0,0.0,13.0,43.0
2019,REG,2,TB,20,CAR,14,-6,34,0,240,-277,6.5,-110,-100,48.0,-105,-105,0,0.0,27.0,30.0,0.0,17.0,31.0
2019,REG,2,IND,19,TEN,17,-2,36,0,160,-178,3.0,108,-120,43.5,-111,-101,0,1.0,43.0,13.0,0.0,24.0,30.0
2019,REG,2,SEA,28,PIT,26,-2,54,0,175,-197,4.0,-109,-101,47.0,-113,101,0,0.0,3.0,33.0,1.0,21.0,20.0
2019,REG,2,BUF,28,NYG,14,-14,42,0,-113,102,-1.0,-108,-103,44.5,-103,-108,0,0.0,17.0,35.0,1.0,17.0,16.0
2019,REG,2,NE,43,MIA,0,-43,43,0,-1300,880,-18.0,-101,-109,48.5,101,-113,0,0.0,10.0,59.0,1.0,33.0,3.0
2019,REG,2,JAX,12,HOU,13,1,25,0,286,-336,7.5,-122,111,43.0,-104,-107,1,0.0,28.0,30.0,0.0,26.0,40.0
2019,REG,2,MIN,16,GB,21,5,37,0,148,-165,3.0,-102,-108,43.0,-110,-101,1,1.0,10.0,3.0,1.0,28.0,12.0
2019,REG,2,LAC,10,DET,13,3,23,0,-107,-103,-1.0,102,-113,47.0,-101,-110,1,1.0,27.0,27.0,1.0,30.0,24.0
2019,REG,2,SF,41,CIN,17,-24,58,0,-103,-107,1.0,-111,100,46.0,-113,101,0,0.0,20.0,21.0,1.0,31.0,17.0
2019,REG,2,ARI,17,BAL,23,6,40,0,513,-665,13.0,-110,-100,46.0,100,-112,1,1.0,59.0,10.0,0.0,27.0,27.0
2019,REG,2,DAL,31,WAS,21,-10,52,0,-268,233,-6.0,-115,104,46.5,104,-115,0,0.0,27.0,32.0,1.0,35.0,17.0
2019,REG,2,KC,28,OAK,10,-18,38,0,-293,252,-7.0,108,-119,53.5,107,-119,0,1.0,24.0,16.0,1.0,40.0,26.0
2019,REG,2,CHI,16,DEN,14,-2,30,0,-147,132,-3.0,103,-114,41.0,111,-123,0,0.0,16.0,24.0,0.0,3.0,10.0
2019,REG,2,NO,9,LA,27,18,36,0,107,-118,2.0,-114,103,52.5,-100,-111,1,1.0,30.0,27.0,1.0,30.0,28.0
2019,REG,2,PHI,20,ATL,24,4,44,0,-105,-105,-1.0,102,-112,53.0,-105,-106,1,0.0,12.0,28.0,1.0,32.0,27.0
2019,REG,3,CIN,17,BUF,21,4,38,0,220,-252,5.5,-104,-106,43.5,-107,-104,1,1.0,22.5,15.0,0.0,18.5,31.0
2019,REG,3,TEN,7,JAX,20,13,27,0,-125,113,-1.5,-109,-101,38.0,-100,-111,1,0.0,19.0,26.5,0.5,30.0,16.0
2019,REG,3,MIA,6,DAL,31,25,37,0,1454,-2540,22.0,102,-112,46.5,-103,-108,1,1.0,33.0,19.0,0.0,5.0,51.0
2019,REG,3,DEN,16,GB,27,11,43,0,278,-327,7.0,-108,-102,42.0,104,-116,1,1.0,15.5,9.5,0.0,15.0,20.0
2019,REG,3,ATL,24,IND,27,3,51,0,105,-116,1.0,100,-111,48.0,-107,-104,1,0.5,21.5,23.5,0.5,18.0,24.0
2019,REG,3,BAL,28,KC,33,5,61,0,191,-216,4.5,-108,-102,52.0,-103,-108,1,1.0,34.0,18.0,1.0,41.0,13.5
2019,REG,3,OAK,14,MIN,34,20,48,0,337,-405,8.5,-105,-105,43.0,-114,102,1,0.5,22.0,16.5,0.5,17.0,22.0
2019,REG,3,NYJ,14,NE,30,16,44,0,1203,-1962,20.5,-109,-101,43.0,-104,-107,1,1.0,38.0,1.5,0.0,9.5,20.0
2019,REG,3,DET,27,PHI,24,-3,51,0,188,-212,4.0,-104,-106,45.0,103,-115,0,0.5,26.0,25.5,1.0,20.0,18.5
2019,REG,3,CAR,38,ARI,20,-18,58,0,118,-131,2.5,-114,103,46.0,-104,-107,0,0.0,22.0,25.0,0.0,20.5,25.0
2019,REG,3,NYG,32,TB,31,-1,63,0,202,-230,5.0,-103,-107,48.0,101,-113,0,0.5,18.5,22.5,0.0,15.5,31.5
2019,REG,3,HOU,27,LAC,20,-7,47,0,151,-168,3.0,104,-115,49.0,101,-112,0,0.5,20.0,18.5,0.5,20.5,21.0
2019,REG,3,NO,33,SEA,27,-6,60,0,199,-225,5.0,-106,-105,44.0,-110,-101,0,1.0,24.5,23.0,0.5,19.5,27.5
2019,REG,3,PIT,20,SF,24,4,44,0,239,-276,6.0,-104,-107,44.5,-103,-108,1,1.0,36.0,17.0,0.0,14.5,30.5
2019,REG,3,LA,20,CLE,13,-7,33,0,-215,190,-4.0,-111,101,48.0,-112,100,0,0.5,18.0,23.0,1.0,28.5,18.0
2019,REG,3,CHI,31,WAS,15,-16,46,0,-232,204,-5.0,-103,-107,41.0,100,-111,0,0.0,24.0,31.5,0.5,9.5,12.0
2019,REG,4,CIN,3,PIT,27,24,30,0,160,-179,3.5,-112,101,45.5,106,-118,1,0.0,16.333333333333332,28.333333333333332,0.0,18.0,27.666666666666668
2019,REG,4,DAL,10,NO,12,2,22,0,-140,127,-2.5,-105,-105,47.0,-103,-108,1,0.6666666666666666,24.0,27.333333333333332,1.0,32.333333333333336,14.666666666666666
2019,REG,4,JAX,26,DEN,24,-2,50,0,124,-137,2.5,-102,-109,37.0,-109,-102,0,0.0,15.333333333333334,22.333333333333332,0.3333333333333333,19.333333333333332,20.0
2019,REG,4,MIN,6,CHI,16,10,22,0,-108,-102,-1.0,-101,-109,38.0,-105,-106,1,0.6666666666666666,16.666666666666668,13.0,0.6666666666666666,26.0,15.666666666666666
2019,REG,4,TB,55,LA,40,-15,95,0,385,-473,9.0,-104,-106,48.5,-104,-107,0,1.0,25.666666666666668,16.333333333333332,0.3333333333333333,22.666666666666668,25.666666666666668
2019,REG,4,SEA,27,ARI,10,-17,37,0,-238,209,-5.5,-107,-103,49.0,-101,-110,0,0.0,21.333333333333332,29.333333333333332,0.6666666666666666,25.333333333333332,26.333333333333332
2019,REG,4,WAS,3,NYG,24,21,27,0,146,-163,3.0,-101,-109,48.0,-105,-106,1,0.3333333333333333,21.0,31.333333333333332,0.0,21.0,31.333333333333332
2019,REG,4,LAC,30,MIA,10,-20,40,0,-806,602,-15.0,-103,-107,43.5,-113,101,0,0.0,5.333333333333333,44.333333333333336,0.3333333333333333,20.0,21.333333333333332
2019,REG,4,OAK,31,IND,24,-7,55,0,212,-242,5.5,-106,-104,46.0,-108,-103,0,0.6666666666666666,23.333333333333332,23.666666666666668,0.3333333333333333,16.0,26.0
2019,REG,4,CAR,16,HOU,10,-6,26,0,224,-257,5.5,-100,-110,47.5,-106,-105,0,0.6666666666666666,22.666666666666668,20.666666666666668,0.3333333333333333,26.333333333333332,23.333333333333332
2019,REG,4,KC,34,DET,30,-4,64,0,-364,307,-7.5,105,-116,54.5,101,-113,0,1.0,22.333333333333332,20.333333333333332,1.0,33.666666666666664,21.333333333333332
2019,REG,4,NE,16,BUF,10,-6,26,0,-321,274,-7.0,-102,-108,41.5,-103,-108,0,1.0,22.0,15.666666666666666,1.0,35.333333333333336,5.666666666666667
2019,REG,4,PHI,34,GB,27,-7,61,0,169,-190,3.5,-110,-100,46.0,-112,100,0,1.0,19.333333333333332,11.666666666666666,0.3333333333333333,25.333333333333332,26.0
2019,REG,4,TEN,24,ATL,10,-14,34,0,156,-174,3.5,-113,102,46.0,-113,101,0,0.3333333333333333,20.0,25.0,0.3333333333333333,22.333333333333332,17.333333333333332
2019,REG,4,CLE,40,BAL,25,-15,65,0,279,-327,7.5,-117,106,47.0,-104,-107,0,0.6666666666666666,36.666666666666664,20.0,0.3333333333333333,16.333333333333332,22.0
2019,REG,5,CLE,3,SF,31,28,34,0,199,-226,5.0,101,-111,47.5,-111,-100,1,1.0,32.0,18.0,0.5,22.25,22.75
2019,REG,5,ARI,26,CIN,23,-3,49,0,139,-154,3.0,-106,-104,45.0,-115,103,0,0.0,14.25,27.5,0.0,18.5,28.75
2019,REG,5,IND,19,KC,13,-6,32,0,407,-504,10.5,-111,101,55.5,106,-118,0,1.0,33.75,23.5,0.5,23.5,25.5
2019,REG,5,GB,34,DAL,24,-10,58,0,162,-181,3.5,-113,102,46.5,-107,-104,0,0.75,26.75,14.0,0.75,21.25,17.25
2019,REG,5,DEN,20,LAC,13,-7,33,0,199,-226,4.0,102,-113,46.0,101,-113,0,0.5,22.5,18.5,0.0,17.5,23.25
2019,REG,5,NE,33,WAS,7,-26,40,0,-963,695,-15.5,-112,101,42.0,-109,-102,0,0.0,16.5,29.5,1.0,30.5,6.75
2019,REG,5,BUF,14,TEN,7,-7,21,0,162,-182,3.5,-110,-101,39.5,-101,-111,0,0.5,22.75,15.5,0.75,19.0,15.75
2019,REG,5,BAL,26,PIT,23,-3,49,1,-179,160,-3.5,102,-113,44.0,-108,-103,0,0.25,19.0,22.0,0.5,33.75,25.0
2019,REG,5,NYJ,6,PHI,31,25,37,0,587,-782,14.0,-109,-101,43.0,-105,-106,1,0.5,27.5,26.25,0.0,11.0,23.333333333333332
2019,REG,5,CHI,21,OAK,24,3,45,0,-266,232,-6.5,-101,-110,39.5,-106,-105,1,0.5,19.75,25.5,0.75,16.5,11.25
2019,REG,5,MIN,28,NYG,10,-18,38,0,-243,213,-5.5,-116,105,44.0,-105,-106,0,0.5,21.75,24.25,0.5,21.0,15.75
2019,REG,5,TB,24,NO,31,7,55,0,133,-148,3.0,-118,107,46.0,-102,-109,1,0.75,21.0,23.0,0.5,30.75,29.25
2019,REG,5,ATL,32,HOU,53,21,85,0,184,-207,4.0,-101,-109,49.0,-110,-101,1,0.5,19.5,19.5,0.25,17.5,24.75
2019,REG,5,JAX,27,CAR,34,7,61,0,169,-189,3.0,119,-131,41.0,-110,-101,1,0.5,23.75,20.0,0.5,21.0,21.0
2019,REG,5,LA,29,SEA,30,1,59,0,111,-122,1.5,-104,-106,49.0,102,-113,1,0.75,25.75,22.25,0.75,29.25,26.0
2019,REG,6,HOU,31,KC,24,-7,55,0,166,-186,3.5,-108,-103,54.5,-108,-103,0,0.8,29.6,22.6,0.6,26.2,22.0
2019,REG,6,CIN,17,BAL,23,6,40,0,425,-531,10.5,-106,-104,47.0,-108,-103,1,0.6,32.2,24.6,0.0,16.0,27.2
2019,REG,6,DET,22,GB,23,1,45,0,176,-198,3.5,-102,-108,47.0,100,-111,1,0.8,23.8,18.6,0.75,24.25,23.75
2019,REG,6,PIT,24,LAC,17,-7,41,0,220,-252,6.0,-115,104,42.5,-105,-106,0,0.4,20.6,18.8,0.2,19.8,22.8
2019,REG,6,DAL,22,NYJ,24,2,46,0,-316,270,-7.0,-100,-110,43.5,102,-113,1,0.0,9.75,25.25,0.6,26.2,18.0
2019,REG,6,TEN,0,DEN,16,16,16,0,109,-121,1.0,103,-113,41.0,-102,-109,1,0.2,18.0,21.2,0.4,19.6,15.2
2019,REG,6,SF,20,LA,7,-13,27,0,133,-148,3.0,-110,-100,49.5,-111,-100,0,0.6,29.2,26.8,1.0,31.75,14.25
2019,REG,6,ATL,33,ARI,34,1,67,0,-161,145,-3.0,-108,-102,52.5,101,-113,1,0.2,20.0,27.6,0.2,20.4,30.4
2019,REG,6,PHI,20,MIN,38,18,58,0,157,-176,3.5,-115,105,44.0,-110,-101,1,0.6,22.4,14.6,0.6,28.2,22.2
2019,REG,6,SEA,32,CLE,28,-4,60,0,102,-113,1.0,-104,-106,45.5,-107,-104,0,0.4,18.4,24.4,0.8,26.6,23.6
2019,REG,6,NO,13,JAX,6,-7,19,0,126,-139,2.5,100,-110,42.5,-108,-103,0,0.4,22.2,23.6,0.8,23.0,23.2
2019,REG,6,WAS,17,MIA,16,-1,33,0,-240,210,-6.0,-101,-109,42.0,-105,-106,0,0.0,6.5,40.75,0.0,14.6,30.2
2019,REG,6,NYG,14,NE,35,21,49,0,756,-1071,16.5,-106,-104,43.0,-113,102,1,1.0,31.0,6.8,0.4,19.4,25.0
2019,REG,6,CAR,37,TB,26,-11,63,0,-125,113,-2.0,-100,-110,48.5,-104,-107,0,0.4,29.4,29.6,0.6,25.8,21.4
2019,REG,7,KC,30,DEN,6,-24,36,0,-149,134,-3.0,104,-115,49.5,-111,100,0,0.3333333333333333,17.666666666666668,17.666666666666668,0.6666666666666666,28.666666666666668,24.0
2019,REG,7,LA,37,ATL,10,-27,47,0,-154,139,-3.0,-105,-105,54.5,-107,-104,0,0.16666666666666666,22.5,31.0,0.5,25.5,25.666666666666668
2019,REG,7,MIA,21,BUF,31,10,52,0,793,-1137,17.0,-103,-108,42.5,-100,-111,1,0.8,18.0,14.0,0.0,8.4,36.0
2019,REG,7,JAX,27,CIN,17,-10,44,0,-214,189,-4.0,-116,105,44.5,100,-111,0,0.0,16.166666666666668,26.5,0.3333333333333333,19.5,21.833333333333332
2019,REG,7,MIN,42,DET,30,-12,72,0,-137,124,-2.5,-110,-100,43.5,102,-114,0,0.6,23.8,23.6,0.6666666666666666,25.0,15.5
2019,REG,7,OAK,24,GB,42,18,66,0,211,-241,5.5,-103,-107,48.0,101,-113,1,0.8333333333333334,23.666666666666668,19.166666666666668,0.6,20.6,24.6
2019,REG,7,HOU,23,IND,30,7,53,0,109,-120,1.5,-104,-106,46.5,100,-111,1,0.6,22.6,23.0,0.6666666666666666,27.0,22.333333333333332
2019,REG,7,ARI,27,NYG,21,-6,48,0,168,-188,3.5,-106,-104,49.5,-101,-110,0,0.3333333333333333,18.5,26.666666666666668,0.3333333333333333,22.333333333333332,28.5
2019,REG,7,SF,9,WAS,0,-9,9,0,-424,350,-10.0,-104,-106,39.0,-100,-111,0,0.16666666666666666,15.0,27.833333333333332,1.0,29.4,12.8
2019,REG,7,LAC,20,TEN,23,3,43,0,141,-157,3.0,-107,-103,42.5,-105,-106,1,0.3333333333333333,16.333333333333332,15.333333333333334,0.3333333333333333,20.0,19.666666666666668
2019,REG,7,NO,36,CHI,25,-11,61,0,188,-213,4.0,100,-110,37.0,-101,-111,0,0.6,17.4,13.8,0.8333333333333334,21.333333333333332,20.333333333333332
2019,REG,7,BAL,30,SEA,16,-14,46,0,141,-157,3.0,-104,-106,49.0,105,-117,0,0.8333333333333334,27.5,24.333333333333332,0.6666666666666666,30.666666666666668,23.333333333333332
2019,REG,7,PHI,10,DAL,37,27,47,0,148,-165,3.0,101,-111,50.0,-106,-105,1,0.5,25.5,19.0,0.5,26.833333333333332,24.833333333333332
2019,REG,7,NE,33,NYJ,0,-33,33,0,-371,311,-9.5,-106,-104,43.0,100,-112,0,0.2,12.6,24.6,1.0,31.666666666666668,8.0
2019,REG,8,CIN,10,LA,24,14,34,0,467,-594,12.0,-112,102,48.5,105,-117,1,0.5714285714285714,27.142857142857142,23.428571428571427,0.0,16.285714285714285,26.571428571428573
2019,REG,8,GB,31,KC,24,-7,55,0,-230,202,-5.0,-108,-102,48.0,103,-108,0,0.7142857142857143,28.857142857142858,21.428571428571427,0.8571428571428571,26.285714285714285,19.857142857142858
2019,REG,8,MIA,14,PIT,27,13,41,0,491,-630,14.0,-107,-103,44.0,-106,-105,1,0.3333333333333333,20.5,21.833333333333332,0.0,10.5,35.166666666666664
2019,REG,8,CLE,13,NE,27,14,40,0,309,-367,9.5,-107,-103,43.0,102,-114,1,1.0,31.857142857142858,6.857142857142857,0.3333333333333333,20.0,25.666666666666668
2019,REG,8,OAK,24,HOU,27,3,51,0,207,-236,5.0,-107,-103,52.0,-110,-101,1,0.5714285714285714,26.428571428571427,23.428571428571427,0.5,21.166666666666668,27.5
2019,REG,8,CAR,13,SF,51,38,64,0,184,-208,4.5,-112,102,41.0,103,-114,1,1.0,26.0,10.666666666666666,0.6666666666666666,27.666666666666668,22.166666666666668
2019,REG,8,TB,23,TEN,27,4,50,0,110,-122,2.0,-110,-100,45.5,102,-114,1,0.42857142857142855,17.285714285714285,16.0,0.3333333333333333,28.833333333333332,30.833333333333332
2019,REG,8,ARI,9,NO,31,22,40,0,467,-625,12.5,-108,-102,47.5,-110,-101,1,0.8571428571428571,23.428571428571427,21.0,0.42857142857142855,23.0,27.428571428571427
2019,REG,8,NYJ,15,JAX,29,14,44,0,254,-295,7.0,-115,105,39.5,-102,-109,1,0.42857142857142855,20.571428571428573,21.142857142857142,0.16666666666666666,10.5,26.0
2019,REG,8,DEN,13,IND,15,2,28,0,209,-238,6.0,-117,106,41.0,-111,-100,1,0.6666666666666666,23.833333333333332,23.0,0.2857142857142857,16.0,19.428571428571427
2019,REG,8,NYG,26,DET,31,5,57,0,232,-267,6.5,-113,102,49.0,100,-112,1,0.5,24.833333333333332,26.666666666666668,0.2857142857142857,18.857142857142858,26.714285714285715
2019,REG,8,LAC,17,CHI,16,-1,33,0,163,-182,3.5,-107,-103,41.0,-104,-107,0,0.5,18.666666666666668,17.5,0.2857142857142857,20.0,20.142857142857142
2019,REG,8,PHI,31,BUF,13,-18,44,0,111,-122,1.0,102,-113,39.5,105,-117,0,0.8333333333333334,20.166666666666668,15.166666666666666,0.42857142857142855,24.428571428571427,26.571428571428573
2019,REG,8,SEA,27,ATL,20,-7,47,0,-323,275,-7.5,106,-117,48.5,-102,-110,0,0.14285714285714285,20.714285714285715,31.857142857142858,0.7142857142857143,25.857142857142858,25.142857142857142
2019,REG,8,WAS,9,MIN,19,10,28,0,729,-1023,16.5,-104,-106,42.0,100,-112,1,0.7142857142857143,27.428571428571427,17.571428571428573,0.14285714285714285,12.857142857142858,25.142857142857142
2019,REG,9,TEN,20,CAR,30,10,50,0,160,-179,3.5,-109,-101,43.0,-104,-107,1,0.5714285714285714,25.571428571428573,26.285714285714285,0.5,18.5,16.875
2019,REG,9,SF,28,ARI,25,-3,53,0,-445,365,-10.5,100,-111,43.5,103,-115,0,0.375,21.25,27.875,1.0,29.571428571428573,11.0
2019,REG,9,HOU,26,JAX,3,-23,29,0,103,-113,1.0,-104,-106,46.0,-106,-105,0,0.5,21.625,20.375,0.625,26.5,23.5
2019,REG,9,WAS,9,BUF,24,15,33,0,368,-449,10.5,-112,102,37.0,-104,-107,1,0.7142857142857143,19.142857142857142,17.428571428571427,0.125,12.375,24.375
2019,REG,9,NYJ,18,MIA,26,8,44,0,-187,167,-3.5,-103,-107,42.5,-108,-103,1,0.0,11.0,34.0,0.14285714285714285,11.142857142857142,26.428571428571427
2019,REG,9,CHI,14,PHI,22,8,36,0,199,-226,5.0,-106,-104,41.0,-102,-109,1,0.5,25.25,24.875,0.42857142857142855,18.285714285714285,17.428571428571427
2019,REG,9,IND,24,PIT,26,2,50,0,107,-117,1.0,101,-111,39.5,-102,-109,1,0.42857142857142855,21.428571428571427,20.714285714285715,0.7142857142857143,22.571428571428573,21.571428571428573
2019,REG,9,DET,24,OAK,31,7,55,0,129,-143,2.5,104,-115,51.5,-106,-105,1,0.42857142857142855,21.571428571428573,27.428571428571427,0.5714285714285714,25.714285714285715,26.571428571428573
2019,REG,9,TB,34,SEA,40,6,74,1,185,-209,4.0,-105,-105,51.0,107,-119,1,0.75,26.0,24.5,0.2857142857142857,28.0,30.285714285714285
2019,REG,9,CLE,19,DEN,24,5,43,0,-194,173,-4.0,-102,-108,39.0,-104,-107,1,0.25,15.625,18.875,0.2857142857142857,19.0,25.857142857142858
2019,REG,9,GB,11,LAC,26,15,37,0,-208,184,-4.0,-111,100,50.0,-109,-103,1,0.375,19.625,19.625,0.875,26.875,20.375
2019,REG,9,NE,20,BAL,37,17,57,0,-150,135,-3.0,100,-110,44.5,-111,-101,1,0.7142857142857143,30.571428571428573,22.285714285714285,1.0,31.25,7.625
2019,REG,9,DAL,37,NYG,18,-19,55,0,-297,255,-6.5,-101,-109,48.5,102,-114,0,0.25,19.75,27.25,0.5714285714285714,27.142857142857142,17.714285714285715
2019,REG,9,MIN,23,KC,26,3,49,0,-225,198,-5.5,-101,-109,46.0,-100,-111,1,0.625,28.25,22.625,0.75,26.375,16.5
2019,REG,10,CAR,16,GB,24,8,40,0,200,-227,5.0,-100,-110,49.0,-107,-104,1,0.7777777777777778,25.11111111111111,21.0,0.625,26.125,25.5
2019,REG,10,BAL,49,CIN,13,-36,62,0,-435,358,-10.5,104,-114,44.0,-104,-107,0,0.0,15.5,26.25,0.75,31.375,22.0
2019,REG,10,DET,13,CHI,20,7,33,0,235,-270,6.0,101,-111,38.0,-114,103,1,0.375,17.75,18.0,0.5,25.5,27.125
2019,REG,10,LAC,24,OAK,26,2,50,0,-117,106,-1.0,-110,-100,49.0,-103,-108,1,0.5,22.75,27.0,0.4444444444444444,20.333333333333332,18.666666666666668
2019,REG,10,NYG,27,NYJ,34,7,61,0,-147,133,-3.0,104,-115,43.0,-109,-102,1,0.125,12.0,26.375,0.2222222222222222,19.555555555555557,28.333333333333332
2019,REG,10,BUF,16,CLE,19,3,35,0,136,-151,3.0,-108,-102,42.0,-113,102,1,0.25,19.0,25.625,0.75,19.75,16.375
2019,REG,10,ATL,26,NO,9,-17,35,0,503,-649,14.0,-114,103,51.5,-110,-101,0,0.875,24.375,19.5,0.125,20.625,31.25
2019,REG,10,SEA,27,SF,24,-3,51,1,233,-268,6.5,-104,-106,47.0,-104,-107,0,1.0,29.375,12.75,0.7777777777777778,27.555555555555557,25.555555555555557
2019,REG,10,MIN,28,DAL,24,-4,52,0,160,-179,3.5,-113,103,48.5,100,-112,0,0.625,28.375,17.75,0.6666666666666666,26.0,17.555555555555557
2019,REG,10,LA,12,PIT,17,5,29,0,-214,189,-4.0,-113,103,43.0,-114,103,1,0.5,22.0,21.125,0.625,26.75,21.75
2019,REG,10,MIA,16,IND,12,-4,28,0,390,-481,11.0,-109,-101,44.5,-102,-109,0,0.625,22.75,22.125,0.125,12.875,32.0
2019,REG,10,KC,32,TEN,35,3,67,0,-233,205,-5.0,-108,-102,49.0,-104,-107,1,0.4444444444444444,18.666666666666668,18.333333333333332,0.6666666666666666,28.0,22.666666666666668
2019,REG,10,ARI,27,TB,30,3,57,0,207,-235,5.5,100,-110,51.0,-113,101,1,0.25,28.75,31.5,0.3333333333333333,21.666666666666668,27.88888888888889
2019,REG,11,JAX,13,IND,33,20,46,0,121,-134,2.5,-103,-108,41.5,103,-115,1,0.5555555555555556,21.555555555555557,21.444444444444443,0.4444444444444444,19.555555555555557,21.0
2019,REG,11,DAL,35,DET,27,-8,62,0,-369,310,-7.5,102,-113,46.5,101,-112,0,0.4444444444444444,24.11111111111111,26.333333333333332,0.5555555555555556,27.88888888888889,18.88888888888889
2019,REG,11,ATL,29,CAR,3,-26,32,0,177,-199,3.5,-100,-110,49.0,-108,-103,0,0.5555555555555556,25.0,25.333333333333332,0.2222222222222222,21.22222222222222,28.77777777777778
2019,REG,11,HOU,7,BAL,41,34,48,0,192,-217,4.0,-102,-108,51.0,-105,-106,1,0.7777777777777778,33.333333333333336,21.0,0.6666666666666666,26.444444444444443,21.22222222222222
2019,REG,11,PIT,7,CLE,21,14,28,0,146,-163,3.0,101,-112,41.5,-108,-103,1,0.3333333333333333,19.0,24.555555555555557,0.5555555555555556,21.444444444444443,20.11111111111111
2019,REG,11,CHI,7,LA,17,10,24,0,204,-233,5.0,-107,-103,40.0,-109,-102,1,0.5555555555555556,25.11111111111111,21.22222222222222,0.4444444444444444,18.0,17.444444444444443
2019,REG,11,NE,17,PHI,10,-7,27,0,-210,186,-4.5,101,-112,45.0,-100,-111,0,0.5555555555555556,24.88888888888889,23.666666666666668,0.8888888888888888,30.0,10.88888888888889
2019,REG,11,CIN,10,OAK,17,7,27,0,474,-605,13.0,-108,-102,48.0,-106,-105,1,0.5555555555555556,23.11111111111111,26.666666666666668,0.0,15.222222222222221,28.77777777777778
2019,REG,11,ARI,26,SF,36,10,62,0,353,-429,10.0,-113,103,44.0,-114,103,1,0.8888888888888888,28.77777777777778,14.333333333333334,0.3,22.2,28.1
2019,REG,11,NYJ,34,WAS,17,-17,51,0,111,-122,1.0,104,-114,37.5,-103,-108,0,0.1111111111111111,12.0,24.333333333333332,0.2222222222222222,14.444444444444445,26.444444444444443
2019,REG,11,NO,34,TB,17,-17,51,0,-230,202,-5.0,-108,-102,50.5,-114,102,0,0.3333333333333333,28.88888888888889,31.0,0.7777777777777778,22.666666666666668,20.22222222222222
2019,REG,11,DEN,23,MIN,27,4,50,0,341,-412,10.0,-119,107,40.5,-100,-111,1,0.7,26.2,18.2,0.3333333333333333,16.555555555555557,18.88888888888889
2019,REG,11,BUF,37,MIA,20,-17,57,0,-307,263,-7.0,-109,-101,41.5,-106,-105,0,0.2222222222222222,13.222222222222221,29.77777777777778,0.6666666666666666,19.333333333333332,16.666666666666668
2019,REG,11,KC,24,LAC,17,-7,41,0,-243,213,-5.5,-106,-104,52.5,-106,-105,0,0.4,20.7,19.4,0.6,28.4,23.9
2019,REG,12,PIT,16,CIN,10,-6,26,0,-225,199,-5.5,-106,-104,37.5,-102,-109,0,0.0,14.7,27.6,0.5,20.0,20.2
2019,REG,12,NYG,14,CHI,19,5,33,0,220,-252,6.0,-110,-100,41.0,103,-115,1,0.4,16.9,17.4,0.2,20.3,28.9
2019,REG,12,DEN,3,BUF,20,17,23,0,170,-190,3.5,-106,-104,37.0,-115,104,1,0.7,21.1,17.0,0.3,17.2,19.7
2019,REG,12,TB,35,ATL,22,-13,57,0,163,-183,3.5,-110,-100,51.5,-111,100,0,0.3,22.0,26.2,0.3,27.7,31.3
2019,REG,12,IND,17,HOU,20,3,37,0,164,-183,3.5,-105,-105,46.0,-106,-105,1,0.6,24.5,23.2,0.6,22.7,20.6
2019,REG,12,CAR,31,NO,34,3,65,0,374,-457,10.0,-108,-102,46.0,-118,106,1,0.8,23.8,19.9,0.5,22.8,25.7
2019,REG,12,OAK,3,NYJ,34,31,37,0,-177,158,-3.5,102,-112,45.0,103,-115,1,0.3,16.4,25.5,0.6,22.5,25.0
2019,REG,12,SEA,17,PHI,9,-8,26,0,-105,-105,-1.0,102,-112,45.5,-107,-104,0,0.5,23.4,23.0,0.8,27.5,25.4
2019,REG,12,DET,16,WAS,19,3,35,0,-190,169,-4.0,-102,-109,39.0,-110,-102,1,0.1,12.5,25.3,0.4,24.4,27.2
2019,REG,12,JAX,20,TEN,42,22,62,0,198,-225,4.5,103,-114,42.0,100,-112,1,0.5,20.3,19.7,0.4,18.9,22.2
2019,REG,12,DAL,9,NE,13,4,22,0,203,-231,5.5,-108,-102,44.5,-101,-110,1,0.9,28.7,10.8,0.6,28.6,19.7
2019,REG,12,GB,8,SF,37,29,45,0,156,-175,3.0,111,-122,48.0,-102,-109,1,0.9,29.5,15.5,0.8,25.0,20.5
2019,REG,12,BAL,45,LA,6,-39,51,0,-162,145,-3.5,112,-124,47.0,103,-114,0,0.6,24.3,19.8,0.8,34.1,19.6
2019,REG,12,MIA,24,CLE,41,17,65,0,365,-446,11.0,-113,103,45.5,-106,-105,1,0.4,19.2,22.8,0.2,13.9,30.5
2019,REG,13,NYJ,6,CIN,22,16,28,0,-123,111,-2.5,102,-112,43.0,-104,-107,1,0.0,14.272727272727273,26.545454545454547,0.36363636363636365,18.0,23.454545454545453
2019,REG,13,CLE,13,PIT,20,7,33,0,-113,103,-1.0,-107,-103,40.0,-109,-102,1,0.5454545454545454,19.636363636363637,19.272727272727273,0.45454545454545453,21.181818181818183,22.90909090909091
2019,REG,13,GB,31,NYG,13,-18,44,0,-256,223,-6.5,103,-113,43.5,-107,-104,0,0.18181818181818182,19.727272727272727,28.0,0.7272727272727273,23.454545454545453,22.0
2019,REG,13,PHI,31,MIA,37,6,68,0,-469,382,-10.5,-100,-110,45.0,-109,-102,1,0.18181818181818182,14.818181818181818,31.454545454545453,0.45454545454545453,22.09090909090909,22.454545454545453
2019,REG,13,TB,28,JAX,11,-17,39,0,-155,140,-3.0,-105,-105,46.5,-105,-106,0,0.36363636363636365,19.0,24.0,0.36363636363636365,28.363636363636363,30.454545454545453
2019,REG,13,TEN,31,IND,17,-14,48,0,-109,-101,-1.0,-102,-108,41.5,-106,-105,0,0.5454545454545454,22.181818181818183,20.545454545454547,0.5454545454545454,22.272727272727273,19.727272727272727
2019,REG,13,WAS,29,CAR,21,-8,50,0,391,-482,10.5,-110,-100,38.5,-113,102,0,0.45454545454545453,23.545454545454547,26.454545454545453,0.18181818181818182,13.090909090909092,24.454545454545453
2019,REG,13,MIN,30,SEA,37,7,67,0,138,-154,2.5,112,-124,48.0,-102,-109,1,0.8181818181818182,26.545454545454547,23.90909090909091,0.7272727272727273,26.272727272727273,18.636363636363637
2019,REG,13,LAC,20,DEN,23,3,43,0,-207,183,-4.5,-103,-107,39.0,105,-117,1,0.2727272727272727,15.909090909090908,19.727272727272727,0.36363636363636365,20.363636363636363,19.818181818181817
2019,REG,13,OAK,9,KC,40,31,49,0,369,-451,11.5,-116,106,49.5,-103,-108,1,0.6363636363636364,28.0,23.272727272727273,0.5454545454545454,20.727272727272727,25.818181818181817
2019,REG,13,LA,34,ARI,7,-27,41,0,-139,125,-2.5,-110,-100,47.0,-114,103,0,0.2727272727272727,22.545454545454547,28.818181818181817,0.5454545454545454,22.636363636363637,22.09090909090909
2019,REG,13,NE,22,HOU,28,6,50,0,-172,154,-3.5,106,-117,47.0,-104,-107,1,0.6363636363636364,24.09090909090909,22.636363636363637,0.9090909090909091,27.272727272727273,10.636363636363637
2019,REG,13,SF,17,BAL,20,3,37,0,212,-242,5.5,-100,-110,45.0,-103,-108,1,0.8181818181818182,35.09090909090909,18.363636363636363,0.9090909090909091,30.181818181818183,14.818181818181818
2019,REG,13,NO,26,ATL,18,-8,44,0,-319,272,-7.0,-106,-104,48.0,-103,-108,0,0.2727272727272727,22.0,27.0,0.8181818181818182,24.727272727272727,20.90909090909091
2019,REG,13,BUF,26,DAL,15,-11,41,0,256,-298,6.5,104,-115,46.5,-109,-102,0,0.5454545454545454,26.818181818181817,19.09090909090909,0.7272727272727273,21.0,15.727272727272727
2019,REG,13,CHI,24,DET,20,-4,44,0,-230,203,-5.5,-104,-106,37.5,-103,-108,0,0.36363636363636365,23.636363636363637,26.454545454545453,0.45454545454545453,17.09090909090909,17.09090909090909
2019,REG,14,LAC,45,JAX,10,-35,55,0,-179,160,-3.5,-101,-110,42.0,-105,-106,0,0.3333333333333333,18.333333333333332,24.333333333333332,0.3333333333333333,20.333333333333332,20.083333333333332
2019,REG,14,NYG,17,PHI,23,6,40,1,341,-411,9.5,-106,-104,45.5,-101,-110,1,0.4166666666666667,22.833333333333332,23.666666666666668,0.16666666666666666,19.166666666666668,28.25
2019,REG,14,SEA,12,LA,28,16,40,0,109,-120,1.0,102,-112,47.5,-105,-106,1,0.5833333333333334,23.583333333333332,20.833333333333332,0.8333333333333334,27.416666666666668,24.416666666666668
2019,REG,14,TEN,42,OAK,21,-21,63,0,-152,137,-3.0,100,-111,47.0,-106,-105,0,0.5,19.75,27.0,0.5833333333333334,23.0,19.5
2019,REG,14,KC,23,NE,16,-7,39,0,135,-150,3.0,-107,-103,49.5,103,-115,0,0.8333333333333334,26.833333333333332,12.083333333333334,0.6666666666666666,29.0,22.083333333333332
2019,REG,14,DAL,24,CHI,31,7,55,0,-167,150,-3.0,-109,-101,43.0,-103,-108,1,0.5,17.666666666666668,17.333333333333332,0.5,25.833333333333332,19.666666666666668
2019,REG,14,CAR,20,ATL,40,20,60,0,161,-180,3.5,-110,100,48.0,-107,-104,1,0.25,21.666666666666668,26.916666666666668,0.4166666666666667,23.333333333333332,26.666666666666668
2019,REG,14,BAL,24,BUF,17,-7,41,0,-264,230,-6.5,100,-110,44.0,-104,-107,0,0.75,21.416666666666668,15.666666666666666,0.8333333333333334,33.833333333333336,18.25
2019,REG,14,CIN,19,CLE,27,8,46,0,234,-269,6.5,-112,101,43.0,-118,106,1,0.4166666666666667,20.5,22.666666666666668,0.08333333333333333,14.916666666666666,24.833333333333332
2019,REG,14,WAS,15,GB,20,5,35,0,568,-752,13.0,-106,-104,42.5,-102,-110,1,0.75,24.083333333333332,21.25,0.25,14.416666666666666,24.166666666666668
2019,REG,14,DEN,38,HOU,24,-14,62,0,325,-389,8.0,-103,-107,42.5,-105,-106,0,0.6666666666666666,24.416666666666668,22.583333333333332,0.3333333333333333,16.5,19.75
2019,REG,14,DET,7,MIN,20,13,27,0,463,-587,12.0,-117,106,43.5,-113,102,1,0.6666666666666666,26.583333333333332,20.166666666666668,0.3333333333333333,23.333333333333332,26.25
2019,REG,14,SF,48,NO,46,-2,94,0,105,-116,1.0,-101,-109,45.0,-107,-104,0,0.8333333333333334,24.833333333333332,20.666666666666668,0.8333333333333334,29.083333333333332,15.25
2019,REG,14,MIA,21,NYJ,22,1,43,0,189,-213,5.0,-110,100,47.0,-102,-109,1,0.3333333333333333,17.0,23.333333333333332,0.25,16.666666666666668,31.416666666666668
2019,REG,14,IND,35,TB,38,3,73,0,149,-166,3.0,101,-111,46.5,-105,-106,1,0.4166666666666667,28.333333333333332,28.833333333333332,0.5,21.75,21.416666666666668
2019,REG,14,PIT,23,ARI,17,-6,40,0,-130,117,-2.5,-100,-110,43.5,101,-113,0,0.25,21.25,29.25,0.5833333333333334,19.666666666666668,18.75
2019,REG,15,JAX,20,OAK,16,-4,36,0,255,-297,7.0,-114,103,47.0,-102,-109,0,0.46153846153846156,19.846153846153847,28.153846153846153,0.3076923076923077,17.692307692307693,25.923076923076923
2019,REG,15,LA,21,DAL,44,23,65,0,-115,104,-1.0,-108,-102,48.5,102,-114,1,0.46153846153846156,25.692307692307693,20.53846153846154,0.6153846153846154,23.923076923076923,20.153846153846153
2019,REG,15,NYJ,21,BAL,42,21,63,0,775,-1105,17.0,-105,-105,44.0,-100,-111,1,0.8461538461538461,33.07692307692308,18.153846153846153,0.38461538461538464,17.384615384615383,23.153846153846153
2019,REG,15,SEA,30,CAR,24,-6,54,0,-250,218,-6.0,-104,-106,48.5,-105,-106,0,0.38461538461538464,23.076923076923077,27.692307692307693,0.7692307692307693,26.23076923076923,24.692307692307693
2019,REG,15,NE,34,CIN,13,-21,47,0,-468,381,-10.5,-101,-110,42.0,-112,101,0,0.07692307692307693,15.23076923076923,25.0,0.7692307692307693,26.0,12.923076923076923
2019,REG,15,CHI,13,GB,21,8,34,0,192,-218,4.0,107,-118,40.0,-109,-102,1,0.7692307692307693,23.76923076923077,20.76923076923077,0.5384615384615384,18.692307692307693,17.846153846153847
2019,REG,15,DEN,3,KC,23,20,26,0,352,-426,10.0,-125,113,43.0,-107,-104,1,0.6923076923076923,28.53846153846154,21.615384615384617,0.38461538461538464,18.153846153846153,20.076923076923077
2019,REG,15,MIA,20,NYG,36,16,56,0,165,-185,3.5,-108,-102,47.0,-102,-109,1,0.15384615384615385,19.0,27.846153846153847,0.23076923076923078,17.0,30.692307692307693
2019,REG,15,HOU,24,TEN,21,-3,45,0,148,-165,3.0,103,-113,50.0,-107,-104,0,0.6153846153846154,24.46153846153846,19.615384615384617,0.6153846153846154,24.384615384615383,23.76923076923077
2019,REG,15,PHI,37,WAS,27,-10,64,0,-286,247,-7.0,105,-116,38.0,-111,-100,0,0.23076923076923078,14.461538461538462,23.846153846153847,0.46153846153846156,22.846153846153847,23.153846153846153
2019,REG,15,CLE,24,ARI,38,14,62,0,-156,140,-3.0,-107,-103,49.0,102,-113,1,0.23076923076923078,20.923076923076923,28.76923076923077,0.46153846153846156,21.0,22.384615384615383
2019,REG,15,TB,38,DET,17,-21,55,0,-239,210,-5.5,-111,101,46.0,-100,-111,0,0.3076923076923077,22.076923076923077,25.76923076923077,0.46153846153846156,29.076923076923077,29.307692307692307
2019,REG,15,MIN,39,LAC,10,-29,49,0,-118,107,-1.0,-111,101,45.0,-102,-109,0,0.38461538461538464,22.23076923076923,19.307692307692307,0.6923076923076923,26.076923076923077,19.153846153846153
2019,REG,15,ATL,29,SF,22,-7,51,0,376,-460,10.5,-117,106,50.0,-103,-108,0,0.8461538461538461,30.53846153846154,17.615384615384617,0.3076923076923077,23.076923076923077,26.384615384615383
2019,REG,15,BUF,17,PIT,10,-7,27,0,101,-112,1.0,-105,-105,37.0,-105,-106,0,0.6153846153846154,19.923076923076923,18.615384615384617,0.6923076923076923,21.076923076923077,16.307692307692307
2019,REG,15,IND,7,NO,34,27,41,0,315,-376,8.0,-106,-104,48.5,-112,101,1,0.7692307692307693,26.46153846153846,22.76923076923077,0.46153846153846156,22.76923076923077,22.692307692307693
2019,REG,16,KC,26,CHI,3,-23,29,0,-295,254,-6.5,-109,-101,45.5,-115,103,0,0.5,18.285714285714285,18.071428571428573,0.7142857142857143,28.142857142857142,20.285714285714285
2019,REG,16,LA,31,SF,34,3,65,0,274,-320,7.0,100,-110,45.5,-110,-101,1,0.7857142857142857,29.928571428571427,18.428571428571427,0.5714285714285714,23.714285714285715,21.857142857142858
2019,REG,16,JAX,12,ATL,24,12,36,0,268,-313,7.5,-114,103,48.0,-102,-110,1,0.35714285714285715,23.5,26.071428571428573,0.35714285714285715,17.857142857142858,25.214285714285715
2019,REG,16,BAL,31,CLE,15,-16,46,0,-370,311,-9.5,-104,-106,48.5,-106,-105,0,0.42857142857142855,21.214285714285715,23.5,0.8571428571428571,33.714285714285715,18.357142857142858
2019,REG,16,CAR,6,IND,38,32,44,0,264,-308,7.5,-122,110,46.0,-105,-106,1,0.42857142857142855,21.642857142857142,23.5,0.35714285714285715,23.142857142857142,27.857142857142858
2019,REG,16,CIN,35,MIA,38,3,73,1,-118,107,-1.5,-106,-104,46.0,-101,-110,1,0.21428571428571427,17.214285714285715,31.071428571428573,0.07142857142857142,15.071428571428571,25.642857142857142
2019,REG,16,PIT,10,NYJ,16,6,26,0,-171,153,-3.0,-116,105,36.5,-111,-101,1,0.35714285714285715,17.642857142857142,24.5,0.5714285714285714,19.214285714285715,18.5
2019,REG,16,NO,38,TEN,28,-10,66,0,-178,159,-3.5,103,-113,49.0,-101,-111,0,0.5714285714285714,24.214285714285715,19.928571428571427,0.7857142857142857,27.0,21.642857142857142
2019,REG,16,NYG,41,WAS,35,-6,76,1,-112,102,-1.0,-106,-104,42.0,-113,101,0,0.21428571428571427,15.357142857142858,24.785714285714285,0.21428571428571427,20.214285714285715,27.285714285714285
2019,REG,16,DET,17,DEN,27,10,44,0,333,-400,9.5,102,-112,40.0,-107,-104,1,0.35714285714285715,17.071428571428573,20.285714285714285,0.2857142857142857,21.714285714285715,26.642857142857142
2019,REG,16,OAK,24,LAC,17,-7,41,0,274,-321,7.5,-113,103,45.0,-108,-103,0,0.35714285714285715,21.357142857142858,20.714285714285715,0.42857142857142855,19.571428571428573,27.571428571428573
2019,REG,16,DAL,9,PHI,17,8,26,0,-120,109,-2.0,101,-112,47.0,-104,-107,1,0.5,23.857142857142858,23.428571428571427,0.5,27.0,20.571428571428573
2019,REG,16,ARI,27,SEA,13,-14,40,0,322,-385,8.0,-111,101,51.0,-106,-105,0,0.7857142857142857,26.5,24.642857142857142,0.2857142857142857,22.142857142857142,28.428571428571427
2019,REG,16,BUF,17,NE,24,7,41,0,250,-289,7.0,-111,101,39.5,-101,-110,1,0.7857142857142857,26.571428571428573,12.928571428571429,0.7142857142857143,20.785714285714285,15.857142857142858
2019,REG,16,HOU,23,TB,20,-3,43,0,-150,135,-3.0,102,-112,50.0,-108,-103,0,0.5,29.714285714285715,28.428571428571427,0.6428571428571429,24.357142857142858,23.571428571428573
2019,REG,16,GB,23,MIN,10,-13,33,0,179,-202,4.0,-102,-108,47.0,-110,-101,0,0.7142857142857143,27.0,18.5,0.7857142857142857,23.571428571428573,20.214285714285715
2019,REG,17,CLE,23,CIN,33,10,56,0,-137,124,-2.5,-107,-103,44.0,-108,-103,1,0.06666666666666667,16.4,26.466666666666665,0.4,20.8,24.0
2019,REG,17,PHI,34,NYG,17,-17,51,0,-198,176,-4.0,-102,-108,44.0,-110,-101,0,0.26666666666666666,21.6,27.8,0.5333333333333333,23.4,22.466666666666665
2019,REG,17,ARI,24,LA,31,7,55,0,235,-271,7.0,-118,107,46.0,-104,-107,1,0.5333333333333333,24.2,22.666666666666668,0.3333333333333333,22.466666666666665,27.4
2019,REG,17,IND,20,JAX,38,18,58,0,-232,204,-5.0,-109,-101,41.5,-107,-104,1,0.3333333333333333,17.466666666666665,25.133333333333333,0.4666666666666667,22.733333333333334,22.333333333333332
2019,REG,17,TEN,35,HOU,14,-21,49,0,-366,308,-10.0,106,-117,43.0,-104,-107,0,0.6666666666666666,24.266666666666666,23.333333333333332,0.5333333333333333,24.466666666666665,21.133333333333333
2019,REG,17,OAK,15,DEN,16,1,31,0,195,-221,5.5,-110,-101,41.5,-106,-105,1,0.4,17.733333333333334,20.066666666666666,0.4666666666666667,19.866666666666667,26.866666666666667
2019,REG,17,WAS,16,DAL,47,31,63,0,485,-621,13.0,-105,-105,47.5,-105,-106,1,0.4666666666666667,25.8,20.333333333333332,0.2,16.666666666666668,25.866666666666667
2019,REG,17,PIT,10,BAL,28,18,38,0,-135,122,-2.0,-113,102,35.0,-107,-104,1,0.8666666666666667,33.53333333333333,18.133333333333333,0.5333333333333333,18.6,18.333333333333332
2019,REG,17,ATL,28,TB,22,-6,50,1,109,-120,1.0,101,-111,48.0,-107,-104,0,0.4666666666666667,29.066666666666666,28.066666666666666,0.4,23.533333333333335,25.133333333333333
2019,REG,17,MIA,27,NE,24,-3,51,0,781,-1117,17.5,-109,-102,46.0,-104,-107,0,0.8,26.4,13.2,0.26666666666666666,18.6,31.333333333333332
2019,REG,17,CHI,21,MIN,19,-2,40,0,-230,203,-5.5,-110,-100,36.5,-101,-110,0,0.6666666666666666,25.866666666666667,18.8,0.4666666666666667,17.266666666666666,18.6
2019,REG,17,LAC,21,KC,31,10,52,0,325,-389,10.0,-110,-100,46.0,-103,-108,1,0.7333333333333333,28.0,19.133333333333333,0.3333333333333333,21.066666666666666,20.933333333333334
2019,REG,17,GB,23,DET,20,-3,43,0,-656,508,-13.5,103,-114,44.0,-110,-101,0,0.26666666666666666,21.4,26.666666666666668,0.8,23.533333333333335,19.533333333333335
2019,REG,17,SF,26,SEA,21,-5,47,0,-177,159,-3.5,101,-112,47.0,-102,-109,0,0.7333333333333333,25.6,24.8,0.8,30.2,19.266666666666666
2019,REG,17,NO,42,CAR,10,-32,52,0,-660,510,-13.5,-106,-104,45.0,-108,-103,0,0.3333333333333333,22.0,28.533333333333335,0.8,27.733333333333334,22.066666666666666
2019,REG,17,NYJ,13,BUF,6,-7,19,0,-124,112,-1.5,-110,-100,37.0,-105,-106,0,0.6666666666666666,20.533333333333335,16.4,0.4,17.533333333333335,23.533333333333335
2020,REG,1,PIT,26,NYG,16,-10,42,0,-253,221,-6.0,-105,-105,44.0,-105,-106,0,,,,,,
2020,REG,1,DAL,17,LA,20,3,37,0,103,-114,1.0,-103,-107,52.0,-111,-100,1,,,,,,
2020,REG,1,ARI,24,SF,20,-4,44,0,242,-280,7.0,-123,111,48.5,106,-118,0,,,,,,
2020,REG,1,TB,23,NO,34,11,57,0,174,-196,4.0,102,-113,48.5,-112,101,1,,,,,,
2020,REG,1,LAC,16,CIN,13,-3,29,0,-129,117,-2.5,-100,-110,41.5,-114,102,0,,,,,,
2020,REG,1,PHI,17,WAS,27,10,44,0,-227,200,-5.5,-106,-104,41.5,-111,-100,1,,,,,,
2020,REG,1,MIA,11,NE,21,10,32,0,278,-327,7.5,-112,102,41.5,-110,-101,1,,,,,,
2020,REG,1,GB,43,MIN,34,-9,77,0,103,-114,1.0,-103,-107,45.0,-110,-102,0,,,,,,
2020,REG,1,IND,20,JAX,27,7,47,0,-309,265,-7.0,-108,-102,44.0,-103,-108,1,,,,,,
2020,REG,1,CHI,27,DET,23,-4,50,0,116,-128,2.5,-108,-102,42.5,-108,-103,0,,,,,,
2020,REG,1,LV,34,CAR,30,-4,64,0,-124,134,-3.0,-112,-113,48.0,-101,-110,0,,,,,,
2020,REG,1,NYJ,17,BUF,27,10,44,0,242,-279,6.5,-110,100,39.5,-114,102,1,,,,,,
2020,REG,1,CLE,6,BAL,38,32,44,0,260,-302,7.0,-107,-103,47.0,100,-112,1,,,,,,
2020,REG,1,SEA,38,ATL,25,-13,63,0,102,-112,1.0,-105,-105,49.5,-108,-103,0,,,,,,
2020,REG,1,HOU,20,KC,34,14,54,0,349,-423,9.5,-105,-105,53.5,-109,-102,1,,,,,,
2020,REG,1,TEN,16,DEN,14,-2,30,0,-175,157,-3.0,-121,109,41.0,100,-112,0,,,,,,
2020,REG,2,DEN,21,PIT,26,5,47,0,232,-267,6.0,-100,-110,41.0,-114,102,1,1.0,26.0,16.0,0.0,14.0,16.0
2020,REG,2,BAL,33,HOU,16,-17,49,0,-344,292,-7.5,-102,-108,49.5,-118,106,0,0.0,20.0,34.0,1.0,38.0,6.0
2020,REG,2,WAS,15,ARI,30,15,45,0,268,-313,7.5,-120,109,46.5,-110,-101,1,1.0,24.0,20.0,1.0,27.0,17.0
2020,REG,2,JAX,30,TEN,33,3,63,0,254,-295,7.0,-116,105,44.5,-103,-108,1,1.0,16.0,14.0,1.0,27.0,20.0
2020,REG,2,CAR,17,TB,31,14,48,0,290,-342,7.5,-106,-104,47.0,-108,-103,1,0.0,23.0,34.0,0.0,30.0,34.0
2020,REG,2,LA,37,PHI,19,-18,56,0,111,-123,2.0,-107,-103,46.0,-105,-106,0,0.0,17.0,27.0,1.0,20.0,17.0
2020,REG,2,SF,31,NYJ,13,-18,44,0,-301,259,-7.0,101,-111,41.5,-108,-103,0,0.0,17.0,27.0,0.0,20.0,24.0
2020,REG,2,BUF,31,MIA,28,-3,59,0,-244,214,-5.5,-109,-101,42.5,-102,-109,0,0.0,11.0,21.0,1.0,27.0,17.0
2020,REG,2,MIN,11,IND,28,17,39,0,158,-176,3.5,-111,101,49.0,-107,-104,1,0.0,20.0,27.0,0.0,34.0,43.0
2020,REG,2,DET,21,GB,42,21,63,0,245,-284,7.0,-113,102,51.0,-101,-110,1,1.0,43.0,34.0,0.0,23.0,27.0
2020,REG,2,ATL,39,DAL,40,1,79,0,131,-145,3.0,-119,108,53.0,-102,-109,1,0.0,17.0,20.0,0.0,25.0,38.0
2020,REG,2,NYG,13,CHI,17,4,30,0,196,-222,4.5,-105,-105,42.5,-103,-108,1,1.0,27.0,23.0,0.0,16.0,26.0
2020,REG,2,CIN,30,CLE,35,5,65,0,213,-243,6.0,-111,100,44.5,101,-113,1,0.0,6.0,38.0,0.0,13.0,16.0
2020,REG,2,NE,30,SEA,35,5,65,0,177,-199,4.0,-102,-108,45.0,-113,101,1,1.0,38.0,25.0,1.0,21.0,11.0
2020,REG,2,NO,24,LV,34,10,58,0,-201,180,-4.0,-102,-107,47.5,-109,-102,1,1.0,34.0,30.0,1.0,34.0,23.0
2020,REG,2,KC,23,LAC,20,-3,43,1,-370,311,-8.5,-104,-106,47.0,-110,-102,0,1.0,16.0,13.0,1.0,34.0,20.0
2020,REG,3,GB,37,NO,30,-7,67,0,154,-172,3.5,-112,102,52.0,-108,-103,0,0.5,29.0,28.5,1.0,42.5,27.5
2020,REG,3,MIA,31,JAX,13,-18,44,0,124,-138,3.0,-126,114,49.0,-105,-106,0,0.5,28.5,26.5,0.0,19.5,26.0
2020,REG,3,CHI,30,ATL,26,-4,56,0,122,-135,2.5,101,-111,46.0,-102,-109,0,0.0,32.0,39.0,1.0,22.0,18.0
2020,REG,3,LA,32,BUF,35,3,67,0,114,-126,1.5,-100,-110,46.5,-112,100,1,1.0,29.0,22.5,1.0,28.5,18.0
2020,REG,3,WAS,20,CLE,34,14,54,0,282,-331,7.5,-115,104,45.0,-101,-110,1,0.5,20.5,34.0,0.5,21.0,23.5
2020,REG,3,TEN,31,MIN,30,-1,61,0,-155,139,-3.0,-101,-109,49.5,-116,104,0,0.0,22.5,35.5,1.0,24.5,22.0
2020,REG,3,LV,20,NE,36,16,56,0,266,-311,7.0,-105,-105,47.0,-102,-110,1,0.5,25.5,23.0,1.0,34.0,27.0
2020,REG,3,SF,36,NYG,9,-27,45,0,-149,134,-3.0,-101,-109,44.0,-111,-100,0,0.0,14.5,21.5,0.5,25.5,18.5
2020,REG,3,CIN,23,PHI,23,0,46,1,205,-233,5.5,-105,-105,46.5,100,-112,0,0.0,18.0,32.0,0.0,21.5,25.5
2020,REG,3,HOU,21,PIT,28,7,49,0,174,-196,4.0,-110,-100,46.5,-109,-102,1,1.0,26.0,18.5,0.0,18.0,33.5
2020,REG,3,NYJ,7,IND,36,29,43,0,491,-630,12.5,-109,-101,44.0,-113,101,1,0.5,24.0,19.0,0.0,15.0,29.0
2020,REG,3,CAR,21,LAC,16,-5,37,0,230,-265,6.0,-107,-103,43.5,100,-111,0,0.5,18.0,18.0,0.0,23.5,32.5
2020,REG,3,DET,26,ARI,23,-3,49,0,193,-218,4.5,-105,-105,55.5,-113,101,0,1.0,27.0,17.5,0.0,22.0,34.5
2020,REG,3,TB,28,DEN,10,-18,38,0,-264,230,-6.0,-105,-105,42.5,-103,-108,0,0.0,17.5,21.0,0.5,27.0,25.5
2020,REG,3,DAL,31,SEA,38,7,69,0,208,-237,5.5,-104,-106,58.0,-116,104,1,1.0,36.5,27.5,0.5,28.5,29.5
2020,REG,3,KC,34,BAL,20,-14,54,0,156,-174,3.5,-112,102,55.0,-115,104,0,1.0,35.5,11.0,1.0,28.5,20.0
2020,REG,4,NE,10,KC,26,16,36,0,257,-299,7.0,-114,103,52.5,-106,-105,1,1.0,30.333333333333332,20.0,0.6666666666666666,29.0,22.0
2020,REG,4,DEN,37,NYJ,28,-9,65,0,104,-114,1.0,-102,-108,41.0,-101,-110,0,0.0,12.333333333333334,31.333333333333332,0.0,15.0,23.333333333333332
2020,REG,4,ATL,16,GB,30,14,46,0,195,-221,5.0,-110,-100,56.5,-112,100,1,1.0,40.666666666666664,28.333333333333332,0.0,30.0,36.0
2020,REG,4,PHI,25,SF,20,-5,45,0,273,-320,8.5,-116,105,45.5,-108,-103,0,0.6666666666666666,29.0,15.333333333333334,0.0,19.666666666666668,29.0
2020,REG,4,BUF,30,LV,23,-7,53,0,-172,154,-3.0,-115,104,53.0,-108,-103,0,0.6666666666666666,29.333333333333332,30.0,1.0,31.0,25.666666666666668
2020,REG,4,IND,19,CHI,11,-8,30,0,-174,156,-3.5,102,-112,43.5,-110,-101,0,1.0,24.666666666666668,20.666666666666668,0.6666666666666666,28.0,15.0
2020,REG,4,NYG,9,LA,17,8,26,0,652,-890,13.5,-103,-107,49.5,101,-112,1,0.6666666666666666,29.666666666666668,23.666666666666668,0.0,12.666666666666666,26.333333333333332
2020,REG,4,BAL,31,WAS,17,-14,48,0,-958,692,-14.5,104,-115,45.0,-113,102,0,0.3333333333333333,20.666666666666668,27.0,0.6666666666666666,30.333333333333332,18.666666666666668
2020,REG,4,LAC,31,TB,38,7,69,0,282,-331,7.5,-114,103,42.5,-111,-100,1,0.6666666666666666,27.333333333333332,20.333333333333332,0.3333333333333333,17.333333333333332,19.0
2020,REG,4,SEA,31,MIA,23,-8,54,0,-223,196,-4.5,-106,-104,55.0,-113,101,0,0.3333333333333333,23.333333333333332,21.666666666666668,1.0,37.0,28.666666666666668
2020,REG,4,MIN,31,HOU,23,-8,54,0,154,-172,3.5,-114,104,52.5,100,-112,0,0.0,19.0,31.666666666666668,0.0,25.0,34.0
2020,REG,4,NO,35,DET,29,-6,64,0,-155,139,-3.0,-103,-107,51.5,-102,-109,0,0.3333333333333333,23.333333333333332,30.666666666666668,0.3333333333333333,29.333333333333332,31.333333333333332
2020,REG,4,CLE,49,DAL,38,-11,87,0,157,-175,3.5,-111,101,56.5,-112,101,0,0.3333333333333333,29.333333333333332,32.333333333333336,0.6666666666666666,25.0,29.333333333333332
2020,REG,4,JAX,25,CIN,33,8,58,0,101,-112,1.0,-106,-104,50.0,-106,-105,1,0.3333333333333333,22.0,24.666666666666668,0.3333333333333333,23.333333333333332,28.0
2020,REG,4,ARI,21,CAR,31,10,52,0,-157,141,-3.0,-105,-105,52.5,-116,104,1,0.3333333333333333,22.666666666666668,27.0,0.6666666666666666,25.666666666666668,20.333333333333332
2020,REG,5,BUF,16,TEN,42,26,58,0,-168,150,-3.0,-108,-102,52.0,-106,-105,1,1.0,26.666666666666668,24.666666666666668,1.0,30.75,25.0
2020,REG,5,MIA,43,SF,17,-26,60,0,301,-357,8.5,-119,108,50.5,-110,-101,0,0.5,26.75,17.75,0.25,23.25,24.0
2020,REG,5,TB,19,CHI,20,1,39,0,-184,164,-3.5,-102,-108,44.0,-109,-102,1,0.75,21.25,20.25,0.75,30.0,23.0
2020,REG,5,CAR,23,ATL,16,-7,39,0,125,-139,2.5,-101,-109,53.5,-107,-104,0,0.0,26.5,34.5,0.5,24.75,25.5
2020,REG,5,CIN,3,BAL,27,24,30,0,547,-718,12.5,-105,-105,49.0,-103,-108,1,0.75,30.5,18.25,0.5,24.75,24.75
2020,REG,5,JAX,14,HOU,30,16,44,0,243,-281,6.5,100,-110,55.0,-108,-103,1,0.0,20.0,31.5,0.25,23.75,29.25
2020,REG,5,LV,40,KC,32,-8,72,0,387,-476,11.0,-114,104,54.5,-102,-109,0,1.0,29.25,17.5,0.5,27.75,30.0
2020,REG,5,ARI,30,NYJ,10,-20,40,0,-295,254,-7.0,106,-117,48.5,-112,100,0,0.0,16.25,32.75,0.5,24.5,23.0
2020,REG,5,PHI,29,PIT,38,9,67,0,312,-372,7.5,-103,-107,44.0,-107,-104,1,1.0,26.666666666666668,19.333333333333332,0.25,21.0,26.75
2020,REG,5,LA,30,WAS,10,-20,40,0,-305,262,-7.0,-101,-109,45.0,-108,-103,0,0.25,19.75,28.0,0.75,26.5,20.0
2020,REG,5,IND,23,CLE,32,9,55,0,-101,-110,1.0,-107,-103,48.5,-112,101,1,0.75,31.0,31.5,0.75,25.75,14.0
2020,REG,5,NYG,34,DAL,37,3,71,0,293,-347,7.5,-114,103,52.0,-107,-104,1,0.25,31.5,36.5,0.0,11.75,24.0
2020,REG,5,MIN,26,SEA,27,1,53,0,245,-284,6.5,-105,-105,54.0,-112,100,1,1.0,35.5,27.25,0.25,26.5,31.25
2020,REG,5,LAC,27,NO,30,3,57,1,288,-339,7.0,-106,-104,49.5,-118,106,1,0.5,30.75,30.75,0.25,20.75,23.75
2020,REG,6,DET,34,JAX,16,-18,50,0,-154,139,-3.0,-105,-105,52.5,100,-112,0,0.2,21.8,29.4,0.25,24.75,31.75
2020,REG,6,CHI,23,CAR,16,-7,39,0,112,-124,2.0,-107,-103,45.0,-100,-111,0,0.6,24.4,23.6,0.8,21.0,20.0
2020,REG,6,ARI,38,DAL,10,-28,48,0,103,-114,1.0,-104,-106,55.5,102,-114,0,0.4,32.6,36.0,0.6,25.6,20.4
2020,REG,6,CIN,27,IND,31,4,58,0,288,-340,7.5,-108,-102,46.0,-105,-106,1,0.6,25.2,17.6,0.4,20.4,25.2
2020,REG,6,ATL,40,MIN,23,-17,63,0,167,-188,3.5,-102,-108,53.0,103,-115,0,0.2,26.4,30.4,0.0,24.4,32.2
2020,REG,6,DEN,18,NE,12,-6,30,0,280,-328,7.0,-103,-107,43.5,101,-113,0,0.5,24.25,23.0,0.25,20.5,24.5
2020,REG,6,WAS,19,NYG,20,1,39,0,116,-128,2.0,-103,-107,42.5,-114,103,1,0.0,16.2,26.6,0.2,17.8,28.4
2020,REG,6,BAL,30,PHI,28,-2,58,0,-422,348,-10.5,108,-119,46.5,-104,-107,0,0.2,22.6,29.0,0.8,29.8,15.2
2020,REG,6,CLE,7,PIT,38,31,45,0,143,-159,3.0,-102,-108,50.0,-106,-105,1,1.0,29.5,21.75,0.8,31.2,29.8
2020,REG,6,HOU,36,TEN,42,6,78,1,169,-190,4.0,-110,100,52.0,-116,104,1,1.0,30.5,22.5,0.2,22.0,28.0
2020,REG,6,NYJ,0,MIA,24,24,24,0,340,-410,9.5,103,-113,46.0,104,-116,1,0.4,27.2,22.6,0.0,15.0,32.2
2020,REG,6,GB,10,TB,38,28,48,0,-145,131,-3.0,109,-121,55.0,-114,102,1,0.6,27.8,22.4,1.0,38.0,25.25
2020,REG,6,LA,16,SF,24,8,40,0,-124,112,-2.0,-103,-107,51.0,-102,-110,1,0.4,24.8,22.8,0.8,27.2,18.0
2020,REG,6,KC,26,BUF,17,-9,43,0,-230,203,-5.5,-104,-106,55.0,-109,-102,0,0.8,27.8,28.4,0.8,29.8,22.0
2020,REG,7,NYG,21,PHI,22,1,43,0,197,-223,5.0,-109,-101,44.5,-107,-104,1,0.16666666666666666,23.5,29.166666666666668,0.16666666666666666,16.833333333333332,25.333333333333332
2020,REG,7,JAX,29,LAC,39,10,68,0,325,-389,8.0,-108,-102,48.0,-113,102,1,0.2,22.0,25.0,0.16666666666666666,20.833333333333332,30.166666666666668
2020,REG,7,CLE,37,CIN,34,-3,71,0,-201,179,-4.5,103,-114,50.0,-114,102,0,0.3333333333333333,21.5,26.166666666666668,0.6666666666666666,27.166666666666668,31.166666666666668
2020,REG,7,GB,35,HOU,20,-15,55,0,-140,127,-2.5,-113,102,55.5,-110,-101,0,0.16666666666666666,24.333333333333332,30.333333333333332,0.8,32.4,27.8
2020,REG,7,CAR,24,NO,27,3,51,0,271,-317,7.0,-107,-103,49.5,-110,-101,1,0.6,30.6,30.0,0.5,23.0,23.5
2020,REG,7,BUF,18,NYJ,10,-8,28,0,-391,327,-9.5,101,-111,47.0,-115,103,0,0.0,12.5,30.833333333333332,0.6666666666666666,26.0,28.0
2020,REG,7,PIT,27,TEN,24,-3,51,0,103,-114,1.0,-102,-108,51.0,-111,-100,0,1.0,32.8,25.2,1.0,31.2,18.8
2020,REG,7,DAL,3,WAS,25,22,28,0,-110,100,-1.0,-103,-107,44.5,-104,-107,1,0.16666666666666666,18.0,27.0,0.3333333333333333,28.833333333333332,36.333333333333336
2020,REG,7,TB,45,LV,20,-25,65,0,-192,171,-3.5,-108,-102,51.5,-106,-105,0,0.6,30.2,30.4,0.6666666666666666,29.5,20.333333333333332
2020,REG,7,KC,43,DEN,16,-27,59,0,-302,260,-7.0,103,-113,46.0,-111,-100,0,0.4,20.0,22.0,0.8333333333333334,29.166666666666668,21.166666666666668
2020,REG,7,SF,33,NE,6,-27,39,0,150,-167,3.0,102,-113,44.0,-113,101,0,0.4,21.8,22.0,0.5,24.666666666666668,21.666666666666668
2020,REG,7,SEA,34,ARI,37,3,71,1,-186,166,-3.5,-102,-108,55.5,-108,-103,1,0.6666666666666666,27.666666666666668,18.666666666666668,1.0,33.8,27.0
2020,REG,7,CHI,10,LA,24,14,34,0,251,-291,6.5,101,-112,44.0,-109,-102,1,0.6666666666666666,25.333333333333332,19.0,0.8333333333333334,21.333333333333332,19.333333333333332
2020,REG,7,DET,23,ATL,22,-1,45,0,102,-113,1.0,-106,-104,54.0,-105,-106,0,0.16666666666666666,27.0,30.666666666666668,0.4,26.6,28.6
2020,REG,8,PIT,28,BAL,24,-4,52,0,178,-200,4.0,-109,-102,44.0,-108,-103,0,0.8333333333333334,29.833333333333332,17.333333333333332,1.0,30.5,19.666666666666668
2020,REG,8,TB,25,NYG,23,-2,48,0,-598,470,-13.0,105,-115,47.0,-115,103,0,0.14285714285714285,17.428571428571427,24.857142857142858,0.7142857142857143,31.714285714285715,20.285714285714285
2020,REG,8,DAL,9,PHI,23,14,32,0,335,-403,10.0,-100,-110,43.0,-105,-106,1,0.2857142857142857,23.285714285714285,28.0,0.2857142857142857,25.142857142857142,34.714285714285715
2020,REG,8,SF,27,SEA,37,10,64,0,-100,-110,1.0,-108,-102,54.5,-103,-108,1,0.8333333333333334,33.833333333333336,28.666666666666668,0.5714285714285714,25.857142857142858,19.428571428571427
2020,REG,8,NO,26,CHI,23,-3,49,1,-229,202,-5.5,100,-110,41.0,-109,-102,0,0.7142857142857143,19.714285714285715,20.0,0.6666666666666666,30.0,29.0
2020,REG,8,LAC,30,DEN,31,1,61,0,-146,132,-3.0,103,-114,44.5,-106,-105,1,0.3333333333333333,19.333333333333332,25.5,0.3333333333333333,24.833333333333332,25.666666666666668
2020,REG,8,LA,17,MIA,28,11,45,0,-176,157,-3.5,101,-111,46.5,-100,-111,1,0.5,26.666666666666668,18.833333333333332,0.7142857142857143,25.142857142857142,17.714285714285715
2020,REG,8,NYJ,9,KC,35,26,44,0,1204,-1965,20.0,-102,-108,49.0,-105,-106,1,0.8571428571428571,31.142857142857142,20.428571428571427,0.0,12.142857142857142,29.0
2020,REG,8,MIN,28,GB,22,-6,50,0,218,-249,5.5,-101,-109,47.0,-102,-109,0,0.8333333333333334,32.833333333333336,26.5,0.16666666666666666,25.833333333333332,32.0
2020,REG,8,IND,41,DET,21,-20,62,0,-185,165,-3.5,-103,-107,49.0,-102,-109,0,0.5,26.0,27.5,0.6666666666666666,26.166666666666668,19.166666666666668
2020,REG,8,LV,16,CLE,6,-10,22,0,117,-130,1.0,111,-123,48.0,-117,105,0,0.7142857142857143,28.571428571428573,31.571428571428573,0.5,28.5,32.833333333333336
2020,REG,8,TEN,20,CIN,31,11,51,0,-321,274,-7.5,107,-118,49.5,-115,103,1,0.2857142857142857,23.285714285714285,27.714285714285715,0.8333333333333334,31.333333333333332,25.5
2020,REG,8,NE,21,BUF,24,3,45,0,175,-197,4.0,-105,-105,41.0,-102,-109,1,0.7142857142857143,24.857142857142858,25.428571428571427,0.3333333333333333,19.166666666666668,23.833333333333332
2020,REG,8,ATL,25,CAR,17,-8,42,0,104,-115,1.5,-109,-102,52.0,-110,-101,0,0.42857142857142855,23.142857142857142,24.0,0.14285714285714285,26.285714285714285,29.571428571428573
2020,REG,9,MIA,34,ARI,31,-3,65,0,211,-241,6.0,-112,102,49.0,-108,-103,0,0.7142857142857143,29.0,20.857142857142858,0.5714285714285714,26.857142857142858,18.571428571428573
2020,REG,9,PIT,24,DAL,19,-5,43,0,-789,591,-14.0,-100,-110,44.0,-103,-108,0,0.25,23.125,33.25,1.0,30.142857142857142,20.285714285714285
2020,REG,9,GB,34,SF,17,-17,51,0,-246,215,-6.0,100,-110,48.5,-113,101,0,0.5,26.0,21.625,0.7142857142857143,31.285714285714285,26.714285714285715
2020,REG,9,DEN,27,ATL,34,7,61,0,193,-218,4.5,-108,-102,50.0,-101,-110,1,0.25,26.125,28.0,0.42857142857142855,21.0,26.142857142857142
2020,REG,9,SEA,34,BUF,44,10,78,0,-164,147,-3.0,-109,-101,55.0,-101,-110,1,0.75,24.75,24.875,0.8571428571428571,34.285714285714285,28.428571428571427
2020,REG,9,NE,30,NYJ,27,-3,57,0,-372,312,-9.5,102,-113,41.5,-105,-106,0,0.0,11.75,29.75,0.2857142857142857,19.428571428571427,23.857142857142858
2020,REG,9,BAL,24,IND,10,-14,34,0,-106,-104,1.0,-113,102,48.0,-114,102,0,0.7142857142857143,28.285714285714285,19.428571428571427,0.7142857142857143,29.0,18.857142857142858
2020,REG,9,HOU,27,JAX,25,-2,52,0,-289,249,-7.0,106,-117,49.0,-107,-104,0,0.14285714285714285,22.0,31.428571428571427,0.14285714285714285,23.714285714285715,31.0
2020,REG,9,CAR,31,KC,33,2,64,0,365,-445,10.0,-106,-104,51.5,-102,-109,1,0.875,31.625,19.0,0.375,22.375,24.125
2020,REG,9,DET,20,MIN,34,14,54,0,155,-173,3.0,106,-117,51.5,-108,-104,1,0.2857142857142857,26.142857142857142,30.571428571428573,0.42857142857142855,25.285714285714285,29.428571428571427
2020,REG,9,CHI,17,TEN,24,7,41,0,243,-280,6.5,-107,-103,46.5,-106,-105,1,0.7142857142857143,29.714285714285715,26.285714285714285,0.625,20.125,20.75
2020,REG,9,NYG,23,WAS,20,-3,43,0,145,-162,3.0,-105,-105,43.0,-102,-109,0,0.2857142857142857,19.0,23.571428571428573,0.125,18.125,24.875
2020,REG,9,LV,31,LAC,26,-5,57,0,-112,102,-1.0,-105,-105,52.5,-102,-109,0,0.2857142857142857,25.571428571428573,26.428571428571427,0.5714285714285714,26.714285714285715,29.0
2020,REG,9,NO,38,TB,3,-35,41,0,160,-179,3.0,107,-118,51.0,-106,-105,0,0.75,30.875,20.625,0.7142857142857143,29.428571428571427,28.142857142857142
2020,REG,10,IND,34,TEN,17,-17,51,0,-115,105,-1.0,-107,-103,49.0,-100,-111,0,0.75,29.0,25.125,0.625,26.0,20.0
2020,REG,10,TB,46,CAR,23,-23,69,0,-259,226,-6.0,-108,-102,49.5,-105,-106,0,0.3333333333333333,23.333333333333332,25.11111111111111,0.6666666666666666,27.77777777777778,22.555555555555557
2020,REG,10,MIN,19,CHI,13,-6,32,0,-170,152,-3.5,108,-119,44.0,100,-111,0,0.5555555555555556,19.77777777777778,21.11111111111111,0.375,27.125,29.25
2020,REG,10,BAL,17,NE,23,6,40,0,-318,272,-7.0,100,-110,44.0,-104,-107,1,0.375,20.75,24.25,0.75,28.375,17.75
2020,REG,10,CIN,10,PIT,36,26,46,0,255,-297,6.5,-101,-109,45.5,101,-112,1,1.0,29.375,20.125,0.375,24.25,26.75
2020,REG,10,SF,13,NO,27,14,40,0,323,-387,9.5,-110,-101,49.5,-106,-105,1,0.75,30.5,25.0,0.4444444444444444,25.0,23.0
2020,REG,10,SEA,16,LA,23,7,39,0,132,-146,3.0,-115,104,55.0,-100,-111,1,0.625,24.125,19.0,0.75,34.25,30.375
2020,REG,10,LAC,21,MIA,29,8,50,0,104,-115,1.0,-100,-110,48.5,-107,-104,1,0.625,27.75,20.125,0.25,25.625,27.0
2020,REG,10,DEN,12,LV,37,25,49,0,168,-188,3.5,-106,-104,50.5,-110,-101,1,0.625,27.25,28.625,0.375,21.75,27.125
2020,REG,10,BUF,30,ARI,32,2,62,0,138,-153,3.0,-108,-102,55.5,-106,-105,1,0.625,29.25,22.5,0.7777777777777778,26.88888888888889,25.88888888888889
2020,REG,10,PHI,17,NYG,27,10,44,0,-219,194,-4.5,-106,-104,45.0,102,-113,1,0.2222222222222222,18.666666666666668,24.333333333333332,0.375,23.25,25.625
2020,REG,10,JAX,20,GB,24,4,44,0,653,-893,13.5,-105,-105,47.0,-104,-107,1,0.75,31.625,25.5,0.125,22.375,30.875
2020,REG,10,WAS,27,DET,30,3,57,0,123,-136,2.5,100,-110,46.0,-111,100,1,0.375,24.625,30.0,0.25,19.125,23.5
2020,REG,10,HOU,7,CLE,10,3,17,0,192,-217,4.5,-106,-104,46.0,-104,-107,1,0.625,25.75,29.625,0.25,24.125,30.25
2020,REG,11,ARI,21,SEA,28,7,49,0,147,-164,3.0,-105,-105,56.5,-101,-110,1,0.6666666666666666,32.22222222222222,29.555555555555557,0.6666666666666666,29.555555555555557,23.333333333333332
2020,REG,11,TEN,30,BAL,24,-6,54,1,221,-253,6.0,-103,-107,50.5,-102,-109,0,0.6666666666666666,27.11111111111111,18.333333333333332,0.6666666666666666,27.666666666666668,26.11111111111111
2020,REG,11,DET,0,CAR,20,20,20,0,-169,152,-3.0,-119,108,47.0,-105,-106,1,0.3,23.3,27.2,0.4444444444444444,25.22222222222222,29.666666666666668
2020,REG,11,PHI,17,CLE,22,5,39,0,122,-135,2.5,-104,-106,45.5,-109,-103,1,0.6666666666666666,24.0,27.11111111111111,0.3333333333333333,22.555555555555557,25.77777777777778
2020,REG,11,NE,20,HOU,27,7,47,0,-147,132,-2.5,-117,106,49.5,-103,-108,1,0.2222222222222222,22.22222222222222,28.0,0.4444444444444444,21.0,23.444444444444443
2020,REG,11,PIT,27,JAX,3,-24,30,0,-475,386,-11.0,-103,-107,47.0,101,-113,0,0.1111111111111111,22.11111111111111,30.11111111111111,1.0,30.11111111111111,19.0
2020,REG,11,ATL,9,NO,24,15,33,0,162,-181,3.5,-109,-101,49.5,-103,-108,1,0.7777777777777778,30.11111111111111,23.666666666666668,0.3333333333333333,27.0,27.88888888888889
2020,REG,11,CIN,9,WAS,20,11,29,0,110,-121,2.0,-109,-101,48.0,-106,-105,1,0.2222222222222222,20.0,24.22222222222222,0.3333333333333333,22.666666666666668,27.77777777777778
2020,REG,11,MIA,13,DEN,20,7,33,0,-196,174,-4.0,-105,-105,46.0,-108,-103,1,0.3333333333333333,20.666666666666668,28.22222222222222,0.6666666666666666,27.88888888888889,20.22222222222222
2020,REG,11,NYJ,28,LAC,34,6,62,0,351,-425,10.0,-110,-101,47.0,-104,-107,1,0.2222222222222222,25.11111111111111,27.22222222222222,0.0,13.444444444444445,29.77777777777778
2020,REG,11,GB,31,IND,34,3,65,1,109,-120,1.5,-104,-106,52.0,102,-114,1,0.6666666666666666,26.88888888888889,19.666666666666668,0.7777777777777778,30.77777777777778,24.88888888888889
2020,REG,11,DAL,31,MIN,28,-3,59,0,261,-304,7.0,-110,-100,50.0,-111,-101,0,0.4444444444444444,26.22222222222222,27.444444444444443,0.2222222222222222,22.666666666666668,32.22222222222222
2020,REG,11,KC,35,LV,31,-4,66,0,-351,296,-7.5,-108,-102,56.5,-104,-107,0,0.6666666666666666,28.333333333333332,26.77777777777778,0.8888888888888888,31.77777777777778,20.333333333333332
2020,REG,11,LA,27,TB,24,-3,51,0,173,-195,4.0,-109,-102,47.5,-109,-102,0,0.7,29.6,22.6,0.6666666666666666,24.0,18.666666666666668
2020,REG,12,HOU,41,DET,25,-16,66,0,-155,139,-3.0,-104,-106,52.5,-110,-101,0,0.4,22.7,28.7,0.3,22.7,27.2
2020,REG,12,BAL,14,PIT,19,5,33,0,416,-518,10.5,-109,-101,41.5,-104,-107,1,1.0,29.8,17.4,0.6,26.8,19.5
2020,REG,12,SEA,23,PHI,17,-6,40,0,-274,237,-6.5,-106,-104,50.0,-108,-103,0,0.3,22.0,25.4,0.7,31.8,28.7
2020,REG,12,CHI,25,GB,41,16,66,0,293,-346,7.5,-116,105,44.0,-105,-106,1,0.7,30.8,25.8,0.5,19.1,20.9
2020,REG,12,KC,27,TB,24,-3,51,0,-166,149,-3.5,112,-124,56.0,-103,-108,0,0.6363636363636364,29.09090909090909,23.0,0.9,32.1,21.4
2020,REG,12,SF,23,LA,20,-3,43,0,190,-215,5.0,-112,101,44.5,-101,-110,0,0.7,24.3,19.2,0.4,23.8,23.4
2020,REG,12,NO,31,DEN,3,-28,34,0,-1350,906,-17.0,-103,-107,36.5,-109,-102,0,0.4,20.6,26.7,0.8,29.5,22.2
2020,REG,12,MIA,20,NYJ,3,-17,23,0,-350,296,-7.5,-106,-104,46.0,100,-112,0,0.0,14.9,30.2,0.6,26.4,20.2
2020,REG,12,ARI,17,NE,20,3,37,0,-115,104,-1.0,-107,-103,51.0,-106,-105,1,0.4,20.9,23.8,0.6,28.7,23.8
2020,REG,12,CAR,27,MIN,28,1,55,0,131,-145,3.0,-115,104,50.0,-104,-107,1,0.4,26.4,27.8,0.36363636363636365,23.0,24.727272727272727
2020,REG,12,CLE,27,JAX,25,-2,52,0,-334,284,-7.5,102,-112,48.5,-112,100,0,0.1,20.2,29.8,0.7,23.8,26.1
2020,REG,12,TEN,45,IND,26,-19,71,0,133,-147,3.0,-114,103,51.5,-107,-104,0,0.7,27.6,20.8,0.7,27.9,25.9
2020,REG,12,NYG,19,CIN,17,-2,36,0,-260,227,-6.5,-103,-107,45.0,-109,-102,0,0.3,21.3,27.0,0.3,19.5,23.6
2020,REG,12,LAC,17,BUF,27,10,44,0,189,-214,4.5,-107,-103,51.0,103,-114,1,0.7,27.2,26.5,0.3,26.0,27.3
2020,REG,12,LV,6,ATL,43,37,49,0,-184,164,-3.5,-105,-105,53.0,-109,-102,1,0.3,25.2,27.5,0.6,28.6,27.6
2020,REG,12,WAS,41,DAL,16,-25,57,0,122,-135,2.5,-104,-106,46.0,-105,-106,0,0.3,23.5,31.8,0.3,20.0,22.7
2020,REG,13,NYG,17,SEA,12,-5,29,0,413,-514,11.0,-114,104,48.5,-102,-110,0,0.7272727272727273,31.0,27.636363636363637,0.36363636363636365,19.454545454545453,23.0
2020,REG,13,DET,34,CHI,30,-4,64,0,145,-161,3.0,-100,-110,44.0,-108,-104,0,0.45454545454545453,19.636363636363637,22.727272727272727,0.36363636363636365,22.90909090909091,29.818181818181817
2020,REG,13,DAL,17,BAL,34,17,51,0,326,-390,8.5,-103,-108,46.0,-108,-103,1,0.5454545454545454,25.636363636363637,19.454545454545453,0.2727272727272727,22.818181818181817,32.63636363636363
2020,REG,13,BUF,34,SF,24,-10,58,0,110,-122,1.5,-103,-107,48.0,-103,-108,0,0.45454545454545453,23.727272727272727,23.09090909090909,0.7272727272727273,27.181818181818183,25.636363636363637
2020,REG,13,WAS,23,PIT,17,-6,40,0,231,-265,5.5,-100,-110,43.5,-101,-110,0,1.0,28.818181818181817,17.09090909090909,0.36363636363636365,21.90909090909091,22.09090909090909
2020,REG,13,DEN,16,KC,22,6,38,0,510,-660,13.0,-120,108,51.0,-101,-111,1,0.9090909090909091,31.636363636363637,21.636363636363637,0.36363636363636365,19.0,27.09090909090909
2020,REG,13,NE,45,LAC,0,-45,45,0,117,-129,2.5,-109,-102,47.0,-112,100,0,0.2727272727272727,25.181818181818183,27.272727272727273,0.45454545454545453,20.818181818181817,23.181818181818183
2020,REG,13,PHI,16,GB,30,14,46,0,328,-393,8.0,-102,-108,50.0,-107,-104,1,0.7272727272727273,31.727272727272727,25.727272727272727,0.2727272727272727,21.545454545454547,25.181818181818183
2020,REG,13,LA,38,ARI,28,-10,66,0,-144,130,-2.5,-114,103,49.0,-104,-107,0,0.5454545454545454,27.636363636363637,23.454545454545453,0.6363636363636364,23.90909090909091,19.545454545454547
2020,REG,13,CLE,41,TEN,35,-6,76,0,178,-200,4.0,-111,101,54.0,-107,-104,0,0.7272727272727273,29.454545454545453,25.90909090909091,0.7272727272727273,24.09090909090909,26.0
2020,REG,13,LV,31,NYJ,28,-3,59,0,-349,295,-7.5,103,-113,48.0,104,-116,0,0.0,13.818181818181818,29.272727272727273,0.5454545454545454,26.545454545454547,29.0
2020,REG,13,JAX,24,MIN,27,3,51,1,365,-445,10.5,-118,107,51.0,103,-114,1,0.45454545454545453,26.545454545454547,27.727272727272727,0.09090909090909091,20.636363636363637,29.545454545454547
2020,REG,13,CIN,7,MIA,19,12,26,0,397,-491,10.5,-115,105,43.0,-103,-109,1,0.6363636363636364,25.818181818181817,18.636363636363637,0.2727272727272727,20.90909090909091,26.272727272727273
2020,REG,13,IND,26,HOU,20,-6,46,0,-176,157,-3.5,101,-112,50.0,-105,-106,0,0.36363636363636365,24.363636363636363,27.0,0.6363636363636364,27.454545454545453,23.0
2020,REG,13,NO,21,ATL,16,-5,37,0,-141,127,-2.5,-113,102,46.0,-101,-110,0,0.36363636363636365,26.818181818181817,25.545454545454547,0.8181818181818182,29.636363636363637,20.454545454545453
2020,REG,14,DEN,32,CAR,27,-5,59,0,177,-199,4.0,-101,-109,46.0,-101,-110,0,0.3333333333333333,23.333333333333332,25.0,0.3333333333333333,18.75,26.666666666666668
2020,REG,14,HOU,7,CHI,36,29,43,0,-114,104,-1.0,-107,-103,46.0,101,-112,1,0.4166666666666667,20.5,23.666666666666668,0.3333333333333333,24.0,26.916666666666668
2020,REG,14,NE,3,LA,24,21,27,0,201,-228,5.0,-103,-107,43.5,-102,-110,1,0.6666666666666666,25.083333333333332,20.25,0.5,22.833333333333332,21.25
2020,REG,14,DAL,30,CIN,7,-23,37,0,-164,148,-3.0,-114,103,44.0,-106,-105,0,0.25,19.75,25.666666666666668,0.25,22.333333333333332,32.75
2020,REG,14,TEN,31,JAX,10,-21,41,0,-364,307,-7.5,-106,-104,53.0,-112,101,0,0.08333333333333333,20.916666666666668,29.333333333333332,0.6666666666666666,29.916666666666668,27.166666666666668
2020,REG,14,KC,33,MIA,27,-6,60,0,-330,281,-7.5,109,-121,51.5,-102,-109,0,0.6666666666666666,25.25,17.666666666666668,0.9166666666666666,30.833333333333332,21.166666666666668
2020,REG,14,ARI,26,NYG,7,-19,33,0,-154,139,-3.0,-106,-104,47.0,-101,-111,0,0.4166666666666667,19.25,22.083333333333332,0.5,27.666666666666668,24.666666666666668
2020,REG,14,MIN,14,TB,26,12,40,0,271,-317,7.0,-106,-104,52.5,-116,104,1,0.5833333333333334,28.666666666666668,23.333333333333332,0.5,26.583333333333332,27.416666666666668
2020,REG,14,IND,44,LV,27,-17,71,0,-130,118,-2.5,-104,-106,51.5,-103,-108,0,0.5833333333333334,26.916666666666668,28.916666666666668,0.6666666666666666,27.333333333333332,22.75
2020,REG,14,NYJ,3,SEA,40,37,43,0,734,-1032,16.5,-110,-100,49.5,105,-117,1,0.6666666666666666,29.416666666666668,26.75,0.0,15.0,29.416666666666668
2020,REG,14,GB,31,DET,24,-7,55,0,-345,292,-9.5,106,-117,55.5,-105,-106,0,0.4166666666666667,23.833333333333332,29.833333333333332,0.75,31.583333333333332,24.916666666666668
2020,REG,14,ATL,17,LAC,20,3,37,0,107,-118,1.0,100,-110,49.0,-101,-111,1,0.25,23.083333333333332,28.75,0.3333333333333333,25.916666666666668,25.166666666666668
2020,REG,14,NO,21,PHI,24,3,45,0,-335,284,-7.5,-104,-106,43.0,-106,-105,1,0.25,21.083333333333332,25.583333333333332,0.8333333333333334,28.916666666666668,20.083333333333332
2020,REG,14,WAS,23,SF,15,-8,38,0,134,-149,3.0,-111,101,43.5,-104,-107,0,0.4166666666666667,23.75,24.0,0.4166666666666667,22.0,21.666666666666668
2020,REG,14,PIT,15,BUF,26,11,41,0,112,-124,2.0,-109,-102,48.5,-106,-105,1,0.75,27.75,25.5,0.9166666666666666,27.833333333333332,17.583333333333332
2020,REG,14,BAL,47,CLE,42,-5,89,0,-174,156,-3.0,-116,105,45.5,-100,-111,0,0.75,25.5,26.75,0.5833333333333334,26.333333333333332,19.25
2020,REG,15,TB,31,ATL,27,-4,58,0,-258,225,-6.0,-104,-106,49.5,-103,-108,0,0.3076923076923077,25.23076923076923,24.76923076923077,0.6153846153846154,28.46153846153846,22.615384615384617
2020,REG,15,JAX,14,BAL,40,26,54,0,564,-746,13.0,-118,107,49.5,-110,-101,1,0.6153846153846154,27.923076923076923,21.0,0.07692307692307693,20.076923076923077,29.46153846153846
2020,REG,15,SF,33,DAL,41,8,74,0,-202,180,-4.0,-106,-104,46.0,-106,-105,1,0.3076923076923077,22.923076923076923,30.76923076923077,0.38461538461538464,23.076923076923077,23.923076923076923
2020,REG,15,HOU,20,IND,27,7,47,0,311,-370,7.5,-108,-102,52.5,-106,-105,1,0.6923076923076923,28.615384615384617,23.076923076923077,0.3076923076923077,22.692307692307693,27.615384615384617
2020,REG,15,NE,12,MIA,22,10,34,0,-120,109,-1.5,-106,-104,40.0,100,-112,1,0.6153846153846154,25.384615384615383,18.846153846153847,0.46153846153846156,21.307692307692307,21.46153846153846
2020,REG,15,CHI,33,MIN,27,-6,60,0,137,-152,2.5,111,-123,47.5,-111,-101,0,0.46153846153846156,25.615384615384617,27.307692307692307,0.46153846153846156,21.692307692307693,22.384615384615383
2020,REG,15,DET,25,TEN,46,21,71,0,325,-389,9.5,-113,102,54.5,-109,-103,1,0.6923076923076923,30.0,25.846153846153847,0.38461538461538464,23.846153846153847,29.923076923076923
2020,REG,15,SEA,20,WAS,15,-5,35,0,-251,219,-6.0,-103,-107,44.5,-103,-108,0,0.46153846153846156,22.076923076923077,21.153846153846153,0.6923076923076923,30.23076923076923,24.923076923076923
2020,REG,15,PHI,26,ARI,33,7,59,0,226,-259,6.5,-114,103,49.5,-103,-108,1,0.5384615384615384,27.53846153846154,23.307692307692307,0.3076923076923077,21.307692307692307,25.23076923076923
2020,REG,15,NYJ,23,LA,20,-3,43,0,957,-1601,17.5,-115,104,44.5,-102,-110,0,0.6923076923076923,25.0,18.923076923076923,0.0,14.076923076923077,30.23076923076923
2020,REG,15,KC,32,NO,29,-3,61,0,-137,124,-2.5,-113,102,53.5,101,-112,0,0.7692307692307693,28.307692307692307,20.384615384615383,0.9230769230769231,31.0,21.615384615384617
2020,REG,15,CLE,20,NYG,6,-14,26,0,-271,235,-6.0,-108,-102,44.5,-100,-111,0,0.38461538461538464,18.307692307692307,22.384615384615383,0.6923076923076923,26.76923076923077,28.307692307692307
2020,REG,15,PIT,17,CIN,27,10,44,0,-942,682,-14.5,-101,-109,40.5,-107,-104,1,0.23076923076923078,18.76923076923077,26.0,0.8461538461538461,26.846153846153847,18.23076923076923
2020,REG,15,LAC,30,LV,27,-3,57,1,156,-174,3.5,-123,111,52.0,-101,-110,0,0.5384615384615384,26.923076923076923,30.076923076923077,0.3076923076923077,22.846153846153847,27.846153846153847
2020,REG,15,BUF,48,DEN,19,-29,67,0,-242,212,-5.5,-105,-105,49.0,-103,-108,0,0.38461538461538464,19.76923076923077,26.692307692307693,0.7692307692307693,27.615384615384617,24.692307692307693
2020,REG,15,CAR,16,GB,24,8,40,0,346,-419,9.5,-103,-107,53.0,-104,-107,1,0.7692307692307693,31.53846153846154,24.846153846153847,0.3076923076923077,23.615384615384617,25.53846153846154
2020,REG,16,DEN,16,LAC,19,3,35,0,113,-125,2.5,-111,100,47.5,-104,-108,1,0.35714285714285715,23.357142857142858,27.785714285714285,0.35714285714285715,19.714285714285715,28.214285714285715
2020,REG,16,SF,20,ARI,12,-8,32,0,242,-280,6.0,-108,-102,49.0,-104,-107,0,0.5714285714285714,27.928571428571427,23.5,0.35714285714285715,23.785714285714285,25.142857142857142
2020,REG,16,MIN,33,NO,52,19,85,0,260,-302,6.5,-109,-102,49.0,-109,-102,1,0.7142857142857143,28.357142857142858,21.214285714285715,0.42857142857142855,25.714285714285715,27.714285714285715
2020,REG,16,TB,47,DET,7,-40,54,0,-591,455,-12.0,101,-111,55.0,-107,-104,0,0.35714285714285715,23.928571428571427,31.071428571428573,0.6428571428571429,28.642857142857142,22.928571428571427
2020,REG,16,BUF,38,NE,9,-29,47,0,-313,268,-7.0,-102,-108,47.0,100,-112,0,0.42857142857142855,20.642857142857142,21.5,0.7857142857142857,29.071428571428573,24.285714285714285
2020,REG,16,MIA,26,LV,25,-1,51,0,-125,113,-2.0,-104,-106,50.0,101,-112,0,0.5,26.928571428571427,30.071428571428573,0.6428571428571429,25.142857142857142,18.357142857142858
2020,REG,16,NYG,13,BAL,27,14,40,0,348,-420,10.0,-116,105,43.5,-110,-101,1,0.6428571428571429,28.785714285714285,20.5,0.35714285714285715,17.428571428571427,22.214285714285715
2020,REG,16,CIN,37,HOU,31,-6,68,0,276,-324,7.5,-113,102,46.0,-105,-106,0,0.2857142857142857,22.5,27.571428571428573,0.2857142857142857,19.357142857142858,25.357142857142858
2020,REG,16,CHI,41,JAX,17,-24,58,0,-452,370,-9.5,-108,-103,47.0,-105,-106,0,0.07142857142857142,19.642857142857142,30.214285714285715,0.5,22.5,22.714285714285715
2020,REG,16,ATL,14,KC,17,3,31,0,409,-508,11.0,-110,-100,54.0,-106,-105,1,0.9285714285714286,31.071428571428573,22.142857142857142,0.2857142857142857,25.357142857142858,25.214285714285715
2020,REG,16,CLE,16,NYJ,23,7,39,0,-303,260,-6.5,-114,103,45.0,-105,-106,1,0.07142857142857142,14.714285714285714,29.5,0.7142857142857143,26.285714285714285,26.714285714285715
2020,REG,16,IND,24,PIT,28,4,52,0,-106,-104,-1.0,100,-111,43.0,-105,-106,1,0.7857142857142857,26.142857142857142,18.857142857142858,0.7142857142857143,28.5,22.857142857142858
2020,REG,16,CAR,20,WAS,13,-7,33,0,-112,102,-1.0,-105,-105,41.0,102,-114,0,0.42857142857142855,21.571428571428573,21.071428571428573,0.2857142857142857,23.071428571428573,25.428571428571427
2020,REG,16,PHI,17,DAL,37,20,54,0,-166,149,-3.0,-115,104,50.0,-103,-108,1,0.35714285714285715,24.214285714285715,30.928571428571427,0.2857142857142857,21.642857142857142,25.785714285714285
2020,REG,16,LA,9,SEA,20,11,29,0,115,-127,1.5,103,-114,48.0,-111,100,1,0.7142857142857143,29.5,24.214285714285715,0.6428571428571429,24.642857142857142,19.214285714285715
2020,REG,16,TEN,14,GB,40,26,54,0,159,-177,3.0,107,-118,52.5,-104,-107,1,0.7857142857142857,31.0,24.214285714285715,0.7142857142857143,31.142857142857142,25.785714285714285
2020,REG,17,MIA,26,BUF,56,30,82,0,-153,138,-3.5,113,-125,42.5,102,-114,1,0.8,29.666666666666668,23.266666666666666,0.6666666666666666,25.2,18.8
2020,REG,17,BAL,38,CIN,3,-35,41,0,-799,597,-13.5,106,-117,46.0,-109,-102,0,0.3333333333333333,20.533333333333335,25.733333333333334,0.6666666666666666,28.666666666666668,20.0
2020,REG,17,PIT,22,CLE,24,2,46,0,376,-460,10.5,-111,100,45.0,-112,101,1,0.6666666666666666,25.6,26.466666666666665,0.8,26.266666666666666,19.2
2020,REG,17,MIN,37,DET,35,-2,72,0,-161,145,-3.0,-110,-100,54.0,-112,101,0,0.3333333333333333,22.8,32.13333333333333,0.4,26.2,29.333333333333332
2020,REG,17,NYJ,14,NE,28,14,42,0,145,-161,3.0,-101,-110,41.0,-102,-109,1,0.4,19.866666666666667,22.6,0.13333333333333333,15.266666666666667,28.6
2020,REG,17,DAL,19,NYG,23,4,42,0,-121,109,-1.5,-106,-104,44.5,-109,-103,1,0.3333333333333333,17.133333333333333,22.533333333333335,0.4,25.066666666666666,30.0
2020,REG,17,ATL,27,TB,44,17,71,0,276,-323,7.5,-123,111,51.0,-100,-111,1,0.6666666666666666,29.866666666666667,21.866666666666667,0.26666666666666666,24.6,24.666666666666668
2020,REG,17,NO,33,CAR,7,-26,40,0,-250,219,-6.0,100,-110,47.0,-108,-104,0,0.3333333333333333,22.866666666666667,24.6,0.7333333333333333,29.933333333333334,22.0
2020,REG,17,GB,35,CHI,16,-19,51,0,-207,184,-4.5,-103,-107,48.5,-112,100,0,0.5333333333333333,23.733333333333334,22.333333333333332,0.8,31.6,23.533333333333335
2020,REG,17,LV,32,DEN,31,-1,63,0,-144,130,-2.5,-115,104,50.5,-103,-108,0,0.3333333333333333,19.466666666666665,27.6,0.4666666666666667,26.8,29.8
2020,REG,17,TEN,41,HOU,38,-3,79,0,-301,259,-7.0,101,-111,55.5,-113,101,0,0.26666666666666666,23.066666666666666,28.2,0.6666666666666666,30.0,26.733333333333334
2020,REG,17,JAX,14,IND,28,14,42,0,906,-1350,15.5,104,-115,48.0,-112,100,1,0.6666666666666666,28.2,23.2,0.06666666666666667,19.466666666666665,30.933333333333334
2020,REG,17,LAC,38,KC,21,-17,59,0,-282,244,-7.0,106,-117,43.0,-103,-108,0,0.9333333333333333,30.133333333333333,21.6,0.4,23.066666666666666,27.0
2020,REG,17,ARI,7,LA,18,11,25,0,113,-125,1.0,105,-116,42.0,-107,-104,1,0.6,23.6,19.266666666666666,0.5333333333333333,26.866666666666667,23.266666666666666
2020,REG,17,SEA,26,SF,23,-3,49,0,-310,266,-7.0,101,-112,45.0,-113,102,0,0.4,23.533333333333335,24.266666666666666,0.7333333333333333,28.866666666666667,23.2
2020,REG,17,WAS,20,PHI,14,-6,34,0,-283,245,-6.5,-109,-101,43.5,101,-112,0,0.26666666666666666,21.333333333333332,26.533333333333335,0.4,21.0,21.0
2021,REG,1,CHI,14,LA,34,20,48,0,324,-387,9.5,-108,-102,46.0,-107,-104,1,,,,,,
2021,REG,1,PIT,23,BUF,16,-7,39,0,232,-267,6.5,-110,-100,48.0,-114,103,0,,,,,,
2021,REG,1,PHI,32,ATL,6,-26,38,0,161,-180,3.5,-109,-101,49.0,-108,-103,0,,,,,,
2021,REG,1,DAL,29,TB,31,2,60,0,351,-425,10.0,-121,110,52.5,-108,-103,1,,,,,,
2021,REG,1,SEA,28,IND,16,-12,44,0,-146,132,-3.0,106,-117,49.0,-105,-106,0,,,,,,
2021,REG,1,BAL,27,LV,33,6,60,1,-167,149,-3.0,-116,105,50.5,-111,-100,1,,,,,,
2021,REG,1,NYJ,14,CAR,19,5,33,0,164,-184,3.5,-108,-102,44.5,-107,-104,1,,,,,,
2021,REG,1,DEN,27,NYG,13,-14,40,0,-139,125,-3.0,109,-120,41.5,-105,-106,0,,,,,,
2021,REG,1,GB,3,NO,38,35,41,0,-181,162,-4.0,103,-114,49.0,-110,-102,1,,,,,,
2021,REG,1,MIA,17,NE,16,-1,33,0,155,-173,3.5,-113,102,43.5,-114,103,0,,,,,,
2021,REG,1,CLE,29,KC,33,4,62,0,211,-241,5.5,-101,-110,54.5,-107,-105,1,,,,,,
2021,REG,1,LAC,20,WAS,16,-4,36,0,117,-129,2.5,-109,-101,45.5,-115,103,0,,,,,,
2021,REG,1,ARI,38,TEN,13,-25,51,0,131,-146,2.5,105,-116,54.0,-103,-108,0,,,,,,
2021,REG,1,MIN,24,CIN,27,3,51,1,-135,122,-3.0,109,-120,47.0,102,-114,1,,,,,,
2021,REG,1,SF,41,DET,33,-8,74,0,-415,344,-9.5,-105,-105,46.0,-103,-108,0,,,,,,
2021,REG,1,JAX,21,HOU,37,16,58,0,-172,154,-3.5,103,-113,45.5,-107,-104,1,,,,,,
2021,REG,2,NYG,29,WAS,30,1,59,0,176,-198,4.0,-103,-107,42.0,-112,100,1,0.0,16.0,20.0,0.0,13.0,27.0
2021,REG,2,NO,7,CAR,26,19,33,0,-145,131,-3.0,102,-113,45.0,-106,-105,1,1.0,19.0,14.0,1.0,38.0,3.0
2021,REG,2,CIN,17,CHI,20,3,37,0,114,-126,2.0,-105,-105,44.5,-107,-104,1,0.0,14.0,34.0,1.0,27.0,24.0
2021,REG,2,HOU,21,CLE,31,10,52,0,521,-675,13.5,-103,-107,48.5,103,-115,1,0.0,29.0,33.0,1.0,37.0,21.0
2021,REG,2,LA,27,IND,24,-3,51,0,-205,182,-4.0,-110,-100,48.0,-115,103,0,0.0,16.0,28.0,1.0,34.0,14.0
2021,REG,2,DEN,23,JAX,13,-10,36,0,-241,211,-6.0,104,-115,45.0,-107,-104,0,0.0,21.0,37.0,1.0,27.0,13.0
2021,REG,2,BUF,35,MIA,0,-35,35,0,-179,160,-3.5,103,-113,48.0,-103,-109,0,1.0,17.0,16.0,0.0,16.0,23.0
2021,REG,2,NE,25,NYJ,6,-19,31,0,-235,207,-5.5,-105,-105,43.0,102,-113,0,0.0,14.0,19.0,0.0,16.0,17.0
2021,REG,2,SF,17,PHI,11,-6,28,0,-144,130,-3.0,104,-115,49.0,-109,-102,0,1.0,32.0,6.0,1.0,41.0,33.0
2021,REG,2,LV,26,PIT,17,-9,43,0,201,-228,5.5,-109,-102,46.5,104,-116,0,1.0,23.0,16.0,1.0,33.0,27.0
2021,REG,2,MIN,33,ARI,34,1,67,0,170,-191,4.0,-111,101,51.0,-111,-101,1,1.0,38.0,13.0,0.0,24.0,27.0
2021,REG,2,ATL,25,TB,48,23,73,0,582,-772,13.5,-108,-102,52.0,-103,-108,1,1.0,31.0,29.0,0.0,6.0,32.0
2021,REG,2,DAL,20,LAC,17,-3,37,0,135,-150,3.0,-109,-101,55.0,-101,-110,0,1.0,20.0,16.0,0.0,29.0,31.0
2021,REG,2,TEN,33,SEA,30,-3,63,1,247,-286,6.5,-100,-110,53.5,-102,-109,0,1.0,28.0,16.0,0.0,13.0,38.0
2021,REG,2,KC,35,BAL,36,1,71,0,-171,153,-3.5,107,-118,53.5,-110,-101,1,0.0,27.0,33.0,1.0,33.0,29.0
2021,REG,2,DET,17,GB,35,18,52,0,400,-494,11.5,-112,102,49.5,-101,-110,1,0.0,3.0,38.0,0.0,33.0,41.0
2021,REG,3,WAS,21,BUF,43,22,64,0,281,-330,7.5,-114,103,45.5,-105,-106,1,0.5,25.5,11.5,0.5,23.0,24.5
2021,REG,3,BAL,19,DET,17,-2,36,0,-344,292,-7.5,-100,-110,51.0,-105,-106,0,0.0,25.0,38.0,0.5,31.5,34.0
2021,REG,3,ARI,31,JAX,19,-12,50,0,-360,304,-8.0,-101,-110,51.5,-104,-107,0,0.0,17.0,30.0,1.0,36.0,23.0
2021,REG,3,LAC,30,KC,24,-6,54,0,237,-273,6.5,-100,-110,55.0,-108,-103,0,0.5,34.0,32.5,0.5,18.5,18.0
2021,REG,3,NO,28,NE,13,-15,41,0,130,-144,3.0,-117,106,44.0,-114,102,0,0.5,20.5,11.5,0.5,22.5,14.5
2021,REG,3,ATL,17,NYG,14,-3,31,0,129,-143,3.0,-115,105,48.0,-110,-101,0,0.0,21.0,28.5,0.0,15.5,40.0
2021,REG,3,CIN,24,PIT,10,-14,34,0,126,-140,2.5,103,-114,42.5,-112,101,0,0.5,20.0,21.0,0.5,22.0,22.0
2021,REG,3,IND,16,TEN,25,9,41,0,175,-196,4.5,-113,103,47.0,-104,-107,1,0.5,23.0,34.0,0.0,20.0,27.5
2021,REG,3,NYJ,0,DEN,26,26,26,0,470,-597,10.5,-109,-101,42.0,-107,-104,1,1.0,25.0,13.0,0.0,10.0,22.0
2021,REG,3,MIA,28,LV,31,3,59,1,173,-194,4.0,-107,-103,45.0,-100,-111,1,1.0,29.5,22.0,0.5,8.5,25.5
2021,REG,3,TB,24,LA,34,10,58,0,-106,-104,-1.0,100,-110,55.0,-102,-109,1,1.0,30.5,19.0,1.0,39.5,27.0
2021,REG,3,SEA,17,MIN,30,13,47,0,-120,109,-2.0,-101,-109,53.5,-104,-107,1,0.0,28.5,30.5,0.5,29.0,24.5
2021,REG,3,GB,30,SF,28,-2,58,0,160,-179,3.5,-113,103,50.5,-103,-108,0,1.0,29.0,22.0,0.5,19.0,27.5
2021,REG,3,CAR,24,HOU,9,-15,33,0,-420,348,-8.0,-115,104,43.0,-101,-110,0,0.5,29.0,26.0,1.0,22.5,10.5
2021,REG,3,PHI,21,DAL,41,20,62,0,168,-189,3.5,-103,-107,51.5,-110,-101,1,0.5,24.5,24.0,0.5,21.5,11.5
2021,REG,3,CHI,6,CLE,26,20,32,0,315,-375,7.5,-102,-108,45.0,-106,-105,1,0.5,30.0,27.0,0.5,17.0,25.5
2021,REG,4,HOU,0,BUF,40,40,40,0,988,-1500,19.0,-108,-102,47.5,-106,-105,1,0.6666666666666666,31.333333333333332,14.666666666666666,0.3333333333333333,22.333333333333332,25.333333333333332
2021,REG,4,JAX,21,CIN,24,3,45,0,313,-373,7.5,105,-116,46.0,101,-113,1,0.6666666666666666,22.666666666666668,18.0,0.0,17.666666666666668,30.333333333333332
2021,REG,4,WAS,34,ATL,30,-4,64,0,-117,106,-1.0,-111,100,47.5,-114,102,0,0.3333333333333333,16.0,31.333333333333332,0.3333333333333333,22.333333333333332,30.666666666666668
2021,REG,4,DET,14,CHI,24,10,38,0,134,-148,3.0,-109,-101,42.0,-110,-101,1,0.3333333333333333,13.333333333333334,25.666666666666668,0.0,22.333333333333332,31.666666666666668
2021,REG,4,CAR,28,DAL,36,8,64,0,186,-210,4.5,-106,-104,51.5,-114,102,1,0.6666666666666666,30.0,23.0,1.0,23.0,10.0
2021,REG,4,IND,27,MIA,17,-10,44,0,130,-144,2.5,102,-113,41.5,-104,-107,0,0.3333333333333333,15.0,27.333333333333332,0.0,18.666666666666668,26.666666666666668
2021,REG,4,CLE,14,MIN,7,-7,21,0,-105,-106,-1.0,102,-113,52.0,102,-114,0,0.3333333333333333,29.0,26.0,0.6666666666666666,28.666666666666668,20.0
2021,REG,4,NYG,27,NO,21,-6,48,1,286,-337,7.5,-118,107,43.0,103,-115,0,0.6666666666666666,24.333333333333332,14.0,0.0,18.666666666666668,24.666666666666668
2021,REG,4,TEN,24,NYJ,27,3,51,1,-234,206,-5.5,-104,-106,44.5,-106,-105,1,0.0,6.666666666666667,23.333333333333332,0.6666666666666666,23.666666666666668,28.0
2021,REG,4,KC,42,PHI,30,-12,72,0,-349,296,-7.5,101,-112,53.5,-105,-106,0,0.3333333333333333,21.333333333333332,21.333333333333332,0.3333333333333333,30.666666666666668,31.666666666666668
2021,REG,4,ARI,37,LA,20,-17,57,0,178,-200,3.5,100,-111,53.5,-101,-110,0,1.0,31.666666666666668,20.666666666666668,1.0,34.333333333333336,21.666666666666668
2021,REG,4,SEA,28,SF,21,-7,49,0,120,-133,2.5,-103,-107,52.0,-108,-103,0,0.6666666666666666,28.666666666666668,24.666666666666668,0.3333333333333333,25.0,26.333333333333332
2021,REG,4,BAL,23,DEN,7,-16,30,0,107,-118,1.0,101,-111,44.0,-106,-105,0,1.0,25.333333333333332,8.666666666666666,0.6666666666666666,27.333333333333332,28.333333333333332
2021,REG,4,PIT,17,GB,27,10,44,0,239,-276,6.5,-104,-106,45.0,-103,-108,1,0.6666666666666666,22.666666666666668,27.666666666666668,0.3333333333333333,16.666666666666668,22.0
2021,REG,4,TB,19,NE,17,-2,36,0,-255,223,-6.0,-105,-105,49.5,-110,-101,0,0.3333333333333333,18.0,17.0,0.6666666666666666,34.333333333333336,29.333333333333332
2021,REG,4,LV,14,LAC,28,14,42,0,144,-161,3.0,-101,-109,52.0,-108,-103,1,0.6666666666666666,22.333333333333332,20.0,1.0,30.0,24.0
2021,REG,5,PHI,21,CAR,18,-3,39,0,126,-139,2.5,104,-114,46.0,-106,-105,0,0.75,24.25,16.5,0.25,23.5,26.5
2021,REG,5,NE,25,HOU,22,-3,47,0,-339,288,-8.0,102,-112,39.5,-112,101,0,0.25,16.75,29.0,0.25,17.75,17.5
2021,REG,5,TEN,37,JAX,19,-18,56,0,-191,170,-4.0,-100,-110,49.0,-102,-109,0,0.0,18.5,28.75,0.5,23.75,27.75
2021,REG,5,DET,17,MIN,19,2,36,0,346,-418,10.0,-110,-100,49.5,102,-113,1,0.25,23.5,23.0,0.0,20.25,29.75
2021,REG,5,DEN,19,PIT,27,8,46,0,-124,113,-2.0,-106,-104,40.0,101,-113,1,0.25,16.75,23.25,0.75,20.75,12.25
2021,REG,5,MIA,17,TB,45,28,62,0,448,-564,11.0,-100,-110,48.0,-104,-107,1,0.75,30.5,26.25,0.25,15.5,27.25
2021,REG,5,NYJ,20,ATL,27,7,47,0,138,-153,3.0,-107,-103,45.5,102,-113,1,0.25,19.5,32.0,0.25,11.75,23.5
2021,REG,5,LA,26,SEA,17,-9,43,0,-135,122,-2.5,-116,105,53.5,-106,-105,0,0.5,25.75,25.0,0.75,28.75,24.75
2021,REG,5,GB,25,CIN,22,-3,47,1,-123,111,-2.0,-104,-106,50.0,-108,-104,0,0.75,23.0,18.75,0.75,23.75,25.0
2021,REG,5,NO,33,WAS,22,-11,55,0,-130,117,-2.5,-106,-104,43.5,-101,-110,0,0.5,25.25,30.5,0.5,23.5,17.25
2021,REG,5,CLE,42,LAC,47,5,89,0,117,-129,2.5,-106,-104,46.5,102,-114,1,0.75,23.75,18.5,0.75,25.0,16.75
2021,REG,5,CHI,20,LV,9,-11,29,0,215,-245,5.5,-102,-108,46.0,-111,-101,0,0.75,26.0,25.0,0.5,16.0,22.75
2021,REG,5,SF,10,ARI,17,7,27,0,231,-266,6.0,-110,-100,48.5,-105,-106,1,1.0,35.0,21.25,0.5,26.75,25.5
2021,REG,5,NYG,20,DAL,44,24,64,0,285,-335,7.5,-112,102,53.0,104,-116,1,0.75,31.5,24.25,0.25,20.75,23.75
2021,REG,5,BUF,38,KC,20,-18,58,0,121,-134,2.5,-101,-109,57.0,103,-114,0,0.5,33.5,31.25,0.75,33.5,11.0
2021,REG,5,IND,25,BAL,31,6,56,1,301,-356,7.5,-105,-105,46.5,-103,-108,1,0.75,26.25,23.0,0.25,20.75,24.25
2021,REG,6,KC,31,WAS,13,-18,44,0,-255,223,-6.0,-105,-105,54.0,-106,-105,0,0.4,24.6,31.0,0.4,30.8,32.6
2021,REG,6,LV,34,DEN,24,-10,58,0,182,-205,5.0,-111,101,45.5,-111,-100,0,0.6,20.4,15.2,0.6,22.6,24.0
2021,REG,6,TB,28,PHI,22,-6,50,0,-274,238,-7.0,103,-114,53.0,-107,-104,0,0.4,23.0,24.8,0.8,33.4,24.4
2021,REG,6,MIA,20,JAX,23,3,43,0,-122,110,-2.5,104,-115,47.5,-107,-105,1,0.0,18.6,30.4,0.2,15.8,30.8
2021,REG,6,LAC,6,BAL,34,28,40,0,149,-166,3.0,106,-116,50.5,105,-117,1,0.8,27.2,23.4,0.8,28.4,23.2
2021,REG,6,MIN,34,CAR,28,-6,62,1,-134,121,-2.5,-110,-100,45.5,-110,-101,0,0.6,23.0,17.4,0.4,22.6,21.8
2021,REG,6,GB,24,CHI,14,-10,38,0,-228,201,-5.5,-106,-104,44.0,-105,-106,0,0.6,16.8,20.0,0.8,24.0,24.4
2021,REG,6,CIN,34,DET,11,-23,45,0,-192,171,-3.5,-110,-100,46.5,-110,-101,0,0.0,19.6,27.6,0.6,22.8,20.0
2021,REG,6,HOU,3,IND,31,28,34,0,363,-442,10.5,-117,106,43.5,-111,-100,1,0.2,21.6,25.6,0.2,17.8,28.2
2021,REG,6,LA,38,NYG,11,-27,49,0,-328,280,-7.5,107,-118,49.5,-113,101,0,0.2,20.6,27.8,0.8,28.2,23.2
2021,REG,6,DAL,35,NE,29,-6,64,1,-189,169,-3.5,-108,-102,50.5,-106,-105,0,0.4,19.2,18.4,0.8,34.0,23.4
2021,REG,6,SEA,20,PIT,23,3,43,1,189,-213,5.5,-104,-106,43.0,-104,-107,1,0.4,18.8,22.4,0.4,24.0,25.2
2021,REG,6,BUF,31,TEN,34,3,65,0,-239,210,-6.0,-102,-108,53.5,-113,101,1,0.6,26.4,26.0,0.8,34.4,12.8
2021,REG,6,ARI,37,CLE,14,-23,51,0,129,-143,3.0,-117,106,48.0,102,-114,0,0.6,28.4,22.8,1.0,31.4,19.0
2021,REG,7,DEN,14,CLE,17,3,31,0,110,-121,2.0,-107,-103,40.5,-106,-105,1,0.5,26.0,25.166666666666668,0.5,21.0,18.333333333333332
2021,REG,7,CIN,41,BAL,17,-24,58,0,236,-272,6.5,-109,-101,45.5,-102,-109,0,0.8333333333333334,28.333333333333332,20.5,0.6666666666666666,24.666666666666668,18.5
2021,REG,7,WAS,10,GB,24,14,34,0,331,-397,8.5,-105,-105,48.0,-117,105,1,0.8333333333333334,24.0,22.666666666666668,0.3333333333333333,22.666666666666668,31.0
2021,REG,7,ATL,30,MIA,28,-2,58,0,-129,117,-1.5,-113,103,48.5,-113,101,0,0.16666666666666666,16.5,29.5,0.4,21.0,29.6
2021,REG,7,NYJ,13,NE,54,41,67,0,261,-303,7.0,-108,-102,43.0,-112,100,1,0.3333333333333333,20.833333333333332,21.166666666666668,0.2,13.4,24.2
2021,REG,7,CAR,3,NYG,25,22,28,0,-154,139,-3.0,-103,-107,42.5,-105,-106,1,0.16666666666666666,19.0,29.5,0.5,23.833333333333332,20.166666666666668
2021,REG,7,KC,3,TEN,27,24,30,0,-209,185,-4.0,-110,-100,57.5,-111,-101,1,0.6666666666666666,27.666666666666668,26.833333333333332,0.5,30.833333333333332,29.333333333333332
2021,REG,7,DET,19,LA,28,9,47,0,860,-1256,17.0,-116,105,51.0,-110,-101,1,0.8333333333333334,29.833333333333332,21.166666666666668,0.0,18.166666666666668,28.666666666666668
2021,REG,7,NO,13,SEA,10,-3,23,0,-237,208,-6.0,-104,-106,42.0,-102,-109,0,0.3333333333333333,23.333333333333332,24.833333333333332,0.6,25.4,18.2
2021,REG,7,PHI,22,LV,33,11,55,0,-102,-108,1.0,-109,-101,48.0,-106,-105,1,0.6666666666666666,24.5,24.0,0.3333333333333333,22.833333333333332,25.333333333333332
2021,REG,7,HOU,5,ARI,31,26,36,0,1119,-1766,20.5,-111,100,47.0,101,-112,1,1.0,32.333333333333336,18.166666666666668,0.16666666666666666,15.333333333333334,28.666666666666668
2021,REG,7,CHI,3,TB,38,35,41,0,501,-644,12.5,-114,103,47.0,-110,-101,1,0.8333333333333334,32.5,24.0,0.5,16.333333333333332,20.666666666666668
2021,REG,7,IND,30,SF,18,-12,48,0,152,-169,3.5,-117,106,41.5,-102,-110,0,0.4,23.4,23.8,0.3333333333333333,23.166666666666668,21.833333333333332
2021,REG,8,JAX,7,SEA,31,24,38,0,171,-192,4.0,-105,-105,44.0,-101,-111,1,0.2857142857142857,21.428571428571427,23.142857142857142,0.16666666666666666,19.333333333333332,28.666666666666668
2021,REG,8,NE,27,LAC,24,-3,51,0,163,-183,3.5,-101,-109,50.5,-106,-105,0,0.6666666666666666,24.666666666666668,25.0,0.42857142857142855,25.571428571428573,20.0
2021,REG,8,CIN,31,NYJ,34,3,65,0,-510,411,-11.5,-105,-105,43.5,-109,-102,1,0.16666666666666666,13.333333333333334,29.166666666666668,0.7142857142857143,27.0,18.285714285714285
2021,REG,8,TEN,34,IND,31,-3,65,1,144,-160,3.0,-102,-108,51.0,-112,101,0,0.42857142857142855,24.142857142857142,21.285714285714285,0.7142857142857143,27.571428571428573,23.428571428571427
2021,REG,8,LA,38,HOU,22,-16,60,0,-1010,724,-17.0,107,-118,47.0,-108,-103,0,0.14285714285714285,13.857142857142858,29.0,0.8571428571428571,29.571428571428573,20.857142857142858
2021,REG,8,PHI,44,DET,6,-38,50,0,-168,151,-3.0,-116,105,48.5,-110,-101,0,0.0,18.285714285714285,28.571428571428573,0.2857142857142857,22.714285714285715,26.428571428571427
2021,REG,8,PIT,15,CLE,10,-5,25,0,196,-222,5.5,-108,-102,43.0,-105,-106,0,0.5714285714285714,24.714285714285715,23.571428571428573,0.5,19.5,22.0
2021,REG,8,SF,33,CHI,22,-11,55,0,-210,186,-4.5,-103,-107,40.0,102,-114,0,0.42857142857142855,14.428571428571429,23.142857142857142,0.3333333333333333,22.5,24.833333333333332
2021,REG,8,MIA,11,BUF,26,15,37,0,709,-983,15.0,-108,-102,48.5,-103,-108,1,0.6666666666666666,33.833333333333336,16.333333333333332,0.14285714285714285,18.142857142857142,29.571428571428573
2021,REG,8,CAR,19,ATL,13,-6,32,0,117,-129,2.5,-109,-101,47.0,-111,100,0,0.5,22.5,29.333333333333332,0.42857142857142855,20.857142857142858,20.857142857142858
2021,REG,8,GB,24,ARI,21,-3,45,0,242,-279,6.5,-104,-106,51.0,-105,-106,0,1.0,32.142857142857146,16.285714285714285,0.8571428571428571,24.0,20.857142857142858
2021,REG,8,WAS,10,DEN,17,7,27,0,170,-191,4.0,-108,-102,45.0,-116,104,1,0.42857142857142855,20.0,18.142857142857142,0.2857142857142857,20.857142857142858,30.0
2021,REG,8,TB,27,NO,36,9,63,0,-188,168,-4.0,-101,-109,48.5,-109,-102,1,0.6666666666666666,23.333333333333332,16.833333333333332,0.8571428571428571,33.285714285714285,21.0
2021,REG,8,DAL,20,MIN,16,-4,36,0,193,-219,4.5,-109,-101,49.5,-110,-101,0,0.5,24.5,22.833333333333332,0.8333333333333334,34.166666666666664,24.333333333333332
2021,REG,8,NYG,17,KC,20,3,37,0,425,-530,10.5,-107,-103,53.0,-101,-110,1,0.42857142857142855,26.857142857142858,29.0,0.2857142857142857,19.857142857142858,25.714285714285715
2021,REG,9,HOU,9,MIA,17,8,26,0,166,-185,4.0,-112,101,45.0,-109,-102,1,0.125,17.25,29.125,0.125,14.875,30.125
2021,REG,9,BUF,6,JAX,9,3,15,0,-1101,776,-14.5,-120,109,48.0,-103,-108,1,0.14285714285714285,17.571428571428573,29.0,0.7142857142857143,32.714285714285715,15.571428571428571
2021,REG,9,DEN,30,DAL,16,-14,46,0,378,-462,10.5,-107,-103,50.0,-103,-108,0,0.8571428571428571,32.142857142857146,23.142857142857142,0.5,19.625,17.125
2021,REG,9,CLE,41,CIN,16,-25,57,0,117,-129,2.5,-105,-105,47.5,-106,-105,0,0.625,27.5,20.25,0.5,22.875,22.5
2021,REG,9,NE,24,CAR,6,-18,30,0,-176,157,-3.5,-101,-109,41.5,100,-111,0,0.5,20.625,19.875,0.5,25.75,20.5
2021,REG,9,MIN,31,BAL,34,3,65,1,262,-305,7.5,-117,106,51.0,-109,-102,1,0.7142857142857143,26.714285714285715,23.428571428571427,0.42857142857142855,23.285714285714285,22.428571428571427
2021,REG,9,NYJ,30,IND,45,15,75,0,410,-509,10.5,-108,-102,46.0,-111,-101,1,0.375,25.0,22.875,0.2857142857142857,16.285714285714285,29.428571428571427
2021,REG,9,ATL,27,NO,25,-2,52,0,240,-277,7.0,-117,106,43.0,-101,-110,0,0.7142857142857143,25.142857142857142,18.285714285714285,0.42857142857142855,21.142857142857142,27.857142857142858
2021,REG,9,CHI,27,PIT,29,2,56,0,263,-306,7.0,-109,-101,40.0,-103,-108,1,0.5714285714285714,18.857142857142858,20.285714285714285,0.375,15.375,24.375
2021,REG,9,TEN,28,LA,16,-12,44,0,296,-350,7.0,103,-114,53.5,-111,-100,0,0.875,30.625,21.0,0.75,28.375,24.375
2021,REG,9,ARI,31,SF,17,-14,48,0,207,-235,5.5,-105,-105,44.5,-109,-102,0,0.42857142857142855,24.0,24.428571428571427,0.875,30.75,17.25
2021,REG,9,GB,7,KC,13,6,20,0,275,-322,7.0,-107,-104,48.0,-102,-109,1,0.5,26.0,27.5,0.875,24.0,20.875
2021,REG,9,LAC,27,PHI,24,-3,51,0,-106,-104,-1.0,-101,-110,49.5,-105,-106,0,0.375,25.375,23.875,0.5714285714285714,24.571428571428573,25.285714285714285
2021,REG,9,LV,16,NYG,23,7,39,0,-152,137,-3.0,-102,-108,47.0,-108,-103,1,0.25,19.5,25.0,0.7142857142857143,25.714285714285715,23.714285714285715
2021,REG,10,CLE,7,NE,45,38,52,0,119,-132,2.5,-104,-106,45.5,-108,-103,1,0.5555555555555556,25.555555555555557,18.88888888888889,0.5555555555555556,24.88888888888889,21.77777777777778
2021,REG,10,PHI,30,DEN,13,-17,43,0,101,-111,1.0,-108,-102,44.5,-103,-108,0,0.5555555555555556,20.77777777777778,17.0,0.3333333333333333,25.22222222222222,24.22222222222222
2021,REG,10,LA,10,SF,31,21,41,0,-177,158,-3.5,-100,-110,50.0,-110,-102,1,0.375,23.125,25.25,0.7777777777777778,29.0,21.77777777777778
2021,REG,10,KC,41,LV,14,-27,55,0,-147,133,-2.5,-123,111,53.5,-108,-103,0,0.625,24.5,23.625,0.5555555555555556,24.555555555555557,25.22222222222222
2021,REG,10,SEA,0,GB,17,17,17,0,151,-168,3.0,104,-115,49.5,-117,105,1,0.7777777777777778,22.11111111111111,20.0,0.375,22.625,21.125
2021,REG,10,MIN,27,LAC,20,-7,47,0,160,-179,3.0,111,-123,53.5,-104,-107,0,0.625,24.875,25.125,0.375,24.25,23.875
2021,REG,10,CAR,34,ARI,10,-24,44,0,280,-329,7.0,-103,-107,42.0,-113,101,0,0.8888888888888888,30.77777777777778,17.22222222222222,0.4444444444444444,19.0,20.333333333333332
2021,REG,10,TB,19,WAS,29,10,48,0,-435,359,-10.0,106,-117,51.0,-109,-102,1,0.25,19.5,28.375,0.75,32.5,22.875
2021,REG,10,NO,21,TEN,23,2,44,0,133,-147,3.0,-114,103,44.0,-109,-102,1,0.7777777777777778,28.333333333333332,23.444444444444443,0.625,25.125,19.375
2021,REG,10,DET,16,PIT,16,0,32,1,303,-359,9.0,-121,110,43.0,-114,102,0,0.625,20.125,21.125,0.0,16.75,30.5
2021,REG,10,BUF,45,NYJ,17,-28,62,0,-685,527,-13.0,101,-111,47.0,104,-116,0,0.25,18.0,31.375,0.625,29.375,14.75
2021,REG,10,JAX,17,IND,23,6,40,0,358,-434,10.5,-115,104,47.5,-108,-103,1,0.4444444444444444,27.22222222222222,23.666666666666668,0.25,16.5,26.125
2021,REG,10,ATL,3,DAL,43,40,46,0,328,-392,8.0,-105,-105,55.0,-108,-103,1,0.75,30.125,24.0,0.5,21.875,27.5
2021,REG,10,BAL,10,MIA,22,12,32,0,-390,326,-8.5,-106,-104,46.5,-106,-105,1,0.2222222222222222,17.22222222222222,26.88888888888889,0.75,27.625,24.375
2021,REG,11,SF,30,JAX,10,-20,40,0,-281,243,-6.5,-106,-104,45.0,-103,-108,0,0.2222222222222222,16.555555555555557,25.77777777777778,0.4444444444444444,24.0,23.555555555555557
2021,REG,11,BAL,16,CHI,13,-3,29,0,-226,199,-5.0,-103,-107,43.0,-104,-107,0,0.3333333333333333,16.666666666666668,24.88888888888889,0.6666666666666666,25.666666666666668,24.11111111111111
2021,REG,11,NYG,10,TB,30,20,40,0,423,-527,11.5,-113,102,49.5,-102,-109,1,0.6666666666666666,31.0,23.555555555555557,0.3333333333333333,19.88888888888889,24.0
2021,REG,11,PIT,37,LAC,41,4,78,0,220,-251,5.5,103,-114,47.5,-105,-106,1,0.5555555555555556,24.333333333333332,25.333333333333332,0.5555555555555556,19.666666666666668,20.555555555555557
2021,REG,11,ARI,23,SEA,13,-10,36,0,135,-150,2.5,111,-122,46.0,-113,101,0,0.3333333333333333,20.11111111111111,20.666666666666668,0.8,28.7,18.9
2021,REG,11,DAL,9,KC,19,10,28,0,122,-134,2.5,-101,-110,56.0,-115,103,1,0.6,26.2,24.1,0.7777777777777778,31.555555555555557,21.666666666666668
2021,REG,11,CIN,32,LV,13,-19,45,0,-123,112,-1.0,-115,105,50.5,-110,-101,0,0.5555555555555556,23.333333333333332,25.555555555555557,0.5555555555555556,26.22222222222222,22.555555555555557
2021,REG,11,HOU,22,TEN,13,-9,35,0,377,-462,10.5,-110,-100,44.5,-110,-101,0,0.8,27.8,23.2,0.1111111111111111,14.222222222222221,28.666666666666668
2021,REG,11,NO,29,PHI,40,11,69,0,130,-144,2.5,106,-117,42.5,-111,-100,1,0.4,25.7,23.1,0.5555555555555556,24.666666666666668,19.77777777777778
2021,REG,11,MIA,24,NYJ,17,-7,41,0,-181,162,-3.5,-103,-107,44.5,101,-112,0,0.2222222222222222,17.88888888888889,32.888888888888886,0.3,17.7,25.2
2021,REG,11,GB,31,MIN,34,3,65,0,-111,101,-1.0,-105,-105,48.0,-113,102,1,0.4444444444444444,24.555555555555557,23.444444444444443,0.8,21.6,18.0
2021,REG,11,DET,10,CLE,13,3,23,0,465,-590,13.0,-106,-104,42.5,-103,-108,1,0.5,23.1,24.1,0.1111111111111111,16.666666666666668,28.88888888888889
2021,REG,11,WAS,27,CAR,21,-6,48,0,154,-172,3.5,-114,103,43.0,-108,-103,0,0.5,20.5,19.3,0.3333333333333333,20.555555555555557,27.333333333333332
2021,REG,11,IND,41,BUF,15,-26,56,0,274,-320,7.5,-116,105,49.5,-111,100,0,0.6666666666666666,31.11111111111111,15.0,0.5,26.8,23.0
2021,REG,11,NE,25,ATL,0,-25,25,0,-329,280,-7.0,-111,101,47.5,-108,-103,0,0.4444444444444444,19.77777777777778,29.22222222222222,0.6,27.5,17.7
2021,REG,12,LAC,13,DEN,28,15,41,0,-141,127,-2.5,-114,103,47.5,-111,-100,1,0.5,20.0,18.3,0.6,26.0,26.5
2021,REG,12,LA,28,GB,36,8,64,0,-120,108,-2.0,-100,-110,47.0,-109,-102,1,0.7272727272727273,22.454545454545453,19.454545454545453,0.7,27.1,22.7
2021,REG,12,MIN,26,SF,34,8,60,0,164,-183,3.5,-108,-102,49.0,-101,-110,1,0.5,24.6,22.2,0.5,25.5,24.2
2021,REG,12,CLE,10,BAL,16,6,26,0,140,-156,3.0,-110,-102,47.0,-101,-110,1,0.7,24.7,23.0,0.5454545454545454,22.181818181818183,22.818181818181817
2021,REG,12,TEN,13,NE,36,23,49,0,262,-305,7.5,-118,106,43.0,-103,-108,1,0.6363636363636364,27.272727272727273,16.09090909090909,0.7272727272727273,26.454545454545453,23.09090909090909
2021,REG,12,SEA,15,WAS,17,2,32,0,-128,116,-1.0,-121,108,47.0,-116,104,1,0.4,21.2,26.7,0.3,19.4,20.9
2021,REG,12,TB,38,IND,31,-7,69,0,-149,135,-3.0,101,-112,53.0,-109,-102,0,0.5454545454545454,28.09090909090909,22.272727272727273,0.7,30.9,22.2
2021,REG,12,PHI,7,NYG,13,6,20,0,-192,171,-4.0,100,-110,45.5,-107,-104,1,0.3,18.9,24.6,0.45454545454545453,27.0,23.636363636363637
2021,REG,12,ATL,21,JAX,14,-7,35,0,-115,105,-1.5,-102,-108,46.0,-108,-103,0,0.2,15.9,26.2,0.4,17.8,28.8
2021,REG,12,CAR,10,MIA,33,23,43,0,-119,108,-1.0,-110,-101,41.0,102,-113,1,0.36363636363636365,18.272727272727273,24.454545454545453,0.45454545454545453,20.545454545454547,20.0
2021,REG,12,CHI,16,DET,14,-2,30,0,-129,115,-2.0,-107,-104,41.5,-103,-108,0,0.1,16.0,27.3,0.3,16.3,24.0
2021,REG,12,LV,36,DAL,33,-3,69,0,269,-314,7.0,-106,-105,51.0,-103,-108,0,0.7,29.3,21.4,0.5,22.3,26.2
2021,REG,12,BUF,31,NO,6,-25,37,0,-270,235,-7.0,100,-112,45.0,-110,-101,0,0.5,25.1,21.8,0.6,29.5,17.6
2021,REG,12,PIT,10,CIN,41,31,51,0,154,-172,3.5,-111,-100,43.5,-102,-110,1,0.6,26.8,21.6,0.5,21.4,22.6
2021,REG,12,NYJ,21,HOU,14,-7,35,0,125,-138,3.0,-124,111,44.5,-103,-108,0,0.2,15.0,27.1,0.2,17.8,32.0
2021,REG,13,DEN,9,KC,22,13,31,0,323,-387,8.5,-106,-105,46.5,-108,-103,1,0.6363636363636364,25.545454545454547,22.727272727272727,0.5454545454545454,20.727272727272727,17.818181818181817
2021,REG,13,DAL,27,NO,17,-10,44,0,-254,222,-6.0,-110,100,46.0,-106,-105,0,0.45454545454545453,23.363636363636363,22.636363636363637,0.6363636363636364,29.636363636363637,22.727272727272727
2021,REG,13,TB,30,ATL,17,-13,47,0,-475,387,-11.0,-103,-108,51.0,-107,-104,0,0.45454545454545453,18.09090909090909,27.454545454545453,0.7272727272727273,31.545454545454547,23.0
2021,REG,13,ARI,33,CHI,22,-11,55,0,-373,314,-7.5,-116,104,43.5,-101,-110,0,0.36363636363636365,16.272727272727273,23.09090909090909,0.8181818181818182,28.181818181818183,18.363636363636363
2021,REG,13,LAC,41,CIN,22,-19,63,0,127,-141,2.5,104,-116,49.5,-101,-111,0,0.6363636363636364,28.09090909090909,20.545454545454547,0.5454545454545454,24.818181818181817,26.636363636363637
2021,REG,13,MIN,27,DET,29,2,56,0,-296,255,-7.0,-104,-107,47.5,-107,-104,1,0.09090909090909091,15.818181818181818,26.272727272727273,0.45454545454545453,25.545454545454547,25.09090909090909
2021,REG,13,IND,31,HOU,0,-31,31,0,-408,339,-10.0,-105,-106,45.5,-107,-104,0,0.18181818181818182,14.909090909090908,26.545454545454547,0.5,28.333333333333332,23.583333333333332
2021,REG,13,NYG,9,MIA,20,11,29,0,253,-293,6.5,108,-120,40.0,100,-111,1,0.4166666666666667,19.5,23.25,0.36363636363636365,18.363636363636363,23.0
2021,REG,13,PHI,33,NYJ,18,-15,51,0,-199,177,-5.0,102,-113,44.0,-102,-109,0,0.2727272727272727,18.09090909090909,30.363636363636363,0.4166666666666667,25.333333333333332,22.75
2021,REG,13,JAX,7,LA,37,30,44,0,597,-796,14.0,-103,-108,48.0,-109,-102,1,0.6363636363636364,27.181818181818183,23.90909090909091,0.18181818181818182,15.727272727272727,25.727272727272727
2021,REG,13,WAS,17,LV,15,-2,32,0,116,-128,1.0,108,-121,47.5,-114,103,0,0.5454545454545454,23.545454545454547,26.818181818181817,0.45454545454545453,20.818181818181817,25.636363636363637
2021,REG,13,BAL,19,PIT,20,1,39,0,-195,174,-4.0,-104,-107,44.0,-109,-102,1,0.45454545454545453,20.363636363636363,24.272727272727273,0.7272727272727273,23.90909090909091,21.818181818181817
2021,REG,13,SF,23,SEA,30,7,53,0,-138,125,-3.0,108,-120,44.5,-103,-108,1,0.2727272727272727,19.0,20.545454545454547,0.5454545454545454,25.454545454545453,22.545454545454547
2021,REG,13,NE,14,BUF,10,-4,24,0,132,-146,3.0,-116,104,40.0,-102,-109,0,0.6363636363636364,29.636363636363637,16.545454545454547,0.6666666666666666,28.0,15.833333333333334
2021,REG,14,SEA,33,HOU,13,-20,46,0,-401,334,-10.0,104,-116,40.5,105,-117,0,0.16666666666666666,13.666666666666666,26.916666666666668,0.3333333333333333,19.916666666666668,20.75
2021,REG,14,NO,30,NYJ,9,-21,39,0,-194,173,-4.5,103,-114,42.0,-112,100,0,0.25,18.083333333333332,30.583333333333332,0.4166666666666667,22.833333333333332,23.0
2021,REG,14,JAX,0,TEN,20,20,20,0,321,-384,8.5,-108,-103,44.5,-108,-103,1,0.6666666666666666,25.333333333333332,24.166666666666668,0.16666666666666666,15.0,26.666666666666668
2021,REG,14,DAL,27,WAS,20,-7,47,0,-284,246,-6.5,-115,103,48.0,-108,-103,0,0.5,20.5,24.75,0.6666666666666666,29.416666666666668,22.25
2021,REG,14,DET,10,DEN,38,28,48,0,495,-635,13.0,-109,-102,42.0,-106,-105,1,0.5,19.75,18.166666666666668,0.16666666666666666,16.916666666666668,26.333333333333332
2021,REG,14,NYG,21,LAC,37,16,58,0,329,-395,9.5,-118,106,44.0,-108,-103,1,0.5833333333333334,26.166666666666668,26.25,0.3333333333333333,17.583333333333332,22.75
2021,REG,14,SF,26,CIN,23,-3,49,1,-130,117,-2.5,-103,-108,49.0,-103,-108,0,0.5833333333333334,27.583333333333332,22.25,0.5,25.25,23.166666666666668
2021,REG,14,BUF,27,TB,33,6,60,1,161,-181,3.5,-106,-105,52.5,-101,-110,1,0.75,31.416666666666668,22.5,0.5833333333333334,28.0,16.333333333333332
2021,REG,14,CHI,30,GB,45,15,75,0,498,-639,11.5,-102,-109,43.0,103,-114,1,0.75,23.583333333333332,20.166666666666668,0.3333333333333333,16.75,23.916666666666668
2021,REG,14,LA,30,ARI,23,-7,53,0,154,-172,3.0,104,-116,51.0,-106,-105,0,0.8333333333333334,28.583333333333332,18.666666666666668,0.6666666666666666,28.0,22.5
2021,REG,14,BAL,22,CLE,24,2,46,0,135,-150,3.0,-104,-107,44.0,-103,-108,1,0.5,21.166666666666668,22.25,0.6666666666666666,23.5,21.666666666666668
2021,REG,14,ATL,29,CAR,21,-8,50,0,123,-136,2.5,-104,-107,41.0,105,-116,0,0.4166666666666667,19.666666666666668,21.083333333333332,0.4166666666666667,18.0,27.666666666666668
2021,REG,14,PIT,28,MIN,36,8,64,0,157,-175,3.5,-117,105,45.0,-104,-107,1,0.4166666666666667,25.666666666666668,25.416666666666668,0.5,20.333333333333332,23.833333333333332
2021,REG,14,LV,9,KC,48,39,57,0,365,-444,10.0,-108,-103,48.0,-103,-108,1,0.6666666666666666,25.25,21.583333333333332,0.5,22.833333333333332,26.0
2021,REG,15,NO,9,TB,0,-9,9,0,417,-518,11.5,-101,-110,45.5,-101,-110,0,0.7692307692307693,31.53846153846154,22.846153846153847,0.46153846153846156,23.384615384615383,21.923076923076923
2021,REG,15,KC,34,LAC,28,-6,62,1,-173,155,-3.0,-117,105,54.0,-113,101,0,0.6153846153846154,27.0,25.846153846153847,0.6923076923076923,27.0,20.615384615384617
2021,REG,15,NE,17,IND,27,10,44,0,-102,-109,-1.0,-101,-110,46.0,103,-115,1,0.5384615384615384,28.53846153846154,21.76923076923077,0.6923076923076923,26.923076923076923,15.384615384615385
2021,REG,15,CAR,14,BUF,31,17,45,0,562,-739,14.0,102,-114,43.0,-107,-104,1,0.5384615384615384,27.923076923076923,17.615384615384617,0.38461538461538464,19.76923076923077,21.692307692307693
2021,REG,15,ARI,12,DET,30,18,42,0,-634,495,-13.0,-102,-109,48.0,-107,-104,1,0.15384615384615385,16.384615384615383,27.23076923076923,0.7692307692307693,28.153846153846153,19.53846153846154
2021,REG,15,HOU,30,JAX,16,-14,46,0,224,-257,6.0,-111,-101,40.0,-105,-106,0,0.15384615384615385,13.846153846153847,26.153846153846153,0.15384615384615385,13.615384615384615,27.384615384615383
2021,REG,15,NYJ,24,MIA,31,7,55,0,366,-445,10.5,-114,102,42.0,-104,-107,1,0.46153846153846156,19.53846153846154,22.153846153846153,0.23076923076923078,17.384615384615383,30.53846153846154
2021,REG,15,DAL,21,NYG,6,-15,27,0,-534,428,-11.5,-120,108,43.0,104,-116,0,0.3076923076923077,17.846153846153847,23.846153846153847,0.6923076923076923,29.23076923076923,22.076923076923077
2021,REG,15,TEN,13,PIT,19,6,32,0,109,-121,1.0,102,-114,44.0,-105,-106,1,0.46153846153846156,20.923076923076923,24.76923076923077,0.6923076923076923,24.923076923076923,22.307692307692307
2021,REG,15,CIN,15,DEN,10,-5,25,0,140,-155,3.0,-110,-101,45.0,-123,110,0,0.5384615384615384,21.153846153846153,17.53846153846154,0.5384615384615384,27.23076923076923,22.53846153846154
2021,REG,15,ATL,13,SF,31,18,44,0,319,-380,9.5,-114,102,48.0,-106,-105,1,0.5384615384615384,25.307692307692307,23.153846153846153,0.46153846153846156,18.846153846153847,27.153846153846153
2021,REG,15,GB,31,BAL,30,-1,61,0,-354,299,-9.5,104,-116,45.5,-109,-102,0,0.6153846153846154,23.384615384615383,21.846153846153847,0.7692307692307693,25.23076923076923,20.923076923076923
2021,REG,15,WAS,17,PHI,27,10,44,0,380,-465,10.0,-101,-110,39.5,-110,-101,1,0.46153846153846156,25.923076923076923,22.384615384615383,0.46153846153846156,20.46153846153846,24.923076923076923
2021,REG,15,SEA,10,LA,20,10,30,0,298,-352,7.5,-120,108,47.0,-101,-110,1,0.6923076923076923,28.153846153846153,22.53846153846154,0.38461538461538464,20.923076923076923,20.153846153846153
2021,REG,15,MIN,17,CHI,9,-8,26,0,-320,274,-7.0,-114,102,48.0,-114,103,0,0.3076923076923077,17.76923076923077,25.53846153846154,0.46153846153846156,26.46153846153846,25.615384615384617
2021,REG,15,LV,16,CLE,14,-2,30,0,-147,131,-3.0,-102,-109,41.0,-100,-111,0,0.5384615384615384,21.384615384615383,22.23076923076923,0.46153846153846156,21.76923076923077,27.692307692307693
2021,REG,16,CHI,25,SEA,24,-1,49,0,268,-313,7.0,-103,-108,41.0,-109,-102,0,0.35714285714285715,20.142857142857142,20.142857142857142,0.2857142857142857,17.142857142857142,24.928571428571427
2021,REG,16,SF,17,TEN,20,3,37,0,-171,154,-3.5,108,-120,45.5,-116,104,1,0.6428571428571429,24.071428571428573,22.071428571428573,0.5714285714285714,25.714285714285715,22.428571428571427
2021,REG,16,CLE,22,GB,24,2,46,0,343,-430,7.5,101,-112,46.5,-100,-111,1,0.7857142857142857,25.642857142857142,21.571428571428573,0.5,20.857142857142858,21.785714285714285
2021,REG,16,IND,22,ARI,16,-6,38,0,143,-161,3.0,102,-114,48.0,-106,-105,0,0.7142857142857143,27.0,20.285714285714285,0.5714285714285714,28.428571428571427,21.428571428571427
2021,REG,16,DET,16,ATL,20,4,36,0,309,-373,7.5,-106,-105,42.5,102,-113,1,0.42857142857142855,18.428571428571427,27.428571428571427,0.21428571428571427,17.357142857142858,26.142857142857142
2021,REG,16,TB,32,CAR,6,-26,38,0,-503,399,-11.5,105,-117,44.5,-113,101,0,0.35714285714285715,19.357142857142858,22.357142857142858,0.7142857142857143,29.285714285714285,21.857142857142858
2021,REG,16,BAL,21,CIN,41,20,62,0,306,-369,7.5,-102,-109,43.0,102,-114,1,0.5714285714285714,26.357142857142858,21.642857142857142,0.5714285714285714,23.857142857142858,22.5
2021,REG,16,LAC,29,HOU,41,12,70,0,-661,500,-13.5,102,-114,46.0,-108,-103,1,0.21428571428571427,14.785714285714286,26.571428571428573,0.5714285714285714,27.071428571428573,26.428571428571427
2021,REG,16,LA,30,MIN,23,-7,53,0,-177,158,-3.5,-103,-108,48.5,-100,-111,0,0.5,25.785714285714285,24.428571428571427,0.7142857142857143,27.571428571428573,21.642857142857142
2021,REG,16,BUF,33,NE,21,-12,54,0,102,-114,1.0,-106,-105,43.5,-105,-106,0,0.6428571428571429,26.214285714285715,16.214285714285715,0.5714285714285714,28.142857142857142,17.357142857142858
2021,REG,16,JAX,21,NYJ,26,5,47,0,114,-125,2.5,-111,100,42.5,106,-118,1,0.21428571428571427,17.857142857142858,30.571428571428573,0.14285714285714285,14.0,26.428571428571427
2021,REG,16,NYG,10,PHI,34,24,44,0,416,-529,11.0,-108,-103,41.0,-105,-106,1,0.5,26.0,22.0,0.2857142857142857,17.0,23.642857142857142
2021,REG,16,PIT,10,KC,36,26,46,0,328,-400,10.5,-114,102,44.0,-103,-109,1,0.7142857142857143,27.5,21.142857142857142,0.5,20.785714285714285,23.928571428571427
2021,REG,16,DEN,13,LV,17,4,30,0,-109,-102,-1.0,-101,-110,42.0,-113,101,1,0.5,21.357142857142858,26.714285714285715,0.5,20.357142857142858,17.357142857142858
2021,REG,16,WAS,14,DAL,56,42,70,0,367,-457,10.5,-113,101,45.5,101,-112,1,0.7142857142857143,28.642857142857142,20.928571428571427,0.42857142857142855,20.214285714285715,25.071428571428573
2021,REG,16,MIA,20,NO,3,-17,23,0,-160,143,-3.0,-110,-101,37.5,-105,-106,0,0.5,22.357142857142858,20.357142857142858,0.5,20.357142857142858,22.285714285714285
2021,REG,17,DET,29,SEA,51,22,80,0,327,-399,8.5,103,-114,41.5,-111,-101,1,0.3333333333333333,20.4,20.466666666666665,0.2,17.266666666666666,25.733333333333334
2021,REG,17,LA,20,BAL,19,-1,39,0,-313,264,-7.0,-110,-101,47.0,-108,-103,0,0.5333333333333333,23.666666666666668,23.733333333333334,0.7333333333333333,27.733333333333334,21.733333333333334
2021,REG,17,ATL,15,BUF,29,14,44,0,625,-871,14.0,-101,-111,46.5,-103,-108,1,0.6,28.466666666666665,17.6,0.4666666666666667,18.533333333333335,26.666666666666668
2021,REG,17,NYG,3,CHI,29,26,32,0,245,-287,7.0,-115,104,36.5,-102,-109,1,0.3333333333333333,17.666666666666668,24.866666666666667,0.26666666666666666,16.533333333333335,24.333333333333332
2021,REG,17,KC,31,CIN,34,3,65,0,-178,157,-3.5,-103,-108,51.0,-102,-110,1,0.6,27.333333333333332,21.6,0.7333333333333333,28.066666666666666,20.4
2021,REG,17,LV,23,IND,20,-3,43,0,325,-397,8.5,100,-112,46.5,101,-113,0,0.6,28.0,21.066666666666666,0.5333333333333333,21.066666666666666,25.8
2021,REG,17,JAX,10,NE,50,40,60,0,727,-1056,17.5,-109,-102,42.0,-108,-103,1,0.6,25.866666666666667,17.333333333333332,0.13333333333333333,14.466666666666667,26.4
2021,REG,17,TB,28,NYJ,24,-4,52,0,-868,623,-14.5,-101,-110,48.0,-104,-107,0,0.26666666666666666,18.4,29.933333333333334,0.7333333333333333,29.466666666666665,20.8
2021,REG,17,MIA,3,TEN,34,31,37,0,151,-170,3.0,106,-118,41.0,-104,-107,1,0.6666666666666666,23.8,21.733333333333334,0.5333333333333333,20.333333333333332,21.0
2021,REG,17,PHI,20,WAS,16,-4,36,0,-238,206,-6.5,103,-115,44.5,102,-113,0,0.4,19.8,27.133333333333333,0.5333333333333333,26.533333333333335,21.2
2021,REG,17,DEN,13,LAC,34,21,47,0,285,-340,8.0,-117,105,45.5,-108,-103,1,0.5333333333333333,27.2,27.4,0.4666666666666667,19.866666666666667,17.333333333333332
2021,REG,17,HOU,7,SF,23,16,30,0,463,-602,14.0,-113,101,44.0,-102,-109,1,0.5333333333333333,25.133333333333333,22.266666666666666,0.26666666666666666,16.533333333333335,26.733333333333334
2021,REG,17,ARI,25,DAL,22,-3,47,0,225,-262,6.5,-103,-108,53.0,-104,-107,0,0.7333333333333333,30.466666666666665,20.466666666666665,0.6666666666666666,26.266666666666666,20.4
2021,REG,17,CAR,10,NO,18,8,28,0,238,-279,7.0,-110,-101,37.0,100,-112,1,0.4666666666666667,21.066666666666666,20.333333333333332,0.3333333333333333,18.466666666666665,23.0
2021,REG,17,MIN,10,GB,37,27,47,0,525,-702,13.0,-116,105,42.0,-100,-111,1,0.8,25.533333333333335,21.6,0.4666666666666667,25.6,24.8
2021,REG,17,CLE,14,PIT,26,12,40,0,-117,105,-1.0,-110,-101,43.5,-111,-100,1,0.4666666666666667,20.066666666666666,24.733333333333334,0.4666666666666667,20.933333333333334,21.933333333333334
2021,REG,18,TEN,28,HOU,25,-3,53,0,-575,410,-10.5,-105,-115,43.0,-110,-110,0,0.25,15.9375,26.5,0.6875,24.4375,20.5625
2021,REG,18,NE,24,MIA,33,9,57,0,-250,200,-6.0,-110,-110,41.0,-110,-110,1,0.5,19.25,21.8125,0.625,27.375,16.875
2021,REG,18,LAC,32,LV,35,3,67,1,-180,155,-3.5,-110,-110,48.0,-110,-110,1,0.5625,21.1875,25.4375,0.5625,27.625,26.5
2021,REG,18,CAR,17,TB,41,24,58,0,375,-510,11.0,-110,-110,43.0,-105,-115,1,0.75,29.375,21.0,0.3125,17.9375,22.6875
2021,REG,18,SF,27,LA,24,-3,51,1,150,-170,3.0,-105,-115,46.5,-115,-105,0,0.75,27.25,21.5625,0.5625,25.0,21.3125
2021,REG,18,NYJ,10,BUF,27,17,37,0,750,-1250,16.0,-110,-110,43.0,-110,-110,1,0.625,28.5,17.4375,0.25,18.75,29.8125
2021,REG,18,KC,28,DEN,24,-4,52,0,-600,435,-11.5,-110,-110,44.5,-110,-110,0,0.4375,19.4375,18.375,0.6875,28.25,21.25
2021,REG,18,NO,30,ATL,20,-10,50,0,-213,186,-4.5,-111,-100,40.0,102,-113,0,0.4375,18.3125,26.8125,0.5,20.875,19.6875
2021,REG,18,SEA,38,ARI,30,-8,68,0,190,-235,5.5,-110,-110,48.0,100,-120,0,0.6875,26.1875,20.5,0.375,22.3125,21.0
2021,REG,18,WAS,22,NYG,7,-15,29,0,-238,206,-6.0,-102,-109,36.0,-100,-111,0,0.25,15.6875,24.625,0.375,19.5625,26.6875
2021,REG,18,CHI,17,MIN,31,14,48,0,160,-190,3.5,-110,-110,45.5,-110,-110,1,0.4375,24.625,25.5625,0.375,18.375,23.5
2021,REG,18,IND,11,JAX,26,15,37,0,-1000,650,-14.0,-110,-110,43.0,-110,-110,1,0.125,14.1875,27.875,0.5625,27.5,21.1875
2021,REG,18,DAL,51,PHI,26,-25,77,0,-300,235,-6.5,-110,-110,46.0,-110,-110,0,0.5625,26.125,20.875,0.6875,29.9375,20.75
2021,REG,18,PIT,16,BAL,13,-3,29,1,135,-155,3.0,-110,-110,41.0,-115,-105,0,0.5,23.375,23.5,0.5,20.4375,24.0625
2021,REG,18,CIN,16,CLE,21,5,37,0,215,-265,6.5,-110,-110,38.0,-110,-110,1,0.4375,20.5,22.1875,0.625,27.75,22.1875
2021,REG,18,GB,30,DET,37,7,67,0,-195,165,-4.0,-110,-110,45.0,-115,-105,1,0.1875,18.0,27.3125,0.8125,26.25,20.875
2022,REG,1,BUF,31,LA,10,-21,41,0,-117,106,-1.0,-112,101,51.5,-101,-111,0,,,,,,
2022,REG,1,DEN,16,SEA,17,1,33,0,-253,221,-6.0,-107,-103,44.0,-115,102,1,,,,,,
2022,REG,1,NO,27,ATL,26,-1,53,0,-228,201,-6.0,-103,-107,43.5,-104,-108,0,,,,,,
2022,REG,1,CLE,26,CAR,24,-2,50,0,114,-125,2.5,-112,102,42.5,-113,100,0,,,,,,
2022,REG,1,SF,10,CHI,19,9,29,0,-248,217,-6.5,100,-111,38.0,-103,-109,1,,,,,,
2022,REG,1,PIT,23,CIN,20,-3,43,1,264,-308,7.5,-119,107,44.5,101,-113,0,,,,,,
2022,REG,1,PHI,38,DET,35,-3,73,0,-240,211,-6.0,-110,-100,49.0,-117,104,0,,,,,,
2022,REG,1,IND,20,HOU,20,0,40,1,-290,250,-7.0,-103,-107,46.0,-110,-102,0,,,,,,
2022,REG,1,NE,7,MIA,20,13,27,0,140,-155,3.0,-104,-106,47.0,-109,-103,1,,,,,,
2022,REG,1,BAL,24,NYJ,9,-15,33,0,-265,231,-6.5,-103,-107,44.0,-109,-103,0,,,,,,
2022,REG,1,JAX,22,WAS,28,6,50,0,143,-159,3.0,-101,-110,43.5,-110,-102,1,,,,,,
2022,REG,1,KC,44,ARI,21,-23,65,0,-252,221,-6.0,-107,-104,54.0,-110,-102,0,,,,,,
2022,REG,1,LV,19,LAC,24,5,43,0,161,-180,3.5,-106,-104,52.5,-103,-109,1,,,,,,
2022,REG,1,GB,7,MIN,23,16,30,0,113,-125,2.5,-116,105,47.0,-114,101,1,,,,,,
2022,REG,1,NYG,21,TEN,20,-1,41,0,209,-239,5.5,-108,-102,43.5,-101,-111,0,,,,,,
2022,REG,1,TB,19,DAL,3,-16,22,0,-133,120,-2.5,-108,-102,49.5,-102,-110,0,,,,,,
2022,REG,2,MIN,7,PHI,24,17,31,0,127,-141,2.5,106,-117,49.5,-115,102,1,1.0,38.0,35.0,1.0,23.0,7.0
2022,REG,2,ATL,27,LA,31,4,58,0,385,-473,10.5,-113,103,46.5,-116,103,1,0.0,10.0,31.0,0.0,26.0,27.0
2022,REG,2,CIN,17,DAL,20,3,37,0,-303,260,-7.5,110,-122,42.0,-104,-108,1,0.0,3.0,19.0,0.0,20.0,23.0
2022,REG,2,LAC,24,KC,27,3,51,0,167,-188,4.0,-113,102,52.5,-101,-111,1,1.0,44.0,21.0,1.0,24.0,19.0
2022,REG,2,MIA,42,BAL,38,-4,80,0,148,-164,3.0,103,-114,44.0,-114,101,0,1.0,24.0,9.0,1.0,20.0,7.0
2022,REG,2,NYJ,31,CLE,30,-1,61,0,207,-235,6.5,-111,100,38.5,-107,-105,0,1.0,26.0,24.0,0.0,9.0,24.0
2022,REG,2,WAS,27,DET,36,9,63,0,-114,103,-1.0,-107,-103,48.5,-114,101,1,0.0,35.0,38.0,1.0,28.0,22.0
2022,REG,2,IND,0,JAX,24,24,24,0,-157,142,-3.0,-107,-103,43.5,-104,-108,1,0.0,22.0,28.0,1.0,20.0,20.0
2022,REG,2,TB,20,NO,10,-10,30,0,-138,124,-2.5,-109,-102,44.0,-117,104,0,1.0,27.0,26.0,1.0,19.0,3.0
2022,REG,2,CAR,16,NYG,19,3,35,0,-114,103,-1.0,-106,-104,44.0,-102,-110,1,1.0,21.0,20.0,0.0,24.0,26.0
2022,REG,2,NE,17,PIT,14,-3,31,0,-150,135,-3.0,-102,-109,40.0,-101,-111,0,1.0,23.0,20.0,0.0,7.0,20.0
2022,REG,2,SEA,7,SF,27,20,34,0,318,-379,8.5,-113,102,40.0,-112,-100,1,0.0,10.0,19.0,1.0,17.0,16.0
2022,REG,2,HOU,9,DEN,16,7,25,0,391,-481,10.5,-114,103,46.0,-110,-102,1,0.0,16.0,17.0,0.0,20.0,20.0
2022,REG,2,ARI,29,LV,23,-6,52,1,197,-223,5.5,-110,100,51.5,-105,-107,0,0.0,19.0,24.0,0.0,21.0,44.0
2022,REG,2,CHI,10,GB,27,17,37,0,348,-420,10.5,-111,100,42.0,-104,-108,1,0.0,7.0,23.0,1.0,19.0,10.0
2022,REG,2,TEN,7,BUF,41,34,48,0,329,-395,10.0,-115,104,47.5,-108,-104,1,1.0,31.0,10.0,0.0,20.0,21.0
2022,REG,3,DET,24,MIN,28,4,52,0,232,-266,6.5,-101,-110,52.0,-117,104,1,0.5,15.0,15.5,0.5,35.5,32.5
2022,REG,3,BUF,19,MIA,21,2,40,0,-196,175,-4.0,-104,-106,54.0,-103,-109,1,1.0,31.0,22.5,1.0,36.0,8.5
2022,REG,3,KC,17,IND,20,3,37,0,-199,177,-4.5,103,-114,51.0,-105,-107,1,0.5,10.0,22.0,1.0,35.5,22.5
2022,REG,3,HOU,20,CHI,23,3,43,0,141,-156,3.0,-107,-103,40.0,-107,-105,1,0.5,14.5,18.5,0.0,14.5,18.0
2022,REG,3,NO,14,CAR,22,8,36,0,-123,112,-2.0,-102,-109,41.0,-112,-100,1,0.0,20.0,22.5,0.5,18.5,23.0
2022,REG,3,PIT,17,CLE,29,12,46,0,183,-206,4.5,-111,101,38.0,-107,-105,1,0.5,28.0,27.5,0.5,18.5,18.5
2022,REG,3,BAL,37,NE,26,-11,63,0,-143,129,-2.5,-114,104,45.5,-109,-103,0,0.5,12.0,17.0,0.5,31.0,25.5
2022,REG,3,LV,22,TEN,24,2,46,0,-130,117,-1.5,-113,103,45.5,-109,-103,1,0.0,13.5,31.0,0.0,21.0,26.5
2022,REG,3,PHI,24,WAS,8,-16,32,0,-240,210,-6.0,102,-112,47.0,-101,-111,0,0.5,27.5,29.0,1.0,31.0,21.0
2022,REG,3,JAX,38,LAC,10,-28,48,0,220,-252,6.5,-106,-104,46.0,-112,-100,0,0.5,24.0,23.0,0.5,23.0,14.0
2022,REG,3,LA,20,ARI,12,-8,32,0,-171,153,-3.5,104,-115,49.0,-114,102,0,0.5,25.0,33.5,0.5,20.5,29.0
2022,REG,3,ATL,27,SEA,23,-4,50,0,-104,-106,1.0,-112,102,43.0,103,-115,0,0.5,12.0,21.5,0.0,26.5,29.0
2022,REG,3,GB,14,TB,12,-2,26,0,112,-123,1.0,105,-115,41.5,-103,-109,0,1.0,19.5,6.5,0.5,17.0,16.5
2022,REG,3,SF,10,DEN,11,1,21,0,-110,-101,-1.0,-102,-108,44.0,101,-114,1,0.5,16.0,13.0,0.5,18.5,13.0
2022,REG,3,DAL,23,NYG,16,-7,39,0,109,-120,1.0,103,-113,38.5,-102,-110,0,1.0,20.0,18.0,0.5,11.5,18.0
2022,REG,3,CIN,27,NYJ,12,-15,39,0,-247,220,-6.5,104,-115,46.0,-106,-106,0,0.5,20.0,27.0,0.0,18.5,21.5
2022,REG,4,BUF,23,BAL,20,-3,43,0,-172,154,-3.0,-117,106,50.0,-103,-109,0,0.6666666666666666,33.0,25.666666666666668,0.6666666666666666,30.333333333333332,12.666666666666666
2022,REG,4,MIN,28,NO,25,-3,53,0,-199,177,-4.0,-103,-107,42.0,-110,-102,0,0.3333333333333333,17.0,22.666666666666668,0.6666666666666666,19.333333333333332,18.333333333333332
2022,REG,4,LA,9,SF,24,15,33,0,112,-124,1.0,106,-116,42.0,-109,-103,1,0.3333333333333333,15.666666666666666,12.333333333333334,0.6666666666666666,20.333333333333332,23.333333333333332
2022,REG,4,KC,41,TB,31,-10,72,0,113,-125,1.0,107,-118,46.5,102,-115,0,0.6666666666666666,17.0,9.0,0.6666666666666666,29.333333333333332,21.666666666666668
2022,REG,4,DEN,23,LV,32,9,55,0,124,-137,2.5,-101,-109,45.5,-110,-102,1,0.0,21.333333333333332,25.666666666666668,0.6666666666666666,14.333333333333334,12.0
2022,REG,4,NE,24,GB,27,3,51,1,358,-435,10.0,-120,109,40.5,-111,-101,1,0.6666666666666666,16.0,15.0,0.3333333333333333,16.666666666666668,23.666666666666668
2022,REG,4,ARI,26,CAR,16,-10,42,0,102,-113,1.0,-104,-106,44.0,-113,100,0,0.3333333333333333,20.666666666666668,19.666666666666668,0.3333333333333333,20.666666666666668,29.0
2022,REG,4,NYJ,24,PIT,20,-4,44,0,145,-161,3.0,-102,-108,41.0,102,-115,0,0.3333333333333333,18.0,22.0,0.3333333333333333,17.333333333333332,27.0
2022,REG,4,JAX,21,PHI,29,8,50,0,223,-256,6.5,-109,-102,44.0,-102,-111,1,1.0,28.666666666666668,16.666666666666668,0.6666666666666666,28.0,12.666666666666666
2022,REG,4,CHI,12,NYG,20,8,32,0,130,-144,3.0,-120,109,39.0,-103,-110,1,0.6666666666666666,18.666666666666668,19.666666666666668,0.6666666666666666,17.333333333333332,19.0
2022,REG,4,TEN,24,IND,17,-7,41,0,182,-205,4.5,-105,-105,43.0,-102,-110,0,0.6666666666666666,13.333333333333334,20.333333333333332,0.3333333333333333,17.0,28.0
2022,REG,4,LAC,34,HOU,24,-10,58,0,-234,205,-5.5,-106,-104,45.0,102,-115,0,0.0,16.333333333333332,19.666666666666668,0.3333333333333333,19.333333333333332,28.0
2022,REG,4,SEA,48,DET,45,-3,93,0,151,-169,3.0,103,-113,48.5,-112,-101,0,0.3333333333333333,31.666666666666668,31.0,0.3333333333333333,15.666666666666666,23.333333333333332
2022,REG,4,WAS,10,DAL,25,15,35,0,140,-155,3.0,-110,-101,40.5,-101,-111,1,0.6666666666666666,15.333333333333334,17.333333333333332,0.3333333333333333,21.0,27.333333333333332
2022,REG,4,MIA,15,CIN,27,12,42,0,169,-190,4.0,-107,-103,48.5,-103,-109,1,0.3333333333333333,21.333333333333332,18.333333333333332,1.0,27.666666666666668,21.333333333333332
2022,REG,4,CLE,20,ATL,23,3,43,0,-107,-103,-1.0,-101,-109,48.0,-100,-112,1,0.3333333333333333,26.666666666666668,27.0,0.6666666666666666,28.333333333333332,24.0
2022,REG,5,NYG,27,GB,22,-5,49,0,331,-397,8.5,104,-115,42.0,-110,-102,0,0.75,18.75,17.25,0.75,19.0,17.75
2022,REG,5,LV,29,KC,30,1,59,0,275,-321,7.5,-125,113,51.5,-109,-103,1,0.75,32.25,24.0,0.25,24.0,25.0
2022,REG,5,IND,12,DEN,9,-3,21,1,159,-178,3.5,-114,104,42.0,-106,-106,0,0.5,16.5,17.0,0.5,14.25,21.25
2022,REG,5,PIT,3,BUF,38,35,41,0,568,-749,14.0,-108,-102,44.0,-103,-110,1,0.75,28.5,14.5,0.25,18.5,22.5
2022,REG,5,LAC,30,CLE,28,-2,58,0,-114,103,-1.0,-106,-104,47.0,-114,102,0,0.5,26.25,23.75,0.5,23.0,27.0
2022,REG,5,HOU,13,JAX,6,-7,19,0,261,-304,7.0,-113,102,44.0,-112,-101,0,0.5,26.25,16.75,0.0,18.25,23.25
2022,REG,5,CHI,22,MIN,29,7,51,0,322,-385,10.0,-116,105,44.0,-106,-106,1,0.75,21.5,20.0,0.5,16.0,19.25
2022,REG,5,DET,0,NE,29,29,29,0,133,-148,3.0,-113,102,46.5,101,-114,1,0.25,18.5,24.5,0.25,35.0,35.25
2022,REG,5,SEA,32,NO,39,7,71,0,201,-229,5.5,-106,-104,45.5,-113,100,1,0.25,19.0,24.0,0.5,23.75,28.75
2022,REG,5,MIA,17,NYJ,40,23,57,0,-162,146,-3.0,-110,100,46.0,-101,-111,1,0.5,19.0,25.25,0.75,24.5,22.75
2022,REG,5,ATL,15,TB,21,6,36,0,355,-430,10.5,-113,102,46.0,101,-113,1,0.5,20.5,17.0,0.5,25.75,25.25
2022,REG,5,TEN,21,WAS,17,-4,38,0,-110,-100,-1.0,-102,-108,43.0,-106,-106,0,0.25,18.25,26.75,0.5,18.75,25.25
2022,REG,5,SF,37,CAR,15,-22,52,0,-234,206,-6.0,-102,-109,40.0,-104,-108,0,0.25,19.5,21.25,0.5,17.75,11.5
2022,REG,5,PHI,20,ARI,17,-3,37,0,-222,196,-5.5,101,-111,48.5,101,-113,0,0.5,22.0,25.75,1.0,28.75,17.75
2022,REG,5,DAL,22,LA,10,-12,32,0,195,-220,5.5,-112,102,42.0,-106,-106,0,0.5,17.5,23.5,0.75,17.75,15.5
2022,REG,5,CIN,17,BAL,19,2,36,0,151,-168,3.0,103,-114,47.5,-104,-108,1,0.5,29.75,25.0,0.5,22.75,17.5
2022,REG,6,SF,14,ATL,28,14,42,0,-185,166,-3.5,-100,-110,46.0,-109,-103,1,0.4,23.6,24.4,0.6,21.6,12.2
2022,REG,6,WAS,12,CHI,7,-5,19,0,-120,109,-1.0,-112,102,38.5,-105,-107,0,0.4,17.2,21.2,0.2,18.0,25.6
2022,REG,6,DEN,16,LAC,19,3,35,1,166,-186,3.5,-103,-107,45.5,-115,102,1,0.6,24.4,27.2,0.4,15.0,16.0
2022,REG,6,DAL,17,PHI,26,9,43,0,252,-292,6.5,109,-120,42.5,-104,-108,1,1.0,27.0,17.6,0.8,18.6,14.4
2022,REG,6,BUF,24,KC,20,-4,44,0,-146,132,-2.5,-116,105,54.0,-105,-107,0,0.8,31.8,25.0,0.8,30.4,12.2
2022,REG,6,ARI,9,SEA,19,10,28,0,-136,123,-2.5,-106,-104,50.0,-102,-110,1,0.4,25.4,30.8,0.4,21.0,24.6
2022,REG,6,CAR,10,LA,24,14,34,0,343,-413,10.0,-112,102,41.5,-109,-103,1,0.4,16.0,23.2,0.2,18.6,24.4
2022,REG,6,TB,18,PIT,20,2,38,0,-386,323,-10.0,103,-113,47.0,-117,104,1,0.2,15.4,25.6,0.6,20.6,16.6
2022,REG,6,BAL,20,NYG,24,4,44,0,-234,206,-5.5,-107,-103,46.0,-110,-102,1,0.8,20.6,18.6,0.6,27.6,23.4
2022,REG,6,CIN,30,NO,26,-4,56,0,-164,148,-3.0,-110,100,42.5,-104,-108,0,0.4,23.0,25.6,0.4,21.6,17.8
2022,REG,6,MIN,24,MIA,16,-8,40,0,-175,157,-3.0,-120,109,45.0,-107,-105,0,0.6,23.0,26.2,0.8,23.0,20.4
2022,REG,6,JAX,27,IND,34,7,61,0,110,-122,1.0,103,-114,41.0,100,-113,1,0.6,13.8,18.8,0.4,22.2,16.0
2022,REG,6,NYJ,27,GB,10,-17,37,0,305,-362,7.5,-101,-109,44.5,-101,-111,0,0.6,19.4,19.2,0.6,23.2,23.6
2022,REG,6,NE,38,CLE,15,-23,53,0,127,-140,2.5,101,-111,43.0,-104,-108,0,0.4,26.6,25.0,0.4,20.6,19.6
2022,REG,7,CLE,20,BAL,23,3,43,0,244,-282,6.5,100,-110,46.0,-100,-112,1,0.5,26.333333333333332,23.5,0.3333333333333333,24.666666666666668,27.166666666666668
2022,REG,7,CHI,33,NE,14,-19,47,0,327,-392,9.5,-110,-100,40.0,-106,-106,0,0.5,23.5,18.833333333333332,0.3333333333333333,15.5,19.666666666666668
2022,REG,7,NO,34,ARI,42,8,76,0,126,-140,2.5,-101,-109,44.0,-114,101,1,0.3333333333333333,19.0,23.666666666666668,0.3333333333333333,23.5,26.333333333333332
2022,REG,7,TB,3,CAR,21,18,24,0,-680,524,-13.0,-103,-107,39.5,-116,103,1,0.16666666666666666,17.166666666666668,24.333333333333332,0.5,20.166666666666668,17.166666666666668
2022,REG,7,ATL,17,CIN,35,18,52,0,235,-271,6.5,-100,-110,47.5,100,-112,1,0.5,23.0,19.166666666666668,0.5,24.333333333333332,22.666666666666668
2022,REG,7,DET,6,DAL,24,18,30,0,241,-278,7.0,-112,102,49.5,-102,-110,1,0.6666666666666666,18.333333333333332,16.333333333333332,0.2,28.0,34.0
2022,REG,7,NYG,23,JAX,17,-6,40,0,148,-165,3.0,102,-112,44.0,-105,-107,0,0.3333333333333333,23.0,19.0,0.8333333333333334,21.166666666666668,18.833333333333332
2022,REG,7,IND,10,TEN,19,9,29,0,129,-143,2.5,-102,-108,43.0,-104,-109,1,0.6,19.2,23.6,0.6666666666666666,17.166666666666668,20.166666666666668
2022,REG,7,GB,21,WAS,23,2,44,0,-195,173,-4.0,-102,-108,41.5,-105,-107,1,0.3333333333333333,17.0,22.5,0.5,17.833333333333332,20.5
2022,REG,7,NYJ,16,DEN,9,-7,25,0,-127,115,-2.0,-106,-104,37.0,-114,101,0,0.3333333333333333,15.166666666666666,16.5,0.6666666666666666,23.833333333333332,21.333333333333332
2022,REG,7,HOU,20,LV,38,18,58,0,278,-325,7.0,104,-115,46.0,-104,-108,1,0.2,25.0,26.0,0.2,17.2,19.8
2022,REG,7,SEA,37,LAC,23,-14,60,0,193,-219,5.5,-111,101,51.5,-114,101,0,0.6666666666666666,23.5,25.333333333333332,0.5,24.333333333333332,27.166666666666668
2022,REG,7,KC,44,SF,23,-21,67,0,-106,-104,-1.0,102,-112,49.0,-114,101,0,0.5,20.333333333333332,14.833333333333334,0.6666666666666666,29.833333333333332,24.833333333333332
2022,REG,7,PIT,10,MIA,16,6,26,0,255,-297,7.5,-119,108,44.5,-107,-105,1,0.5,21.833333333333332,25.833333333333332,0.3333333333333333,16.166666666666668,24.333333333333332
2022,REG,8,CIN,13,CLE,32,19,45,0,-163,147,-3.0,-112,102,45.0,-102,-110,1,0.2857142857142857,24.0,26.571428571428573,0.5714285714285714,24.714285714285715,18.857142857142858
2022,REG,8,GB,17,BUF,27,10,44,0,365,-445,10.5,-110,100,47.0,-104,-108,1,0.8333333333333334,29.333333333333332,13.5,0.42857142857142855,18.285714285714285,20.857142857142858
2022,REG,8,NYG,13,SEA,27,14,40,0,147,-164,3.0,-100,-110,44.5,-110,-102,1,0.5714285714285714,26.142857142857142,26.571428571428573,0.8571428571428571,21.428571428571427,18.571428571428573
2022,REG,8,SF,31,LA,14,-17,45,0,-104,-106,-1.0,103,-114,42.0,-103,-109,0,0.5,17.333333333333332,21.0,0.42857142857142855,20.714285714285715,19.0
2022,REG,8,WAS,17,IND,16,-1,33,0,136,-151,3.0,-114,103,40.5,-110,-102,0,0.5714285714285714,16.142857142857142,20.0,0.42857142857142855,17.857142857142858,22.285714285714285
2022,REG,8,TEN,17,HOU,10,-7,27,0,-115,104,-1.0,-107,-103,39.0,-102,-110,0,0.16666666666666666,17.666666666666668,22.833333333333332,0.6666666666666666,19.166666666666668,21.333333333333332
2022,REG,8,PIT,13,PHI,35,22,48,0,397,-490,11.0,102,-112,43.0,-110,-102,1,1.0,26.833333333333332,17.5,0.2857142857142857,15.285714285714286,23.142857142857142
2022,REG,8,NE,22,NYJ,17,-5,39,0,-155,140,-3.0,-103,-107,40.0,-102,-110,0,0.7142857142857143,22.714285714285715,19.571428571428573,0.42857142857142855,22.142857142857142,20.857142857142858
2022,REG,8,LV,0,NO,24,24,24,0,-119,108,-1.0,-111,101,48.5,-111,-101,1,0.2857142857142857,25.0,28.571428571428573,0.3333333333333333,27.166666666666668,25.0
2022,REG,8,ARI,26,MIN,34,8,60,0,177,-199,4.0,-105,-105,48.5,-106,-106,1,0.8333333333333334,23.166666666666668,19.666666666666668,0.42857142857142855,22.285714285714285,25.142857142857142
2022,REG,8,MIA,31,DET,27,-4,58,0,-190,169,-3.5,-112,102,52.0,-108,-104,0,0.16666666666666666,24.333333333333332,32.333333333333336,0.5714285714285714,21.0,23.571428571428573
2022,REG,8,CHI,29,DAL,49,20,78,0,355,-430,10.5,-121,109,43.0,-108,-104,1,0.7142857142857143,19.142857142857142,14.857142857142858,0.42857142857142855,18.0,18.857142857142858
2022,REG,8,CAR,34,ATL,37,3,71,1,178,-201,4.5,-110,-100,41.0,-106,-106,1,0.42857142857142855,23.285714285714285,24.428571428571427,0.2857142857142857,17.714285714285715,21.285714285714285
2022,REG,8,DEN,21,JAX,17,-4,38,0,-103,-107,1.0,-112,101,41.0,-103,-109,0,0.2857142857142857,22.142857142857142,19.571428571428573,0.2857142857142857,14.285714285714286,16.428571428571427
2022,REG,8,BAL,27,TB,22,-5,49,0,116,-128,2.0,-104,-106,46.0,-102,-110,0,0.42857142857142855,17.714285714285715,17.714285714285715,0.5714285714285714,25.857142857142858,23.0
2022,REG,9,MIN,20,WAS,17,-3,37,0,-169,151,-3.0,-119,108,43.5,-106,-106,0,0.5,17.75,21.5,0.8571428571428571,24.714285714285715,20.571428571428573
2022,REG,9,GB,9,DET,15,6,24,0,-191,170,-4.0,-107,-103,49.5,-107,-105,1,0.14285714285714285,24.714285714285715,32.142857142857146,0.375,18.125,21.625
2022,REG,9,BAL,27,NO,13,-14,40,0,-124,112,-1.0,-117,106,46.0,-108,-104,0,0.375,24.875,25.0,0.625,26.0,22.875
2022,REG,9,TEN,17,KC,20,3,37,1,530,-689,14.0,-107,-103,45.0,-106,-106,1,0.7142857142857143,31.857142857142858,24.571428571428573,0.7142857142857143,18.857142857142858,19.714285714285715
2022,REG,9,LA,13,TB,16,3,29,0,142,-158,3.0,-104,-106,43.0,-108,-104,1,0.375,18.25,18.875,0.42857142857142855,16.857142857142858,22.428571428571427
2022,REG,9,SEA,31,ARI,21,-10,52,0,116,-128,1.5,102,-113,49.5,-115,103,0,0.375,22.75,26.25,0.625,26.25,24.875
2022,REG,9,BUF,17,NYJ,20,3,37,0,-494,400,-11.0,103,-114,46.0,-102,-110,1,0.625,22.0,19.875,0.8571428571428571,29.0,14.0
2022,REG,9,IND,3,NE,26,23,29,0,188,-212,5.0,-115,104,40.0,-109,-103,1,0.5,22.125,20.375,0.5,16.125,19.625
2022,REG,9,LV,20,JAX,27,7,47,0,-129,116,-2.5,-102,-108,47.5,105,-118,1,0.25,21.5,19.75,0.2857142857142857,23.285714285714285,24.857142857142858
2022,REG,9,CAR,21,CIN,42,21,63,0,282,-331,7.0,-100,-110,43.0,-114,101,1,0.5,23.25,20.5,0.25,19.75,23.25
2022,REG,9,PHI,29,HOU,17,-12,46,0,-702,539,-14.0,102,-113,45.5,-112,-101,0,0.14285714285714285,16.571428571428573,22.0,1.0,28.0,16.857142857142858
2022,REG,9,LAC,20,ATL,17,-3,37,0,-143,130,-2.5,-114,103,49.5,-105,-107,0,0.5,25.0,25.625,0.5714285714285714,23.428571428571427,27.0
2022,REG,9,MIA,35,CHI,32,-3,67,0,-193,172,-4.0,-103,-107,46.0,-104,-108,0,0.375,19.375,22.625,0.625,22.25,24.0
2022,REG,10,JAX,17,KC,27,10,44,0,333,-399,10.0,-120,109,51.5,-110,-102,1,0.75,30.375,23.625,0.3333333333333333,22.11111111111111,19.77777777777778
2022,REG,10,WAS,32,PHI,21,-11,53,0,405,-501,11.0,-107,-103,43.0,-103,-109,0,1.0,28.125,16.875,0.4444444444444444,17.666666666666668,21.333333333333332
2022,REG,10,ATL,15,CAR,25,10,40,0,-132,119,-2.5,-103,-107,41.5,-106,-106,1,0.2222222222222222,19.88888888888889,25.333333333333332,0.4444444444444444,24.11111111111111,25.0
2022,REG,10,SEA,16,TB,21,5,37,0,124,-138,2.5,103,-114,45.0,-104,-108,1,0.4444444444444444,18.0,18.22222222222222,0.6666666666666666,26.77777777777778,24.444444444444443
2022,REG,10,MIN,33,BUF,30,-3,63,1,230,-264,6.5,-104,-106,47.0,-105,-107,0,0.75,27.5,14.75,0.875,24.125,20.125
2022,REG,10,CLE,17,MIA,39,22,56,0,158,-177,3.0,112,-123,49.0,-102,-110,1,0.6666666666666666,23.666666666666668,24.88888888888889,0.375,25.0,24.875
2022,REG,10,HOU,16,NYG,24,8,40,0,195,-221,5.5,-112,102,41.5,-109,-103,1,0.75,20.375,19.625,0.125,16.625,22.875
2022,REG,10,NO,10,PIT,20,10,30,0,105,-116,1.0,-103,-107,39.5,-104,-109,1,0.25,15.0,24.625,0.3333333333333333,23.555555555555557,25.22222222222222
2022,REG,10,DEN,10,TEN,17,7,27,0,122,-135,2.5,-105,-105,40.0,-107,-105,1,0.625,18.625,19.75,0.375,15.125,16.5
2022,REG,10,IND,25,LV,20,-5,45,0,177,-199,4.5,-112,101,41.0,101,-114,0,0.25,22.875,25.125,0.4444444444444444,14.666666666666666,20.333333333333332
2022,REG,10,DAL,28,GB,31,3,59,1,-199,177,-3.5,-113,102,44.5,-104,-108,1,0.3333333333333333,17.11111111111111,20.88888888888889,0.75,22.875,16.625
2022,REG,10,ARI,27,LA,17,-10,44,0,160,-183,3.5,-110,-102,38.0,-108,-104,0,0.375,16.375,21.625,0.3333333333333333,22.555555555555557,26.77777777777778
2022,REG,10,LAC,16,SF,22,6,38,0,302,-357,8.5,-105,-105,45.5,101,-113,1,0.5,22.0,18.375,0.625,23.0,25.75
2022,REG,10,DET,31,CHI,30,-1,61,0,143,-159,3.0,-105,-105,48.5,-114,101,0,0.3333333333333333,20.77777777777778,24.0,0.25,23.5,29.25
2022,REG,11,TEN,27,GB,17,-10,44,0,153,-171,3.0,106,-117,40.5,-109,-103,0,0.4,18.5,21.6,0.6666666666666666,18.444444444444443,18.666666666666668
2022,REG,11,CHI,24,ATL,27,3,51,0,125,-138,3.0,-122,110,48.5,-108,-104,1,0.4,23.2,25.0,0.3,21.7,24.7
2022,REG,11,CAR,3,BAL,13,10,16,0,503,-647,13.0,-117,106,42.0,-112,-100,1,0.6666666666666666,26.11111111111111,21.77777777777778,0.3,20.4,24.3
2022,REG,11,CLE,23,BUF,31,8,54,0,298,-353,7.5,-103,-108,50.5,-103,-109,1,0.6666666666666666,27.77777777777778,16.77777777777778,0.3333333333333333,24.11111111111111,26.444444444444443
2022,REG,11,WAS,23,HOU,10,-13,33,0,-150,135,-3.0,-100,-110,41.0,-106,-106,0,0.1111111111111111,16.555555555555557,23.0,0.5,19.1,21.3
2022,REG,11,PHI,17,IND,16,-1,33,0,-270,235,-6.5,-108,-102,45.5,-103,-109,0,0.5,15.7,20.3,0.8888888888888888,27.333333333333332,18.555555555555557
2022,REG,11,NYJ,3,NE,10,7,13,0,163,-182,3.5,-109,-102,38.5,-103,-109,1,0.5555555555555556,22.555555555555557,18.444444444444443,0.6666666666666666,21.77777777777778,19.555555555555557
2022,REG,11,LA,20,NO,27,7,47,0,112,-124,2.5,-115,104,39.5,-106,-106,1,0.3,22.2,24.7,0.3333333333333333,16.444444444444443,22.22222222222222
2022,REG,11,DET,31,NYG,18,-13,49,0,143,-159,3.0,-104,-107,44.0,103,-116,0,0.7777777777777778,20.77777777777778,19.22222222222222,0.3333333333333333,24.333333333333332,29.333333333333332
2022,REG,11,LV,22,DEN,16,-6,38,1,131,-145,2.5,106,-117,41.5,-113,100,0,0.3333333333333333,14.555555555555555,16.555555555555557,0.2222222222222222,22.555555555555557,25.11111111111111
2022,REG,11,SF,38,ARI,10,-28,48,0,-422,350,-10.0,103,-113,43.5,-114,101,0,0.4,23.0,25.8,0.5555555555555556,22.0,18.11111111111111
2022,REG,11,KC,30,LAC,27,-3,57,0,-231,203,-5.5,-102,-108,52.5,-102,-110,0,0.5555555555555556,22.22222222222222,25.333333333333332,0.7777777777777778,30.0,22.88888888888889
2022,REG,11,CIN,37,PIT,30,-7,67,0,-182,163,-3.5,101,-111,39.0,100,-112,0,0.3333333333333333,15.555555555555555,23.0,0.5555555555555556,25.333333333333332,20.555555555555557
2022,REG,11,DAL,40,MIN,3,-37,43,0,-131,118,-1.5,-115,104,48.5,-109,-103,0,0.8888888888888888,25.11111111111111,21.22222222222222,0.6666666666666666,23.444444444444443,18.22222222222222
2022,REG,12,BUF,28,DET,25,-3,53,0,-412,342,-10.0,105,-116,54.0,-102,-110,0,0.4,25.0,28.2,0.7,28.1,17.4
2022,REG,12,NYG,20,DAL,28,8,48,0,363,-441,10.5,-114,104,45.5,-106,-106,1,0.7,25.1,16.7,0.7,20.5,20.4
2022,REG,12,NE,26,MIN,33,7,59,0,123,-136,2.5,-102,-108,42.5,-106,-106,1,0.8,22.9,23.1,0.6,21.3,16.9
2022,REG,12,DEN,10,CAR,23,13,33,0,-116,105,-1.0,-109,-101,36.5,-111,-101,1,0.2727272727272727,18.818181818181817,23.272727272727273,0.3,14.7,17.1
2022,REG,12,TB,17,CLE,23,6,40,1,-169,151,-3.0,-118,107,42.0,-103,-109,1,0.3,24.0,26.9,0.5,18.3,18.0
2022,REG,12,BAL,27,JAX,28,1,55,0,-164,147,-3.5,111,-123,43.0,-102,-111,1,0.3,21.6,20.5,0.7,24.8,19.9
2022,REG,12,HOU,15,MIA,30,15,45,0,613,-822,14.0,-101,-109,47.0,-103,-109,1,0.7,25.2,24.1,0.1,15.9,23.0
2022,REG,12,CHI,10,NYJ,31,21,41,0,315,-375,8.5,-107,-103,36.5,-103,-109,1,0.6,19.9,18.6,0.2727272727272727,21.90909090909091,24.90909090909091
2022,REG,12,CIN,20,TEN,16,-4,36,0,-105,-105,-1.0,102,-113,43.0,-118,105,0,0.7,19.3,18.5,0.6,26.5,21.5
2022,REG,12,ATL,13,WAS,19,6,32,0,163,-183,3.5,-110,-100,40.5,-114,101,1,0.5454545454545454,19.454545454545453,20.272727272727273,0.45454545454545453,23.545454545454547,24.90909090909091
2022,REG,12,LAC,25,ARI,24,-1,49,0,-136,123,-2.5,-108,-102,48.5,-100,-112,0,0.36363636363636365,21.818181818181817,26.90909090909091,0.5,22.7,25.8
2022,REG,12,LV,40,SEA,34,-6,74,1,174,-196,4.0,-107,-103,47.5,-103,-109,0,0.6,25.7,24.1,0.3,22.5,24.2
2022,REG,12,LA,10,KC,26,16,36,0,768,-1088,16.5,-115,105,42.0,-108,-104,1,0.8,30.0,23.3,0.3,16.8,22.7
2022,REG,12,NO,0,SF,13,13,13,0,327,-392,9.5,-113,103,44.0,-116,103,1,0.6,23.6,17.3,0.36363636363636365,22.636363636363637,24.272727272727273
2022,REG,12,GB,33,PHI,40,7,73,0,241,-278,6.5,-105,-105,46.0,-106,-106,1,0.9,26.3,18.3,0.36363636363636365,18.363636363636363,22.09090909090909
2022,REG,12,PIT,24,IND,17,-7,41,0,116,-128,2.5,-110,-100,40.0,-114,101,0,0.45454545454545453,15.727272727272727,20.0,0.3,17.0,24.4
2022,REG,13,PIT,19,ATL,16,-3,35,0,-113,103,-1.0,-105,-105,43.0,-108,-104,0,0.4166666666666667,22.666666666666668,24.416666666666668,0.36363636363636365,17.636363636363637,23.727272727272727
2022,REG,13,NO,16,TB,17,1,33,0,169,-190,3.5,-105,-105,41.0,-107,-105,1,0.45454545454545453,18.181818181818183,18.454545454545453,0.3333333333333333,20.75,23.333333333333332
2022,REG,13,IND,19,DAL,54,35,73,0,376,-460,11.0,-109,-101,44.5,-104,-108,1,0.7272727272727273,25.363636363636363,17.0,0.4166666666666667,15.833333333333334,20.333333333333332
2022,REG,13,LAC,20,LV,27,7,47,0,125,-139,2.5,-102,-109,49.0,102,-114,1,0.36363636363636365,24.09090909090909,25.09090909090909,0.5454545454545454,22.90909090909091,25.636363636363637
2022,REG,13,KC,24,CIN,27,3,51,0,-132,120,-2.5,-108,-102,53.0,-107,-105,1,0.6363636363636364,25.90909090909091,21.0,0.8181818181818182,29.636363636363637,22.09090909090909
2022,REG,13,MIA,17,SF,33,16,50,0,196,-222,4.5,101,-111,46.0,-110,-102,1,0.6363636363636364,22.636363636363637,15.727272727272727,0.7272727272727273,25.636363636363637,23.272727272727273
2022,REG,13,SEA,27,LA,23,-4,50,0,-292,252,-7.0,107,-118,41.0,101,-114,0,0.2727272727272727,16.181818181818183,23.0,0.5454545454545454,26.454545454545453,25.545454545454547
2022,REG,13,TEN,10,PHI,35,25,45,0,189,-213,5.0,-109,-101,44.5,101,-114,1,0.9090909090909091,27.545454545454547,19.636363636363637,0.6363636363636364,19.0,18.636363636363637
2022,REG,13,WAS,20,NYG,20,0,40,1,-124,113,-2.5,105,-116,40.0,-104,-108,0,0.6363636363636364,20.454545454545453,21.09090909090909,0.5833333333333334,19.416666666666668,19.666666666666668
2022,REG,13,NYJ,22,MIN,27,5,49,0,132,-146,3.0,-117,106,44.0,-108,-104,1,0.8181818181818182,23.818181818181817,23.363636363636363,0.6363636363636364,20.90909090909091,17.818181818181817
2022,REG,13,CLE,27,HOU,14,-13,41,0,-329,280,-7.5,-108,-102,47.0,-119,106,0,0.09090909090909091,15.818181818181818,23.636363636363637,0.36363636363636365,23.90909090909091,26.0
2022,REG,13,JAX,14,DET,40,26,54,0,107,-118,1.0,-100,-110,51.5,-114,101,1,0.36363636363636365,25.0,28.181818181818183,0.36363636363636365,22.181818181818183,21.09090909090909
2022,REG,13,GB,28,CHI,19,-9,47,0,-182,163,-4.0,105,-116,45.0,-114,101,0,0.25,20.916666666666668,25.416666666666668,0.3333333333333333,19.583333333333332,23.583333333333332
2022,REG,13,DEN,9,BAL,10,1,19,0,294,-347,9.5,-124,112,40.5,100,-113,1,0.6363636363636364,25.0,20.636363636363637,0.2727272727272727,14.272727272727273,17.636363636363637
2022,REG,13,BUF,24,NE,10,-14,34,0,-185,165,-3.5,-105,-105,43.5,-103,-109,0,0.5454545454545454,21.727272727272727,18.363636363636363,0.7272727272727273,28.09090909090909,18.09090909090909
2022,REG,14,NYJ,12,BUF,20,8,32,0,332,-398,10.0,-108,-102,43.5,-104,-108,1,0.75,27.75,17.416666666666668,0.5833333333333334,21.0,18.583333333333332
2022,REG,14,NE,27,ARI,13,-14,40,0,-125,113,-2.0,-104,-106,44.0,-103,-110,0,0.3333333333333333,22.0,26.75,0.5,20.75,18.833333333333332
2022,REG,14,MIA,17,LAC,23,6,40,0,-163,146,-3.0,-113,102,54.5,-102,-110,1,0.5,22.666666666666668,25.75,0.6666666666666666,24.916666666666668,24.083333333333332
2022,REG,14,TB,7,SF,35,28,42,0,175,-196,3.5,-107,-103,38.0,104,-117,1,0.6666666666666666,23.5,15.833333333333334,0.5,18.083333333333332,18.25
2022,REG,14,CAR,30,SEA,24,-6,54,0,178,-200,3.5,106,-117,44.5,-109,-104,0,0.5833333333333334,26.5,25.333333333333332,0.3333333333333333,19.166666666666668,22.166666666666668
2022,REG,14,KC,34,DEN,28,-6,62,0,-394,329,-8.5,-108,-103,44.5,-112,-100,0,0.25,13.833333333333334,17.0,0.75,29.166666666666668,22.5
2022,REG,14,JAX,36,TEN,22,-14,58,0,151,-169,3.0,106,-117,42.0,-112,-101,0,0.5833333333333334,18.25,20.0,0.3333333333333333,21.5,22.666666666666668
2022,REG,14,BAL,16,PIT,14,-2,30,0,112,-124,1.5,-101,-109,37.0,-114,101,0,0.4166666666666667,17.75,23.083333333333332,0.6666666666666666,23.75,19.666666666666668
2022,REG,14,PHI,48,NYG,22,-26,70,0,-302,260,-7.5,104,-115,44.5,-109,-103,0,0.5833333333333334,20.416666666666668,21.0,0.9166666666666666,28.166666666666668,18.833333333333332
2022,REG,14,MIN,23,DET,34,11,57,0,119,-132,2.5,-108,-102,51.5,-110,-102,1,0.4166666666666667,26.25,27.0,0.8333333333333334,24.083333333333332,23.25
2022,REG,14,HOU,23,DAL,27,4,50,0,918,-1365,17.0,104,-115,44.5,-108,-104,1,0.75,27.75,17.166666666666668,0.08333333333333333,15.666666666666666,23.916666666666668
2022,REG,14,CLE,10,CIN,23,13,33,0,181,-204,4.5,-108,-102,47.0,-108,-105,1,0.6666666666666666,26.0,21.25,0.4166666666666667,24.166666666666668,25.0
2022,REG,14,LV,16,LA,17,1,33,0,-283,245,-6.5,-112,101,42.5,-115,102,1,0.25,16.75,23.333333333333332,0.4166666666666667,24.333333333333332,24.666666666666668
2022,REG,15,NYG,20,WAS,12,-8,32,0,180,-203,4.5,-114,103,40.5,-104,-108,0,0.6153846153846154,19.46153846153846,19.692307692307693,0.5384615384615384,20.53846153846154,23.076923076923077
2022,REG,15,TEN,14,LAC,17,3,31,0,142,-158,3.0,-108,-102,46.5,-101,-112,1,0.5384615384615384,22.692307692307693,25.076923076923077,0.5384615384615384,18.53846153846154,21.23076923076923
2022,REG,15,LA,12,GB,24,12,36,0,301,-356,8.0,-111,101,39.5,-101,-111,1,0.38461538461538464,20.23076923076923,23.23076923076923,0.3076923076923077,16.76923076923077,22.76923076923077
2022,REG,15,CIN,34,TB,23,-11,57,0,-167,150,-3.5,108,-120,47.0,101,-114,0,0.46153846153846156,17.23076923076923,19.53846153846154,0.6923076923076923,25.76923076923077,20.384615384615383
2022,REG,15,SF,21,SEA,13,-8,34,0,-169,152,-3.0,-115,104,43.0,-109,-103,0,0.5384615384615384,26.307692307692307,25.692307692307693,0.6923076923076923,24.384615384615383,15.153846153846153
2022,REG,15,IND,36,MIN,39,3,75,1,168,-188,3.5,-103,-107,46.5,-107,-105,1,0.7692307692307693,24.0,24.076923076923077,0.38461538461538464,16.076923076923077,22.923076923076923
2022,REG,15,BAL,3,CLE,13,10,16,0,139,-155,2.5,113,-125,39.5,-107,-105,1,0.38461538461538464,23.076923076923077,24.846153846153847,0.6923076923076923,23.153846153846153,19.23076923076923
2022,REG,15,MIA,29,BUF,32,3,61,0,273,-320,7.0,-104,-106,44.0,106,-119,1,0.7692307692307693,27.153846153846153,17.0,0.6153846153846154,24.307692307692307,24.0
2022,REG,15,PIT,24,CAR,16,-8,40,0,130,-145,2.5,-100,-110,36.5,101,-114,0,0.38461538461538464,20.0,22.307692307692307,0.38461538461538464,17.46153846153846,22.53846153846154
2022,REG,15,PHI,25,CHI,20,-5,45,0,-386,323,-8.5,-104,-106,48.0,-110,-103,0,0.23076923076923078,20.76923076923077,25.615384615384617,0.9230769230769231,29.692307692307693,19.076923076923077
2022,REG,15,KC,30,HOU,24,-6,54,1,-755,572,-14.5,109,-120,48.5,-109,-103,0,0.07692307692307693,16.23076923076923,24.153846153846153,0.7692307692307693,29.53846153846154,22.923076923076923
2022,REG,15,DAL,34,JAX,40,6,74,1,-188,168,-4.0,100,-110,48.5,-103,-110,1,0.38461538461538464,22.615384615384617,22.615384615384617,0.7692307692307693,27.692307692307693,17.615384615384617
2022,REG,15,ATL,18,NO,21,3,39,0,203,-231,5.0,103,-113,43.5,-109,-103,1,0.3076923076923077,20.384615384615383,22.846153846153847,0.38461538461538464,22.153846153846153,24.0
2022,REG,15,DET,20,NYJ,17,-3,37,0,120,-132,2.0,-100,-110,44.0,-109,-103,0,0.5384615384615384,20.307692307692307,18.692307692307693,0.46153846153846156,26.846153846153847,26.692307692307693
2022,REG,15,ARI,15,DEN,24,9,39,0,110,-121,1.5,-104,-106,37.5,-110,-103,1,0.23076923076923078,14.923076923076923,18.307692307692307,0.3076923076923077,21.307692307692307,26.76923076923077
2022,REG,15,NE,24,LV,30,6,54,0,117,-129,1.0,111,-122,45.0,-105,-108,1,0.38461538461538464,23.692307692307693,24.076923076923077,0.5384615384615384,21.23076923076923,18.384615384615383
2022,REG,16,LV,10,PIT,13,3,23,0,127,-141,2.5,-108,-102,38.5,-110,-102,1,0.42857142857142855,17.928571428571427,22.071428571428573,0.42857142857142855,24.142857142857142,24.071428571428573
2022,REG,16,JAX,19,NYJ,3,-16,22,0,123,-136,2.5,-104,-106,36.5,-106,-106,0,0.5,20.071428571428573,18.785714285714285,0.42857142857142855,23.857142857142858,23.428571428571427
2022,REG,16,ATL,9,BAL,17,8,26,0,238,-274,6.5,-108,-102,35.0,-105,-107,1,0.6428571428571429,21.714285714285715,18.785714285714285,0.35714285714285715,21.857142857142858,23.785714285714285
2022,REG,16,DET,23,CAR,37,14,60,0,-129,117,-2.5,101,-111,43.5,-112,-100,1,0.35714285714285715,19.714285714285715,22.428571428571427,0.5,26.357142857142858,26.0
2022,REG,16,BUF,35,CHI,13,-22,48,0,-360,304,-8.0,-110,-100,40.0,102,-115,0,0.21428571428571427,20.714285714285715,25.571428571428573,0.7857142857142857,27.5,17.857142857142858
2022,REG,16,NO,17,CLE,10,-7,27,0,162,-181,3.0,111,-123,32.0,-108,-104,0,0.42857142857142855,22.357142857142858,23.285714285714285,0.35714285714285715,20.428571428571427,22.5
2022,REG,16,SEA,10,KC,24,14,34,0,367,-447,10.5,-107,-103,50.5,-105,-107,1,0.7857142857142857,29.571428571428573,23.0,0.5,25.357142857142858,25.357142857142858
2022,REG,16,NYG,24,MIN,27,3,51,0,191,-215,4.5,-102,-108,48.0,-109,-104,1,0.7857142857142857,25.071428571428573,24.928571428571427,0.5714285714285714,20.5,22.285714285714285
2022,REG,16,CIN,22,NE,18,-4,40,0,-151,136,-3.0,100,-110,42.0,-109,-103,0,0.5,21.428571428571427,19.214285714285715,0.7142857142857143,26.357142857142858,20.571428571428573
2022,REG,16,HOU,19,TEN,14,-5,33,0,153,-170,3.0,103,-113,34.0,-111,-101,0,0.5,18.214285714285715,20.928571428571427,0.07142857142857142,16.785714285714285,24.571428571428573
2022,REG,16,WAS,20,SF,37,17,57,0,241,-279,6.5,-107,-103,37.5,-114,102,1,0.7142857142857143,24.142857142857142,15.0,0.5714285714285714,18.928571428571427,19.714285714285715
2022,REG,16,PHI,34,DAL,40,6,74,0,178,-200,4.0,-104,-106,48.0,-112,-101,1,0.7142857142857143,28.142857142857142,19.214285714285715,0.9285714285714286,29.357142857142858,19.142857142857142
2022,REG,16,GB,26,MIA,20,-6,46,0,163,-182,3.5,-107,-103,49.0,-103,-109,0,0.5714285714285714,24.642857142857142,24.571428571428573,0.42857142857142855,20.5,22.428571428571427
2022,REG,16,DEN,14,LA,51,37,65,0,-173,155,-3.0,-116,105,36.5,-109,-103,1,0.2857142857142857,16.428571428571427,22.857142857142858,0.2857142857142857,15.571428571428571,18.071428571428573
2022,REG,16,TB,19,ARI,16,-3,35,1,-320,273,-7.5,102,-113,41.5,-104,-108,0,0.2857142857142857,20.857142857142858,26.571428571428573,0.42857142857142855,17.642857142857142,20.571428571428573
2022,REG,16,LAC,20,IND,3,-17,23,0,-185,165,-3.5,-102,-108,44.5,-103,-109,0,0.35714285714285715,17.5,24.071428571428573,0.5714285714285714,22.285714285714285,24.285714285714285
2022,REG,17,NYJ,6,SEA,23,17,29,0,-113,102,-1.0,-105,-105,43.0,-103,-109,1,0.4666666666666667,24.333333333333332,25.266666666666666,0.4666666666666667,18.933333333333334,18.8
2022,REG,17,LA,10,LAC,31,21,41,0,244,-283,6.5,-102,-108,41.5,-112,-100,1,0.6,22.133333333333333,22.866666666666667,0.3333333333333333,18.733333333333334,22.266666666666666
2022,REG,17,PIT,16,BAL,13,-3,29,0,110,-121,1.0,102,-113,35.5,-105,-107,0,0.6666666666666666,21.4,18.133333333333333,0.4666666666666667,17.6,21.266666666666666
2022,REG,17,MIN,17,GB,41,24,58,0,155,-173,3.0,106,-117,47.5,-103,-109,1,0.4666666666666667,20.866666666666667,22.266666666666666,0.8,25.2,24.866666666666667
2022,REG,17,SF,37,LV,34,-3,71,1,-453,371,-10.0,-103,-107,41.5,-107,-105,0,0.4,23.2,23.333333333333332,0.7333333333333333,25.0,15.333333333333334
2022,REG,17,CLE,24,WAS,10,-14,34,0,106,-117,1.0,-101,-110,41.5,-109,-103,0,0.5333333333333333,19.0,20.866666666666667,0.4,21.533333333333335,22.866666666666667
2022,REG,17,CAR,24,TB,30,6,54,0,164,-184,3.5,-110,-100,40.5,-103,-109,1,0.4666666666666667,17.733333333333334,20.266666666666666,0.4,20.866666666666667,22.466666666666665
2022,REG,17,NO,20,PHI,10,-10,30,0,198,-225,5.5,-110,-100,41.5,101,-113,0,0.8666666666666667,29.666666666666668,20.533333333333335,0.4,20.2,21.666666666666668
2022,REG,17,IND,10,NYG,38,28,48,0,202,-229,5.5,-105,-105,38.5,-103,-109,1,0.5333333333333333,20.733333333333334,22.6,0.3333333333333333,16.533333333333335,23.8
2022,REG,17,MIA,21,NE,23,2,44,0,144,-160,3.0,-106,-104,41.5,-107,-105,1,0.4666666666666667,21.2,19.4,0.5333333333333333,24.333333333333332,24.666666666666668
2022,REG,17,DEN,24,KC,27,3,51,0,544,-711,13.5,-114,104,46.0,-104,-108,1,0.8,29.2,22.133333333333333,0.26666666666666666,15.466666666666667,20.266666666666666
2022,REG,17,JAX,31,HOU,3,-28,34,0,-187,167,-3.5,-104,-106,43.0,102,-115,0,0.13333333333333333,16.933333333333334,23.866666666666667,0.4666666666666667,23.533333333333335,22.066666666666666
2022,REG,17,CHI,10,DET,41,31,51,0,194,-219,4.5,-105,-105,52.5,-111,-101,1,0.4666666666666667,26.133333333333333,26.733333333333334,0.2,20.2,26.2
2022,REG,17,ARI,19,ATL,20,1,39,0,241,-279,7.0,-119,108,41.0,-113,100,1,0.3333333333333333,21.0,23.333333333333332,0.26666666666666666,20.533333333333335,26.066666666666666
2022,REG,17,DAL,27,TEN,13,-14,40,0,-741,563,-14.0,-100,-110,41.0,-113,101,0,0.4666666666666667,17.933333333333334,20.8,0.7333333333333333,28.933333333333334,20.2
2022,REG,18,ARI,13,SF,38,25,51,0,753,-1061,14.0,100,-111,40.0,-107,-105,1,0.75,25.75,16.5,0.25,20.4375,25.6875
2022,REG,18,DET,20,GB,16,-4,36,0,237,-273,5.5,-110,-100,49.0,-113,101,0,0.5,22.125,21.9375,0.5,27.0625,25.6875
2022,REG,18,DAL,6,WAS,26,20,32,0,-320,274,-7.5,-100,-110,40.5,-104,-108,1,0.5,18.4375,21.0625,0.75,28.8125,19.75
2022,REG,18,LA,16,SEA,19,3,35,1,198,-224,5.5,-112,102,41.5,-101,-111,1,0.5,24.25,24.0625,0.3125,18.1875,22.8125
2022,REG,18,NYG,16,PHI,22,6,38,0,858,-1252,16.5,-103,-107,42.5,-105,-107,1,0.8125,28.4375,20.5,0.5625,21.8125,21.8125
2022,REG,18,LAC,28,DEN,31,3,59,0,222,-254,6.0,-104,-106,38.5,-103,-110,1,0.25,16.0,20.6875,0.625,22.6875,22.0625
2022,REG,18,CLE,14,PIT,28,14,42,0,128,-142,2.5,-101,-109,40.0,-106,-106,1,0.5,17.5,20.75,0.4375,21.6875,22.0625
2022,REG,18,CAR,10,NO,7,-3,17,0,160,-179,3.5,-114,103,41.5,-107,-105,0,0.4375,20.1875,20.9375,0.375,21.0625,22.9375
2022,REG,18,NYJ,6,MIA,11,5,17,0,178,-200,3.5,-103,-107,37.5,-110,-103,1,0.5,24.125,24.5625,0.4375,18.125,19.0625
2022,REG,18,HOU,32,IND,31,-1,63,0,128,-142,3.0,-119,108,38.0,-111,-101,0,0.3125,16.125,24.6875,0.125,16.0625,24.3125
2022,REG,18,BAL,16,CIN,27,11,43,0,474,-603,11.0,105,-116,39.0,-102,-110,1,0.7333333333333333,26.066666666666666,20.4,0.625,20.875,18.0
2022,REG,18,MIN,29,CHI,13,-16,42,0,-260,227,-6.5,-104,-106,42.5,-103,-109,0,0.1875,19.5625,27.125,0.75,24.6875,25.875
2022,REG,18,NE,23,BUF,35,12,58,0,314,-373,8.0,104,-115,44.0,-104,-108,1,0.8,28.0,17.533333333333335,0.5,21.3125,19.5
2022,REG,18,TB,17,ATL,30,13,47,0,207,-235,6.0,-110,100,40.5,-106,-106,1,0.375,20.9375,23.0625,0.5,18.5,20.5
2022,REG,18,TEN,16,JAX,20,4,36,0,227,-260,6.0,-106,-104,39.5,-106,-106,1,0.5,24.0,20.875,0.4375,17.625,21.1875
2022,REG,18,KC,31,LV,13,-18,44,0,-407,338,-9.0,-105,-105,51.5,-108,-104,0,0.375,23.875,24.1875,0.8125,29.0625,22.25
2023,REG,1,BUF,16,NYJ,22,6,38,1,-135,114,-2.5,-110,-110,44.5,-110,-110,1,,,,,,
2023,REG,1,DAL,40,NYG,0,-40,40,0,-170,142,-3.5,100,-120,44.5,-110,-110,0,,,,,,
2023,REG,1,DET,21,KC,20,-1,41,0,164,-198,4.0,-110,-110,53.0,-110,-110,0,,,,,,
2023,REG,1,CAR,10,ATL,24,14,34,0,160,-192,3.5,-108,-112,40.5,-110,-110,1,,,,,,
2023,REG,1,HOU,9,BAL,25,16,34,0,380,-500,9.5,-110,-110,43.5,-110,-110,1,,,,,,
2023,REG,1,CIN,3,CLE,24,21,27,0,-112,-108,-1.0,-105,-115,46.5,-110,-110,1,,,,,,
2023,REG,1,JAX,31,IND,21,-10,52,0,-205,170,-4.0,-108,-112,45.5,-110,-110,0,,,,,,
2023,REG,1,TB,20,MIN,17,-3,37,0,170,-205,4.0,-110,-110,45.0,-110,-110,0,,,,,,
2023,REG,1,TEN,15,NO,16,1,31,0,124,-148,3.0,-118,-102,41.0,-110,-110,1,,,,,,
2023,REG,1,SF,30,PIT,7,-23,37,0,-120,100,-1.5,-108,-112,41.5,-110,-110,0,,,,,,
2023,REG,1,ARI,16,WAS,20,4,36,0,270,-340,7.0,-108,-112,38.0,-110,-110,1,,,,,,
2023,REG,1,GB,38,CHI,20,-18,58,0,-102,-118,1.0,-110,-110,41.0,-112,-108,0,,,,,,
2023,REG,1,LV,17,DEN,16,-1,33,0,136,-162,3.0,-105,-115,43.0,-110,-110,0,,,,,,
2023,REG,1,MIA,36,LAC,34,-2,70,0,136,-162,3.0,-110,-110,50.5,-110,-110,0,,,,,,
2023,REG,1,PHI,25,NE,20,-5,45,0,-185,154,-3.5,-110,-110,44.5,-112,-108,0,,,,,,
2023,REG,1,LA,30,SEA,13,-17,43,0,180,-218,4.5,-110,-110,45.0,-110,-110,0,,,,,,
2023,REG,2,MIN,28,PHI,34,6,62,0,195,-238,6.0,-110,-110,49.0,-110,-110,1,1.0,25.0,20.0,0.0,17.0,20.0
2023,REG,2,CHI,17,TB,27,10,44,0,114,-135,2.5,-110,-110,41.0,-110,-110,1,1.0,20.0,17.0,0.0,20.0,38.0
2023,REG,2,GB,24,ATL,25,1,49,0,124,-148,3.0,-115,-105,40.5,-110,-110,1,1.0,24.0,10.0,1.0,38.0,20.0
2023,REG,2,LV,10,BUF,38,28,48,0,280,-355,7.5,-110,-110,47.0,-110,-110,1,0.0,16.0,22.0,1.0,17.0,16.0
2023,REG,2,BAL,27,CIN,24,-3,51,0,145,-175,3.5,-118,-102,45.5,-110,-110,0,0.0,3.0,24.0,1.0,25.0,9.0
2023,REG,2,SEA,37,DET,31,-6,68,1,180,-218,4.5,-110,-110,47.5,-108,-112,0,1.0,21.0,20.0,0.0,13.0,30.0
2023,REG,2,IND,31,HOU,20,-11,51,0,-110,-110,-1.0,-105,-115,40.0,-110,-110,0,0.0,9.0,25.0,0.0,21.0,31.0
2023,REG,2,KC,17,JAX,9,-8,26,0,-170,142,-3.5,-102,-118,50.5,-110,-110,0,1.0,31.0,21.0,0.0,20.0,21.0
2023,REG,2,CLE,22,PIT,26,4,48,0,-148,124,-2.5,-115,-105,39.0,-110,-110,1,0.0,7.0,30.0,1.0,24.0,3.0
2023,REG,2,NO,20,CAR,17,-3,37,0,-175,145,-3.0,-118,-102,39.5,-108,-112,0,0.0,10.0,24.0,1.0,16.0,15.0
2023,REG,2,MIA,24,NE,17,-7,41,0,-130,110,-2.0,-112,-108,46.5,-112,-108,0,0.0,20.0,25.0,1.0,36.0,34.0
2023,REG,2,WAS,35,DEN,33,-2,68,0,164,-198,4.0,-110,-110,38.5,-110,-110,0,0.0,16.0,17.0,1.0,20.0,16.0
2023,REG,2,NYJ,10,DAL,30,20,40,0,300,-380,8.5,-110,-110,38.5,-110,-110,1,1.0,40.0,0.0,1.0,22.0,16.0
2023,REG,2,SF,30,LA,23,-7,53,0,-340,270,-7.5,-105,-115,45.0,-110,-110,0,1.0,30.0,13.0,1.0,30.0,7.0
2023,REG,2,NYG,31,ARI,28,-3,59,0,-225,185,-5.0,-110,-110,40.0,-110,-110,0,0.0,16.0,20.0,0.0,0.0,40.0
2023,REG,2,LAC,24,TEN,27,3,51,1,-142,120,-2.5,-118,-102,45.5,-110,-110,1,0.0,15.0,16.0,0.0,34.0,36.0
2023,REG,3,DEN,20,MIA,70,50,90,0,205,-250,6.0,-110,-110,47.5,-110,-110,1,1.0,30.0,25.5,0.0,24.5,26.0
2023,REG,3,HOU,37,JAX,17,-20,54,0,300,-380,7.5,-110,-110,43.5,-110,-110,0,0.5,20.0,19.0,0.0,14.5,28.0
2023,REG,3,NO,17,GB,18,1,35,0,-125,105,-1.5,-110,-110,41.5,-110,-110,1,0.5,31.0,22.5,1.0,18.0,16.0
2023,REG,3,ATL,6,DET,20,14,26,0,140,-166,3.0,100,-120,47.5,-108,-112,1,0.5,26.0,28.5,1.0,24.5,17.0
2023,REG,3,TEN,3,CLE,27,24,30,0,154,-185,3.5,-110,-110,38.0,-110,-110,1,0.5,23.0,14.5,0.5,21.0,20.0
2023,REG,3,IND,22,BAL,19,-3,41,1,300,-380,7.5,-110,-110,43.5,-110,-110,0,1.0,26.0,16.5,0.5,26.0,25.5
2023,REG,3,NYG,12,SF,30,18,42,0,400,-535,10.5,-105,-115,43.5,-108,-112,1,1.0,30.0,15.0,0.5,15.5,34.0
2023,REG,3,LAC,28,MIN,24,-4,52,0,-110,-110,1.0,-115,-105,54.0,-110,-110,0,0.0,22.5,27.0,0.0,29.0,31.5
2023,REG,3,NE,15,NYJ,10,-5,25,0,-142,120,-2.5,-112,-108,35.5,-110,-110,0,0.5,16.0,23.0,0.0,18.5,24.5
2023,REG,3,BUF,37,WAS,3,-34,40,0,-245,200,-5.5,-115,-105,44.0,-108,-112,0,1.0,27.5,24.5,0.5,27.0,16.0
2023,REG,3,CAR,27,SEA,37,10,64,0,185,-225,5.0,-110,-110,42.5,-110,-110,1,0.5,25.0,30.5,0.0,13.5,22.0
2023,REG,3,DAL,16,ARI,28,12,44,0,-650,470,-11.5,-110,-110,43.5,-110,-110,1,0.0,22.0,25.5,1.0,35.0,5.0
2023,REG,3,CHI,10,KC,41,31,51,0,525,-750,13.0,-110,-110,48.0,-110,-110,1,0.5,18.5,15.0,0.0,18.5,32.5
2023,REG,3,PIT,23,LV,18,-5,41,0,124,-148,3.0,-110,-110,43.5,-110,-110,0,0.5,13.5,27.0,0.5,16.5,26.0
2023,REG,3,PHI,25,TB,11,-14,36,0,-258,210,-6.0,-110,-110,44.0,-108,-112,0,1.0,23.5,17.0,1.0,29.5,24.0
2023,REG,3,LA,16,CIN,19,3,35,0,136,-162,3.0,100,-120,45.5,-108,-112,1,0.0,13.5,25.5,0.5,26.5,21.5
2023,REG,4,ATL,7,JAX,23,16,30,0,154,-185,3.5,-110,-110,42.5,-112,-108,1,0.3333333333333333,19.0,25.0,0.6666666666666666,18.333333333333332,18.0
2023,REG,4,MIA,20,BUF,48,28,68,0,120,-142,2.5,100,-120,53.0,-110,-110,1,0.6666666666666666,30.333333333333332,11.666666666666666,1.0,43.333333333333336,23.666666666666668
2023,REG,4,MIN,21,CAR,13,-8,34,0,-225,185,-4.5,-112,-108,46.5,-110,-110,0,0.0,18.0,27.0,0.0,23.0,27.333333333333332
2023,REG,4,DEN,31,CHI,28,-3,59,0,-162,136,-3.0,-112,-108,47.0,-110,-110,0,0.0,15.666666666666666,35.333333333333336,0.0,23.0,40.666666666666664
2023,REG,4,DET,34,GB,20,-14,54,0,-142,120,-2.5,-118,-102,45.0,-110,-110,0,0.6666666666666666,26.666666666666668,20.666666666666668,0.6666666666666666,24.0,21.0
2023,REG,4,BAL,28,CLE,3,-25,31,0,-135,114,-2.0,-110,-110,38.5,-110,-110,0,0.6666666666666666,24.333333333333332,10.666666666666666,0.6666666666666666,23.666666666666668,18.333333333333332
2023,REG,4,PIT,6,HOU,30,24,36,0,-162,136,-3.0,-110,-110,41.5,-110,-110,1,0.3333333333333333,22.0,24.333333333333332,0.6666666666666666,18.666666666666668,23.333333333333332
2023,REG,4,LA,29,IND,23,-6,52,1,-115,-105,-1.0,-110,-110,44.5,-110,-110,0,0.6666666666666666,24.666666666666668,23.333333333333332,0.3333333333333333,23.0,20.666666666666668
2023,REG,4,TB,26,NO,9,-17,35,0,170,-205,4.0,-110,-110,41.0,-110,-110,0,0.6666666666666666,17.666666666666668,16.666666666666668,0.6666666666666666,19.333333333333332,19.666666666666668
2023,REG,4,WAS,31,PHI,34,3,65,1,350,-455,9.5,-110,-110,43.0,-110,-110,1,1.0,28.0,19.666666666666668,0.6666666666666666,19.333333333333332,28.666666666666668
2023,REG,4,CIN,3,TEN,27,24,30,0,-162,136,-2.5,-120,100,41.5,-108,-112,1,0.3333333333333333,15.0,22.333333333333332,0.3333333333333333,15.333333333333334,22.333333333333332
2023,REG,4,LV,17,LAC,24,7,41,0,250,-310,7.0,-115,-105,49.0,-110,-110,1,0.3333333333333333,28.666666666666668,29.0,0.3333333333333333,15.0,25.666666666666668
2023,REG,4,NE,3,DAL,38,35,41,0,230,-285,6.5,-108,-112,43.0,-110,-110,1,0.6666666666666666,28.666666666666668,12.666666666666666,0.3333333333333333,17.333333333333332,19.666666666666668
2023,REG,4,ARI,16,SF,35,19,51,0,700,-1100,15.0,-108,-112,44.0,-105,-115,1,1.0,30.0,14.0,0.3333333333333333,24.0,22.333333333333332
2023,REG,4,SEA,24,NYG,3,-21,27,0,-142,120,-2.5,-115,-105,46.5,-115,-105,0,0.3333333333333333,14.333333333333334,32.666666666666664,0.6666666666666666,29.0,29.333333333333332
2023,REG,4,KC,23,NYJ,20,-3,43,0,-485,370,-9.5,-110,-110,41.5,-105,-115,0,0.3333333333333333,14.0,20.333333333333332,0.6666666666666666,26.0,13.333333333333334
2023,REG,5,JAX,25,BUF,20,-5,45,0,205,-250,5.5,-110,-110,48.5,-108,-112,0,0.75,34.75,13.75,0.5,20.0,20.5
2023,REG,5,NYG,16,MIA,31,15,47,0,525,-750,12.5,-110,-110,47.5,-108,-112,1,0.75,37.5,29.75,0.25,11.5,30.5
2023,REG,5,GB,13,LV,17,4,30,0,-102,-118,1.0,-110,-110,45.0,-110,-110,1,0.25,15.5,25.25,0.5,25.0,24.0
2023,REG,5,DAL,10,SF,42,32,52,0,150,-180,3.5,-115,-105,45.0,-105,-115,1,1.0,31.25,14.5,0.75,31.0,10.25
2023,REG,5,KC,27,MIN,20,-7,47,0,-180,150,-3.5,-105,-115,52.5,-110,-110,0,0.25,22.5,23.75,0.75,25.25,15.0
2023,REG,5,NYJ,31,DEN,21,-10,52,0,114,-135,2.5,-110,-110,42.5,-110,-110,0,0.25,25.0,37.5,0.25,15.5,21.0
2023,REG,5,PHI,23,LA,14,-9,37,0,-192,160,-3.5,-110,-110,50.5,-110,-110,0,0.5,24.5,21.25,1.0,29.5,22.5
2023,REG,5,CIN,34,ARI,20,-14,54,0,-170,142,-3.0,-120,100,45.5,-110,-110,0,0.25,22.0,25.5,0.25,12.25,23.5
2023,REG,5,BAL,10,PIT,17,7,27,0,-230,190,-4.5,-112,-108,38.5,-110,-110,1,0.5,15.5,25.0,0.75,24.75,14.5
2023,REG,5,NO,34,NE,0,-34,34,0,114,-135,2.5,-110,-110,38.5,-110,-110,0,0.25,13.75,24.25,0.5,15.5,19.0
2023,REG,5,CHI,40,WAS,20,-20,60,0,210,-258,6.0,-110,-110,45.5,-112,-108,0,0.5,22.25,30.0,0.0,18.75,34.25
2023,REG,5,HOU,19,ATL,21,2,40,0,120,-142,2.5,-110,-110,42.0,-110,-110,1,0.5,15.5,19.25,0.5,24.0,19.75
2023,REG,5,CAR,24,DET,42,18,66,0,350,-455,9.5,-110,-110,43.5,-110,-110,1,0.75,26.5,20.75,0.0,16.75,25.5
2023,REG,5,TEN,16,IND,23,7,39,0,-142,120,-2.5,-110,-110,43.5,-110,-110,1,0.5,24.25,24.75,0.5,18.0,17.5
2023,REG,6,MIN,19,CHI,13,-6,32,0,-166,140,-3.0,-115,-105,44.5,-112,-108,0,0.2,23.0,31.4,0.2,22.0,24.4
2023,REG,6,DEN,8,KC,19,11,27,0,470,-650,10.5,-108,-112,47.5,-112,-108,1,0.8,25.6,16.0,0.2,24.2,36.2
2023,REG,6,BAL,24,TEN,16,-8,40,0,-250,205,-5.5,-112,-108,42.5,-110,-110,0,0.4,17.6,18.6,0.6,21.8,15.0
2023,REG,6,WAS,24,ATL,16,-8,40,0,105,-125,1.5,-108,-112,42.0,-110,-110,0,0.6,16.6,19.2,0.4,21.8,32.0
2023,REG,6,SEA,13,CIN,17,4,30,0,130,-155,3.0,-112,-108,45.5,-108,-112,1,0.4,16.6,22.8,0.75,27.75,22.75
2023,REG,6,SF,17,CLE,19,2,36,0,-470,360,-9.5,-115,-105,36.0,-110,-110,1,0.5,19.0,15.0,1.0,33.4,13.6
2023,REG,6,NO,13,HOU,20,7,33,0,-130,110,-2.0,-110,-110,42.5,-112,-108,1,0.4,23.0,20.0,0.6,19.2,15.2
2023,REG,6,IND,20,JAX,37,17,57,0,170,-205,4.0,-110,-110,44.0,-110,-110,1,0.6,21.0,20.4,0.6,24.0,23.0
2023,REG,6,CAR,21,MIA,42,21,63,0,700,-1100,14.0,-110,-110,47.5,-112,-108,1,0.8,36.2,27.0,0.0,18.2,28.8
2023,REG,6,NE,17,LV,21,4,38,0,124,-148,3.0,-118,-102,41.5,-110,-110,1,0.4,15.8,22.8,0.2,11.0,26.2
2023,REG,6,ARI,9,LA,26,17,35,0,270,-340,7.0,-105,-115,48.0,-110,-110,1,0.4,22.4,21.6,0.2,21.6,27.2
2023,REG,6,PHI,14,NYJ,20,6,34,0,-305,245,-6.5,-115,-105,43.0,-105,-115,1,0.4,18.6,21.0,1.0,28.2,20.8
2023,REG,6,DET,20,TB,6,-14,26,0,-162,136,-3.0,-115,-105,43.5,-112,-108,0,0.75,21.0,17.0,0.8,29.6,21.4
2023,REG,6,NYG,9,BUF,14,5,23,0,750,-1200,15.5,-110,-110,43.5,-110,-110,1,0.6,31.8,16.0,0.2,12.4,30.6
2023,REG,6,DAL,20,LAC,17,-3,37,0,-130,110,-1.5,-112,-108,49.5,-108,-112,0,0.5,27.5,26.0,0.6,26.8,16.6
2023,REG,7,JAX,31,NO,24,-7,55,0,124,-148,2.5,-108,-112,41.0,-110,-110,0,0.5,18.166666666666668,16.0,0.6666666666666666,23.666666666666668,20.333333333333332
2023,REG,7,PIT,24,LA,17,-7,41,0,145,-175,3.5,-118,-102,44.0,-112,-108,0,0.5,23.0,19.5,0.6,15.8,22.0
2023,REG,7,ARI,10,SEA,20,10,30,0,350,-455,9.5,-112,-108,43.5,-110,-110,1,0.6,24.8,21.6,0.16666666666666666,19.5,27.0
2023,REG,7,GB,17,DEN,19,2,36,0,-102,-118,1.5,-112,-108,44.0,-110,-110,1,0.16666666666666666,21.5,33.333333333333336,0.4,22.6,22.6
2023,REG,7,LAC,17,KC,31,14,48,0,215,-265,5.5,-105,-115,48.5,-108,-112,1,0.8333333333333334,24.5,14.666666666666666,0.4,25.4,24.8
2023,REG,7,MIA,17,PHI,31,14,48,0,130,-155,3.0,-112,-108,52.0,-110,-110,1,0.8333333333333334,25.833333333333332,20.666666666666668,0.8333333333333334,37.166666666666664,26.0
2023,REG,7,SF,17,MIN,22,5,39,0,-325,260,-7.0,-105,-115,44.5,-110,-110,1,0.3333333333333333,21.5,22.5,0.8333333333333334,30.666666666666668,14.5
2023,REG,7,BUF,25,NE,29,4,54,0,-395,310,-7.5,-110,-110,41.0,-110,-110,1,0.16666666666666666,12.0,25.333333333333332,0.6666666666666666,28.833333333333332,14.833333333333334
2023,REG,7,CLE,39,IND,38,-1,77,0,-180,150,-3.5,-108,-112,40.0,-110,-110,0,0.5,23.333333333333332,25.333333333333332,0.6,19.0,15.4
2023,REG,7,LV,12,CHI,30,18,42,0,-142,120,-2.5,-110,-110,38.5,-110,-110,1,0.16666666666666666,21.333333333333332,29.333333333333332,0.5,16.666666666666668,21.833333333333332
2023,REG,7,DET,6,BAL,38,32,44,0,136,-162,3.0,-105,-115,43.5,-108,-112,1,0.6666666666666666,22.166666666666668,15.166666666666666,0.8333333333333334,28.0,18.833333333333332
2023,REG,7,ATL,16,TB,13,-3,29,0,124,-148,3.0,-115,-105,37.5,-115,-105,0,0.6,18.0,17.6,0.5,16.5,20.0
2023,REG,7,WAS,7,NYG,14,7,21,0,-162,136,-3.0,-108,-112,37.0,-112,-108,1,0.16666666666666666,11.833333333333334,27.833333333333332,0.5,22.166666666666668,29.333333333333332
2023,REG,8,LA,20,DAL,43,23,63,0,250,-310,6.5,-105,-115,44.5,-110,-110,1,0.6666666666666666,25.666666666666668,16.666666666666668,0.42857142857142855,22.142857142857142,20.142857142857142
2023,REG,8,TB,18,BUF,24,6,42,0,370,-485,10.0,-112,-108,43.0,-110,-110,1,0.5714285714285714,28.285714285714285,16.857142857142858,0.5,17.166666666666668,17.333333333333332
2023,REG,8,HOU,13,CAR,15,2,28,0,-162,136,-3.0,-118,-102,43.0,-110,-110,1,0.0,18.666666666666668,31.0,0.5,22.5,18.833333333333332
2023,REG,8,MIN,24,GB,10,-14,34,0,-112,-108,-1.0,-108,-112,41.5,-108,-112,0,0.3333333333333333,21.666666666666668,22.0,0.42857142857142855,21.571428571428573,21.714285714285715
2023,REG,8,NO,38,IND,27,-11,65,0,-130,110,-2.0,-110,-110,43.5,-110,-110,0,0.42857142857142855,25.428571428571427,27.285714285714285,0.42857142857142855,19.0,18.142857142857142
2023,REG,8,NE,17,MIA,31,14,48,0,300,-380,7.5,-110,-110,46.5,-110,-110,1,0.7142857142857143,34.285714285714285,26.714285714285715,0.2857142857142857,14.428571428571429,25.285714285714285
2023,REG,8,NYJ,13,NYG,10,-3,23,1,-162,136,-3.0,-115,-105,35.0,-112,-108,0,0.2857142857142857,12.142857142857142,24.857142857142858,0.5,18.833333333333332,19.833333333333332
2023,REG,8,JAX,20,PIT,10,-10,30,0,-135,114,-2.5,-110,-110,41.0,-110,-110,0,0.6666666666666666,17.166666666666668,21.166666666666668,0.7142857142857143,24.714285714285715,20.857142857142858
2023,REG,8,ATL,23,TEN,28,5,51,0,-130,110,-2.5,-110,-110,35.0,-110,-110,1,0.3333333333333333,17.333333333333332,19.5,0.5714285714285714,16.428571428571427,19.0
2023,REG,8,PHI,38,WAS,31,-7,69,0,-305,245,-7.0,-110,-110,42.5,-110,-110,0,0.42857142857142855,20.0,27.142857142857142,0.8571428571428571,26.571428571428573,20.142857142857142
2023,REG,8,CLE,20,SEA,24,4,44,0,164,-198,4.0,-110,-110,39.5,-112,-108,1,0.6666666666666666,24.0,19.666666666666668,0.6666666666666666,22.333333333333332,19.166666666666668
2023,REG,8,BAL,31,ARI,24,-7,55,0,-500,380,-9.5,-110,-110,44.5,-110,-110,0,0.14285714285714285,18.142857142857142,26.0,0.7142857142857143,24.428571428571427,13.857142857142858
2023,REG,8,KC,9,DEN,24,15,33,0,-340,270,-7.0,-102,-118,45.5,-110,-110,1,0.2857142857142857,21.142857142857142,31.0,0.8571428571428571,25.428571428571427,15.0
2023,REG,8,CIN,31,SF,17,-14,48,0,170,-205,4.0,-105,-115,44.0,-110,-110,0,0.7142857142857143,28.714285714285715,15.571428571428571,0.5,16.666666666666668,21.166666666666668
2023,REG,8,CHI,13,LAC,30,17,43,0,340,-440,9.5,-108,-112,46.0,-112,-108,1,0.3333333333333333,24.0,25.833333333333332,0.2857142857142857,22.571428571428573,26.857142857142858
2023,REG,8,LV,14,DET,26,12,40,0,270,-340,7.0,-110,-110,46.0,-110,-110,1,0.7142857142857143,24.857142857142858,21.571428571428573,0.42857142857142855,16.0,23.0
2023,REG,9,ARI,0,CLE,27,27,27,0,525,-750,13.0,-112,-108,38.0,-110,-110,1,0.5714285714285714,22.0,19.857142857142858,0.125,18.875,26.625
2023,REG,9,BUF,18,CIN,24,6,42,0,105,-125,1.5,-108,-112,51.0,-110,-110,1,0.5714285714285714,18.714285714285715,20.571428571428573,0.625,27.75,17.0
2023,REG,9,LAC,27,NYJ,6,-21,33,0,-170,142,-3.0,-118,-102,41.0,-110,-110,0,0.5714285714285714,18.0,18.428571428571427,0.42857142857142855,24.857142857142858,24.0
2023,REG,9,DAL,23,PHI,28,5,51,0,145,-175,3.5,-118,-102,46.5,-110,-110,1,0.875,28.0,21.5,0.7142857142857143,28.142857142857142,17.142857142857142
2023,REG,9,TEN,16,PIT,20,4,36,0,145,-175,3.5,-120,100,37.0,-108,-112,1,0.5714285714285714,16.142857142857142,21.0,0.42857142857142855,18.857142857142858,20.0
2023,REG,9,MIA,14,KC,21,7,35,0,-105,-115,1.0,-112,-108,51.0,-108,-112,1,0.75,23.375,16.125,0.75,33.875,25.5
2023,REG,9,MIN,31,ATL,28,-3,59,0,160,-192,3.5,-108,-112,38.5,-112,-108,0,0.5,17.25,20.125,0.5,21.875,20.25
2023,REG,9,SEA,3,BAL,37,34,40,0,220,-270,6.0,-110,-110,44.5,-112,-108,1,0.75,25.25,15.125,0.7142857142857143,24.0,19.714285714285715
2023,REG,9,LA,3,GB,20,17,23,0,160,-198,3.5,-108,-112,38.0,-112,-108,1,0.2857142857142857,20.0,22.285714285714285,0.375,21.875,23.0
2023,REG,9,NYG,6,LV,30,24,36,0,-102,-118,1.0,-110,-110,38.5,-112,-108,1,0.375,15.75,23.375,0.25,11.875,23.375
2023,REG,9,TB,37,HOU,39,2,76,0,124,-148,2.5,100,-120,39.5,-110,-110,1,0.42857142857142855,21.142857142857142,18.285714285714285,0.42857142857142855,17.285714285714285,18.285714285714285
2023,REG,9,WAS,20,NE,17,-3,37,0,130,-155,2.5,100,-120,40.5,-110,-110,0,0.25,14.75,26.0,0.375,21.375,28.5
2023,REG,9,CHI,17,NO,24,7,41,0,340,-440,9.0,-108,-112,42.0,-110,-110,1,0.5,21.375,19.25,0.25,21.375,27.25
2023,REG,9,IND,27,CAR,13,-14,40,0,-130,110,-1.5,-108,-112,45.0,-110,-110,0,0.14285714285714285,18.142857142857142,28.428571428571427,0.375,25.625,28.625
2023,REG,10,ATL,23,ARI,25,2,48,0,-130,110,-2.0,-110,-110,43.5,-108,-112,1,0.1111111111111111,16.77777777777778,26.666666666666668,0.4444444444444444,18.444444444444443,21.333333333333332
2023,REG,10,NYG,17,DAL,49,32,66,0,1100,-2100,17.5,-108,-112,38.5,-108,-112,1,0.625,27.5,18.5,0.2222222222222222,11.222222222222221,24.11111111111111
2023,REG,10,CAR,13,CHI,16,3,29,0,150,-180,3.0,100,-120,38.0,-105,-115,1,0.2222222222222222,20.88888888888889,26.88888888888889,0.125,17.5,28.25
2023,REG,10,IND,10,NE,6,-4,16,0,-118,-102,-1.0,-110,-110,42.0,-110,-110,0,0.2222222222222222,15.0,25.333333333333332,0.4444444444444444,25.77777777777778,26.88888888888889
2023,REG,10,CLE,33,BAL,31,-2,64,0,210,-258,6.0,-112,-108,38.5,-108,-112,0,0.7777777777777778,26.555555555555557,13.777777777777779,0.625,22.625,17.375
2023,REG,10,HOU,30,CIN,27,-3,57,0,205,-250,5.5,-110,-110,46.0,-110,-110,0,0.625,19.375,20.25,0.5,23.375,20.625
2023,REG,10,SF,34,JAX,3,-31,37,0,-170,142,-3.0,-112,-108,44.5,-112,-108,0,0.75,24.125,19.5,0.625,27.25,17.5
2023,REG,10,NO,19,MIN,27,8,46,0,-155,130,-3.0,-105,-115,41.0,-112,-108,1,0.5555555555555556,22.88888888888889,21.11111111111111,0.5555555555555556,21.666666666666668,19.0
2023,REG,10,GB,19,PIT,23,4,42,0,140,-166,3.0,100,-120,38.5,-112,-108,1,0.625,16.625,20.375,0.375,20.0,19.875
2023,REG,10,TEN,6,TB,20,14,26,0,120,-142,2.5,-105,-115,39.5,-110,-110,1,0.375,19.75,20.875,0.375,18.5,20.0
2023,REG,10,DET,41,LAC,38,-3,79,0,-142,120,-2.5,-110,-110,48.5,-110,-110,0,0.5,25.125,21.75,0.75,25.0,20.625
2023,REG,10,DEN,24,BUF,22,-2,46,0,310,-395,7.5,-112,-108,47.5,-112,-108,0,0.5555555555555556,26.666666666666668,17.77777777777778,0.375,21.5,28.25
2023,REG,10,NYJ,12,LV,16,4,28,0,-115,-105,-1.0,-108,-112,35.5,-112,-108,1,0.4444444444444444,17.333333333333332,21.444444444444443,0.5,16.5,19.5
2023,REG,10,WAS,26,SEA,29,3,55,0,220,-270,6.0,-110,-110,44.0,-112,-108,1,0.625,21.375,21.875,0.4444444444444444,21.22222222222222,27.22222222222222
2023,REG,11,CIN,20,BAL,34,14,54,0,170,-205,4.0,-112,-108,46.5,-112,-108,1,0.7,27.0,15.7,0.5555555555555556,20.22222222222222,21.333333333333332
2023,REG,11,DAL,33,CAR,10,-23,43,0,-650,470,-11.0,-110,-110,43.0,-108,-112,0,0.1111111111111111,17.0,26.88888888888889,0.6666666666666666,29.88888888888889,18.333333333333332
2023,REG,11,PIT,10,CLE,13,3,23,0,120,-142,2.5,-105,-115,34.0,-108,-112,1,0.6666666666666666,23.77777777777778,18.88888888888889,0.6666666666666666,17.333333333333332,20.22222222222222
2023,REG,11,CHI,26,DET,31,5,57,0,340,-440,8.0,-110,-110,48.0,-110,-110,1,0.7777777777777778,26.77777777777778,22.555555555555557,0.3,20.4,25.5
2023,REG,11,LAC,20,GB,23,3,43,0,-162,136,-3.0,-110,-110,44.0,-108,-112,1,0.3333333333333333,19.88888888888889,20.22222222222222,0.4444444444444444,26.555555555555557,23.88888888888889
2023,REG,11,ARI,16,HOU,21,5,37,0,205,-250,5.5,-108,-112,48.0,-110,-110,1,0.5555555555555556,24.11111111111111,21.333333333333332,0.2,17.6,26.3
2023,REG,11,TEN,14,JAX,34,20,48,0,235,-290,6.5,-105,-115,40.0,-110,-110,1,0.6666666666666666,21.77777777777778,21.11111111111111,0.3333333333333333,17.11111111111111,20.0
2023,REG,11,LV,13,MIA,20,7,33,0,700,-1100,14.0,-110,-110,44.5,-110,-110,1,0.6666666666666666,31.666666666666668,25.0,0.5,17.2,20.5
2023,REG,11,NYG,31,WAS,19,-12,50,0,310,-395,7.5,-110,-110,39.0,-110,-110,0,0.4,21.7,27.4,0.2,11.8,26.6
2023,REG,11,TB,14,SF,27,13,41,0,625,-950,13.5,-110,-110,41.5,-108,-112,1,0.6666666666666666,28.0,15.88888888888889,0.4444444444444444,19.77777777777778,19.22222222222222
2023,REG,11,NYJ,6,BUF,32,26,38,0,310,-395,8.0,-108,-112,39.5,-112,-108,1,0.5,26.2,18.4,0.4444444444444444,16.0,19.11111111111111
2023,REG,11,SEA,16,LA,17,1,33,0,114,-135,2.5,-110,-110,45.0,-108,-112,1,0.3333333333333333,19.77777777777778,22.666666666666668,0.6666666666666666,22.22222222222222,22.333333333333332
2023,REG,11,MIN,20,DEN,21,1,41,0,120,-142,2.5,-102,-118,43.5,-115,-105,1,0.4444444444444444,21.77777777777778,27.555555555555557,0.6,23.3,20.9
2023,REG,11,PHI,21,KC,17,-4,38,0,124,-148,2.5,100,-120,46.0,-108,-112,0,0.7777777777777778,23.11111111111111,15.88888888888889,0.8888888888888888,28.0,21.666666666666668
2023,REG,12,BUF,34,PHI,37,3,71,1,124,-148,2.5,-105,-115,49.0,-108,-112,1,0.9,27.3,21.2,0.5454545454545454,26.727272727272727,17.272727272727273
2023,REG,12,CAR,10,TEN,17,7,27,0,145,-175,3.5,-112,-105,36.0,-112,-108,1,0.3,16.8,21.4,0.1,16.3,27.5
2023,REG,12,LA,37,ARI,14,-23,51,0,-148,124,-3.0,-105,-115,45.0,-112,-108,0,0.18181818181818182,17.454545454545453,25.818181818181817,0.4,19.5,22.0
2023,REG,12,CLE,12,DEN,29,17,41,0,105,-125,1.5,-110,-110,37.5,-110,-110,1,0.5,21.7,26.8,0.7,22.7,18.0
2023,REG,12,KC,31,LV,17,-14,48,0,-500,380,-9.0,-110,-110,42.5,-112,-108,0,0.45454545454545453,16.818181818181817,20.454545454545453,0.7,22.5,16.4
2023,REG,12,BAL,20,LAC,10,-10,30,0,-170,142,-3.0,-115,-105,49.0,-110,-110,0,0.4,25.9,23.8,0.7272727272727273,27.636363636363637,16.09090909090909
2023,REG,12,CHI,12,MIN,10,-2,22,0,140,-166,3.0,-105,-115,43.5,-110,-110,0,0.5454545454545454,23.0,20.90909090909091,0.2727272727272727,20.90909090909091,26.0
2023,REG,12,NE,7,NYG,10,3,17,0,-218,180,-4.5,-108,-112,36.5,-105,-115,1,0.2727272727272727,13.545454545454545,25.90909090909091,0.2,14.1,23.8
2023,REG,12,GB,29,DET,22,-7,51,0,330,-425,8.5,-105,-115,47.0,-108,-112,0,0.8,27.2,22.9,0.4,20.2,20.2
2023,REG,12,TB,20,IND,27,7,47,0,130,-155,2.5,-105,-115,45.0,-112,-108,1,0.5,24.2,24.8,0.4,19.2,20.0
2023,REG,12,JAX,24,HOU,21,-3,45,0,-115,-105,-1.0,-110,-110,48.0,-108,-112,0,0.6,23.8,20.8,0.7,23.0,20.4
2023,REG,12,PIT,16,CIN,10,-6,26,0,-135,114,-2.0,-112,-108,36.0,-108,-112,0,0.5,20.2,22.6,0.6,16.6,19.5
2023,REG,12,NO,15,ATL,24,9,39,0,-130,110,-2.0,-110,-110,42.0,-110,-110,1,0.4,18.9,21.7,0.5,21.4,19.8
2023,REG,12,MIA,34,NYJ,13,-21,47,0,-500,380,-9.5,-120,100,40.0,-110,-110,0,0.4,15.0,20.4,0.7,30.5,23.8
2023,REG,12,SF,31,SEA,13,-18,44,0,-355,280,-7.0,-112,-108,43.5,-115,-105,0,0.6,21.6,21.8,0.7,27.9,15.7
2023,REG,12,WAS,10,DAL,45,35,55,0,550,-800,13.0,-110,-110,48.0,-112,-110,1,0.7,30.2,17.5,0.36363636363636365,21.454545454545453,27.727272727272727
2023,REG,13,DEN,17,HOU,22,5,39,0,142,-170,3.5,-122,102,47.5,-110,-110,1,0.5454545454545454,23.545454545454547,21.09090909090909,0.5454545454545454,22.363636363636363,25.454545454545453
2023,REG,13,LAC,6,NE,0,-6,6,0,-225,185,-4.5,-110,-110,38.5,-108,-112,0,0.18181818181818182,13.454545454545455,22.545454545454547,0.36363636363636365,24.454545454545453,23.454545454545453
2023,REG,13,DET,33,NO,28,-5,61,0,-198,164,-4.0,-110,-110,47.5,-108,-112,0,0.45454545454545453,20.818181818181817,20.181818181818183,0.7272727272727273,26.727272727272727,23.454545454545453
2023,REG,13,ATL,13,NYJ,8,-5,21,0,-125,105,-2.0,-108,-112,33.0,-110,-110,0,0.36363636363636365,14.818181818181818,21.636363636363637,0.45454545454545453,19.363636363636363,21.09090909090909
2023,REG,13,ARI,24,PIT,10,-14,34,0,230,-285,6.0,-105,-115,41.0,-112,-108,0,0.6363636363636364,16.545454545454547,18.636363636363637,0.16666666666666666,17.166666666666668,26.75
2023,REG,13,IND,31,TEN,28,-3,59,1,-122,102,-1.5,-110,-110,42.0,-108,-112,0,0.36363636363636365,16.818181818181817,20.363636363636363,0.5454545454545454,24.454545454545453,24.363636363636363
2023,REG,13,MIA,45,WAS,15,-30,60,0,-455,350,-8.5,-112,-108,50.0,-110,-110,0,0.3333333333333333,20.5,29.166666666666668,0.7272727272727273,30.818181818181817,22.818181818181817
2023,REG,13,CAR,18,TB,21,3,39,0,164,-198,4.0,-110,-110,37.0,-110,-110,1,0.36363636363636365,19.272727272727273,20.636363636363637,0.09090909090909091,15.727272727272727,26.545454545454547
2023,REG,13,CLE,19,LA,36,17,55,0,160,-192,3.5,-110,-110,39.5,-110,-110,1,0.45454545454545453,21.09090909090909,21.272727272727273,0.6363636363636364,21.727272727272727,19.0
2023,REG,13,SF,42,PHI,19,-23,61,0,-148,124,-3.0,-105,-115,46.5,-108,-112,0,0.9090909090909091,28.181818181818183,22.363636363636363,0.7272727272727273,28.181818181818183,15.454545454545455
2023,REG,13,KC,19,GB,27,8,46,0,-265,215,-5.5,-118,-102,43.5,-105,-115,1,0.45454545454545453,21.0,20.363636363636363,0.7272727272727273,23.272727272727273,16.454545454545453
2023,REG,13,CIN,34,JAX,31,-3,65,1,410,-550,10.0,-105,-115,41.0,-105,-115,0,0.7272727272727273,23.09090909090909,20.454545454545453,0.45454545454545453,19.272727272727273,22.0
2023,REG,13,SEA,35,DAL,41,6,76,0,380,-500,9.5,-102,-118,47.5,-110,-110,1,0.7272727272727273,31.545454545454547,16.818181818181817,0.5454545454545454,20.818181818181817,22.636363636363637
2023,REG,14,TB,29,ATL,25,-4,54,0,105,-125,1.5,-108,-112,41.5,-110,-110,0,0.5,18.833333333333332,20.0,0.4166666666666667,19.416666666666668,20.416666666666668
2023,REG,14,TEN,28,MIA,27,-1,55,0,625,-950,14.0,-110,-110,45.0,-110,-112,0,0.75,32.0,22.166666666666668,0.3333333333333333,17.75,21.25
2023,REG,14,HOU,6,NYJ,30,24,36,0,-175,145,-3.5,-108,-112,33.5,-110,-110,1,0.3333333333333333,14.25,20.916666666666668,0.5833333333333334,23.416666666666668,20.75
2023,REG,14,JAX,27,CLE,31,4,58,0,120,-142,2.5,-108,-112,37.5,-110,-110,1,0.5833333333333334,21.5,20.416666666666668,0.6666666666666666,23.75,21.583333333333332
2023,REG,14,IND,14,CIN,34,20,48,0,124,-148,3.0,-118,-102,45.0,-110,-110,1,0.5,20.5,22.75,0.5833333333333334,25.0,24.666666666666668
2023,REG,14,DET,13,CHI,28,15,41,0,-170,142,-3.0,-120,100,44.5,-110,-110,1,0.3333333333333333,20.166666666666668,24.666666666666668,0.75,27.25,23.833333333333332
2023,REG,14,LA,31,BAL,37,6,68,1,285,-360,7.5,-115,-105,42.0,-110,-110,1,0.75,27.0,15.583333333333334,0.5,22.333333333333332,21.083333333333332
2023,REG,14,NE,21,PIT,18,-3,39,0,220,-270,6.0,-118,-102,30.0,-105,-115,0,0.5833333333333334,16.0,19.083333333333332,0.16666666666666666,12.333333333333334,21.166666666666668
2023,REG,14,CAR,6,NO,28,22,34,0,200,-245,5.5,-110,-110,39.0,-110,-110,1,0.4166666666666667,21.416666666666668,21.25,0.08333333333333333,15.916666666666666,26.083333333333332
2023,REG,14,GB,22,NYG,24,2,46,0,-265,215,-6.0,-112,-108,37.5,-110,-110,1,0.3333333333333333,13.25,24.333333333333332,0.5,21.5,20.25
2023,REG,14,PHI,13,DAL,33,20,46,0,145,-175,3.5,-118,-102,52.5,-110,-110,1,0.75,32.333333333333336,18.333333333333332,0.8333333333333334,27.416666666666668,24.0
2023,REG,14,DEN,24,LAC,7,-17,31,0,136,-162,3.0,-112,-108,45.0,-110,-110,0,0.4166666666666667,22.916666666666668,21.5,0.5,21.916666666666668,25.166666666666668
2023,REG,14,BUF,20,KC,17,-3,37,0,105,-125,2.0,-110,-110,49.5,-110,-110,0,0.6666666666666666,22.916666666666668,17.333333333333332,0.5,27.333333333333332,18.916666666666668
2023,REG,14,SEA,16,SF,28,12,44,0,650,-1000,14.5,-110,-110,44.5,-110,-110,1,0.75,29.333333333333332,15.75,0.5,22.0,24.166666666666668
2023,REG,14,MIN,3,LV,0,-3,3,0,-155,130,-3.0,-108,-112,40.5,-108,-112,0,0.4166666666666667,16.833333333333332,21.333333333333332,0.5,21.916666666666668,20.166666666666668
2023,REG,15,HOU,19,TEN,16,-3,35,1,142,-170,3.0,100,-120,38.0,-108,-112,0,0.38461538461538464,18.53846153846154,21.692307692307693,0.5384615384615384,22.076923076923077,21.46153846153846
2023,REG,15,LAC,21,LV,63,42,84,0,136,-162,3.0,-110,-110,36.0,-110,-110,1,0.38461538461538464,15.538461538461538,19.923076923076923,0.38461538461538464,21.692307692307693,21.692307692307693
2023,REG,15,MIN,24,CIN,27,3,51,1,145,-175,3.0,-105,-115,41.5,-110,-110,1,0.5384615384615384,21.53846153846154,22.076923076923077,0.5384615384615384,20.46153846153846,18.615384615384617
2023,REG,15,PIT,13,IND,30,17,43,0,102,-122,1.5,-110,-110,41.5,-110,-110,1,0.5384615384615384,24.153846153846153,25.384615384615383,0.5384615384615384,16.153846153846153,19.23076923076923
2023,REG,15,DEN,17,DET,42,25,59,0,210,-258,5.5,-108,-112,49.0,-108,-112,1,0.6923076923076923,26.153846153846153,24.153846153846153,0.5384615384615384,22.076923076923077,23.76923076923077
2023,REG,15,ATL,7,CAR,9,2,16,0,-155,130,-3.0,-102,-118,32.0,-110,-110,1,0.07692307692307693,15.153846153846153,26.23076923076923,0.46153846153846156,19.307692307692307,20.692307692307693
2023,REG,15,CHI,17,CLE,20,3,37,0,124,-148,3.0,-120,100,38.0,-110,-110,1,0.6153846153846154,22.23076923076923,20.923076923076923,0.38461538461538464,20.76923076923077,23.76923076923077
2023,REG,15,TB,34,GB,20,-14,54,0,180,-218,4.0,-110,-110,41.5,-110,-110,0,0.46153846153846156,21.53846153846154,20.53846153846154,0.46153846153846156,20.153846153846153,20.76923076923077
2023,REG,15,NYJ,0,MIA,30,30,30,0,275,-345,7.5,-115,-105,36.0,-110,-110,1,0.6923076923076923,31.615384615384617,22.615384615384617,0.38461538461538464,15.461538461538462,19.76923076923077
2023,REG,15,KC,27,NE,17,-10,44,0,-485,370,-10.0,-112,-108,39.5,-110,-110,0,0.23076923076923078,13.0,20.923076923076923,0.6153846153846154,22.46153846153846,17.53846153846154
2023,REG,15,NYG,6,NO,24,18,30,0,205,-250,6.0,-108,-112,39.5,-110,-110,1,0.46153846153846156,21.923076923076923,20.076923076923077,0.38461538461538464,14.076923076923077,24.153846153846153
2023,REG,15,SF,45,ARI,29,-16,74,0,-750,525,-12.5,-110,-110,48.0,-110,-110,0,0.23076923076923078,17.692307692307693,25.46153846153846,0.7692307692307693,29.23076923076923,15.76923076923077
2023,REG,15,WAS,20,LA,28,8,48,0,240,-298,6.5,-108,-112,48.5,-110,-110,1,0.46153846153846156,23.0,22.307692307692307,0.3076923076923077,20.076923076923077,30.384615384615383
2023,REG,15,DAL,10,BUF,31,21,41,0,114,-135,2.0,-108,-112,49.5,-110,-110,1,0.5384615384615384,26.76923076923077,18.76923076923077,0.7692307692307693,32.38461538461539,17.923076923076923
2023,REG,15,BAL,23,JAX,7,-16,30,0,-225,185,-4.0,-110,-110,42.5,-108,-112,0,0.6153846153846154,24.0,22.307692307692307,0.7692307692307693,27.76923076923077,16.76923076923077
2023,REG,15,PHI,17,SEA,20,3,37,0,-238,195,-5.0,-120,100,46.0,-112,-108,1,0.46153846153846156,21.53846153846154,24.46153846153846,0.7692307692307693,26.307692307692307,24.692307692307693
2023,REG,16,DAL,20,MIA,22,2,42,0,102,-122,1.5,-110,-110,48.5,100,-120,1,0.7142857142857143,31.5,21.0,0.7142857142857143,30.785714285714285,18.857142857142858
2023,REG,16,BAL,33,SF,19,-14,52,0,275,-345,6.5,-105,-115,47.5,-112,-108,0,0.7857142857142857,30.357142857142858,16.714285714285715,0.7857142857142857,27.428571428571427,16.071428571428573
2023,REG,16,NO,22,LA,30,8,52,0,180,-218,4.0,100,-120,45.5,-112,-108,1,0.5,23.357142857142858,22.142857142857142,0.5,22.071428571428573,19.071428571428573
2023,REG,16,CIN,11,PIT,34,23,45,0,-155,130,-3.0,-105,-115,39.5,-110,-110,1,0.5,15.928571428571429,20.0,0.5714285714285714,21.928571428571427,22.214285714285715
2023,REG,16,BUF,24,LAC,22,-2,46,0,-800,550,-13.0,-105,-115,44.5,-115,-105,0,0.35714285714285715,21.642857142857142,24.642857142857142,0.5714285714285714,27.071428571428573,18.142857142857142
2023,REG,16,IND,10,ATL,29,19,39,0,130,-155,3.0,-115,-105,44.0,-105,-115,1,0.42857142857142855,18.428571428571427,19.857142857142858,0.5714285714285714,24.571428571428573,24.5
2023,REG,16,GB,33,CAR,30,-3,63,0,-198,164,-3.5,-112,-108,39.5,-110,-110,0,0.14285714285714285,14.714285714285714,24.857142857142858,0.42857142857142855,21.428571428571427,21.5
2023,REG,16,CLE,36,HOU,22,-14,58,0,-162,136,-3.0,-110,-110,40.0,-110,-110,0,0.5714285714285714,21.857142857142858,21.071428571428573,0.6428571428571429,22.071428571428573,20.642857142857142
2023,REG,16,DET,30,MIN,24,-6,54,0,-148,124,-2.5,-125,105,47.5,-102,-118,0,0.5,20.714285714285715,19.214285714285715,0.7142857142857143,27.285714285714285,23.642857142857142
2023,REG,16,WAS,28,NYJ,30,2,58,0,140,-166,3.0,-108,-112,36.5,-110,-110,1,0.35714285714285715,14.357142857142858,20.5,0.2857142857142857,20.071428571428573,30.214285714285715
2023,REG,16,SEA,20,TEN,17,-3,37,0,-166,140,-3.0,-110,-110,42.0,-108,-112,0,0.35714285714285715,18.357142857142858,21.5,0.5,21.428571428571427,23.928571428571427
2023,REG,16,JAX,12,TB,30,18,42,0,-125,105,-2.0,-110,-110,43.0,-108,-112,1,0.5,21.142857142857142,20.714285714285715,0.5714285714285714,22.785714285714285,22.357142857142858
2023,REG,16,ARI,16,CHI,27,11,43,0,180,-218,4.5,-110,-110,42.0,-105,-115,1,0.35714285714285715,20.5,23.5,0.21428571428571427,18.5,26.857142857142858
2023,REG,16,NE,26,DEN,23,-3,49,0,270,-340,7.0,-110,-110,37.5,-110,-110,0,0.5,21.714285714285715,25.071428571428573,0.21428571428571427,13.285714285714286,21.357142857142858
2023,REG,16,LV,20,KC,14,-6,34,0,440,-600,11.0,-102,-118,40.5,-110,-110,0,0.6428571428571429,22.785714285714285,17.5,0.42857142857142855,18.928571428571427,20.0
2023,REG,16,NYG,25,PHI,33,8,58,0,600,-900,14.0,-112,-108,41.0,-108,-112,1,0.7142857142857143,25.642857142857142,24.357142857142858,0.35714285714285715,13.5,24.142857142857142
2023,REG,17,NYJ,20,CLE,37,17,57,0,270,-345,6.5,-105,-115,33.5,-110,-110,1,0.6666666666666666,23.0,20.733333333333334,0.4,15.4,21.0
2023,REG,17,DET,19,DAL,20,1,39,0,195,-238,5.5,-110,-110,53.0,-110,-110,1,0.6666666666666666,30.066666666666666,19.066666666666666,0.7333333333333333,27.466666666666665,23.666666666666668
2023,REG,17,MIA,19,BAL,56,37,75,0,150,-180,3.0,100,-120,47.0,-108,-112,1,0.8,27.8,16.266666666666666,0.7333333333333333,30.866666666666667,20.933333333333334
2023,REG,17,NE,21,BUF,27,6,48,0,750,-1200,15.0,-110,-110,40.0,-108,-112,1,0.6,26.866666666666667,18.4,0.26666666666666666,14.133333333333333,21.466666666666665
2023,REG,17,ATL,17,CHI,37,20,54,0,130,-155,3.0,-115,-105,39.0,-110,-110,1,0.4,20.933333333333334,23.0,0.4666666666666667,19.133333333333333,19.2
2023,REG,17,TEN,3,HOU,26,23,29,0,190,-230,5.0,-105,-115,44.0,-108,-112,1,0.5333333333333333,21.866666666666667,22.066666666666666,0.3333333333333333,18.266666666666666,21.4
2023,REG,17,LV,20,IND,23,3,43,0,150,-180,3.5,-110,-110,42.5,-105,-115,1,0.5333333333333333,23.6,24.8,0.4666666666666667,19.0,19.6
2023,REG,17,CAR,0,JAX,26,26,26,0,160,-192,3.5,-110,-110,38.0,-110,-110,1,0.5333333333333333,22.066666666666666,22.866666666666667,0.13333333333333333,15.733333333333333,25.4
2023,REG,17,LA,26,NYG,25,-1,51,0,-298,240,-6.0,-112,-108,43.5,-108,-112,0,0.3333333333333333,14.266666666666667,24.733333333333334,0.5333333333333333,23.8,22.133333333333333
2023,REG,17,ARI,35,PHI,31,-4,66,0,525,-750,12.0,-110,-110,48.0,-110,-110,0,0.7333333333333333,26.133333333333333,24.4,0.2,18.333333333333332,26.866666666666667
2023,REG,17,NO,23,TB,13,-10,36,0,124,-148,2.5,100,-120,42.5,-112,-108,0,0.5333333333333333,21.733333333333334,20.133333333333333,0.4666666666666667,22.066666666666666,19.8
2023,REG,17,SF,27,WAS,10,-17,37,0,-1050,675,-14.0,-115,-105,49.0,-112,-108,0,0.26666666666666666,20.6,30.2,0.7333333333333333,29.6,17.8
2023,REG,17,PIT,30,SEA,23,-7,53,0,185,-225,4.5,-110,-110,40.5,-108,-112,0,0.5333333333333333,21.333333333333332,23.466666666666665,0.5333333333333333,17.133333333333333,19.4
2023,REG,17,LAC,9,DEN,16,7,25,0,164,-198,3.5,-108,-112,39.5,-110,-110,1,0.4666666666666667,21.8,25.133333333333333,0.3333333333333333,21.666666666666668,24.6
2023,REG,17,CIN,17,KC,25,8,42,0,275,-345,7.5,-115,-105,46.0,-112,-108,1,0.6,22.2,17.666666666666668,0.5333333333333333,21.2,23.0
2023,REG,17,GB,33,MIN,10,-23,43,0,-108,-112,1.0,-112,-108,42.5,-112,-108,0,0.4666666666666667,20.933333333333334,19.933333333333334,0.4666666666666667,22.2,22.066666666666666
2023,REG,18,LA,21,SF,20,-1,41,0,200,-245,5.5,-108,-112,40.0,-108,-112,0,0.75,29.4375,17.3125,0.5625,23.9375,22.3125
2023,REG,18,PIT,17,BAL,10,-7,27,0,-155,130,-3.0,-105,-115,34.0,-110,-110,0,0.8125,29.5625,16.4375,0.5625,17.9375,19.625
2023,REG,18,BUF,21,MIA,14,-7,35,0,-155,130,-2.5,-125,105,47.5,-110,-110,0,0.6875,30.125,23.125,0.625,26.875,18.5625
2023,REG,18,DAL,38,WAS,10,-28,48,0,-850,575,-13.0,-115,-105,47.5,-110,-110,0,0.25,19.9375,30.0,0.6875,29.4375,19.0625
2023,REG,18,PHI,10,NYG,27,17,37,0,-238,190,-4.5,-112,-108,43.0,-105,-115,1,0.3125,14.9375,24.8125,0.6875,26.4375,25.0625
2023,REG,18,DEN,14,LV,27,13,41,0,145,-175,3.5,-118,-102,37.5,-115,-105,1,0.4375,19.0625,19.8125,0.5,21.4375,24.125
2023,REG,18,KC,13,LAC,12,-1,25,0,154,-185,3.5,-115,-105,35.0,-108,-115,0,0.3125,20.875,24.0625,0.625,22.375,17.625
2023,REG,18,CHI,9,GB,17,8,26,0,124,-148,2.5,-102,-118,45.5,-108,-112,1,0.5,22.875,21.3125,0.4375,21.9375,22.625
2023,REG,18,SEA,21,ARI,20,-1,41,0,-155,130,-2.5,-122,102,48.0,-110,-110,0,0.25,19.375,27.125,0.5,21.4375,23.875
2023,REG,18,JAX,20,TEN,28,8,48,0,-185,154,-3.5,-102,-118,41.5,-112,-108,1,0.3125,17.3125,21.6875,0.5625,22.3125,21.4375
2023,REG,18,ATL,17,NO,48,31,65,0,145,-175,3.5,-122,102,41.5,-108,-112,1,0.5,22.125,19.375,0.4375,19.0,20.3125
2023,REG,18,NYJ,17,NE,3,-14,20,0,120,-142,2.5,-112,-108,28.5,-110,-110,0,0.25,14.5625,21.8125,0.375,15.6875,22.0
2023,REG,18,MIN,20,DET,30,10,50,0,170,-205,3.5,-102,-118,47.5,-110,-110,1,0.6875,26.9375,23.4375,0.4375,20.25,20.75
2023,REG,18,CLE,14,CIN,31,17,45,0,285,-360,7.5,-115,-105,37.0,-112,-108,1,0.5,20.9375,23.125,0.6875,23.875,20.6875
2023,REG,18,TB,9,CAR,0,-9,9,0,-245,200,-5.0,-105,-115,36.5,-110,-110,0,0.125,14.75,25.4375,0.5,21.1875,20.3125
2023,REG,18,HOU,23,IND,19,-4,42,0,-125,105,-1.5,-110,-110,47.5,-108,-112,0,0.5625,23.5625,24.5,0.5625,22.125,20.875
2024,REG,1,BAL,20,KC,27,7,47,0,124,-148,3.0,-118,-102,46.0,-110,-110,1,,,,,,
2024,REG,1,GB,29,PHI,34,5,63,0,110,-130,2.0,-110,-110,49.5,-112,-108,1,,,,,,
2024,REG,1,PIT,18,ATL,10,-8,28,0,160,-192,4.0,-110,-110,43.0,-115,-105,0,,,,,,
2024,REG,1,ARI,28,BUF,34,6,62,0,250,-310,6.5,-105,-115,46.0,-112,-108,1,,,,,,
2024,REG,1,TEN,17,CHI,24,7,41,0,164,-198,4.0,-108,-112,43.0,-110,-110,1,,,,,,
2024,REG,1,NE,16,CIN,10,-6,26,0,295,-375,8.0,-110,-110,40.5,-112,-108,0,,,,,,
2024,REG,1,HOU,29,IND,27,-2,56,0,-155,130,-3.0,-108,-112,49.0,-112,-108,0,,,,,,
2024,REG,1,JAX,17,MIA,20,3,37,0,150,-180,3.5,-110,-110,49.5,-112,-108,1,,,,,,
2024,REG,1,CAR,10,NO,47,37,57,0,160,-192,3.5,-108,-112,41.5,-112,-108,1,,,,,,
2024,REG,1,MIN,28,NYG,6,-22,34,0,-115,-105,-1.0,-108,-112,42.5,-108,-112,0,,,,,,
2024,REG,1,LV,10,LAC,22,12,32,0,130,-155,3.0,-118,-102,41.0,-108,-112,1,,,,,,
2024,REG,1,DEN,20,SEA,26,6,46,0,225,-278,6.5,-110,-110,42.0,-108,-112,1,,,,,,
2024,REG,1,DAL,33,CLE,17,-16,50,0,110,-130,2.5,-112,-108,42.0,-108,-112,0,,,,,,
2024,REG,1,WAS,20,TB,37,17,57,0,164,-198,4.0,-112,-108,42.0,-110,-110,1,,,,,,
2024,REG,1,LA,20,DET,26,6,46,1,185,-225,5.0,-108,-112,54.0,-112,-108,1,,,,,,
2024,REG,1,NYJ,19,SF,32,13,51,0,150,-180,3.5,-115,-105,43.0,-108,-112,1,,,,,,
2024,REG,2,BUF,31,MIA,10,-21,41,0,114,-135,2.5,-110,-110,48.5,-105,-115,0,1.0,20.0,17.0,1.0,34.0,28.0
2024,REG,2,ATL,22,PHI,21,-1,43,0,215,-265,5.5,-105,-115,46.5,-110,-110,0,1.0,34.0,29.0,0.0,10.0,18.0
2024,REG,2,CHI,13,HOU,19,6,32,0,210,-258,6.0,-108,-112,45.5,-105,-115,1,1.0,29.0,27.0,1.0,24.0,17.0
2024,REG,2,CIN,25,KC,26,1,51,0,235,-290,6.5,-105,-115,47.5,-108,-112,1,1.0,27.0,20.0,0.0,10.0,16.0
2024,REG,2,PIT,13,DEN,6,-7,19,0,-155,130,-3.0,-102,-118,36.5,-112,-108,0,0.0,20.0,26.0,1.0,18.0,10.0
2024,REG,2,LA,10,ARI,41,31,51,0,-112,-108,-1.0,-105,-115,47.5,-118,-102,1,0.0,28.0,34.0,0.0,20.0,26.0
2024,REG,2,NYG,18,WAS,21,3,39,0,105,-125,1.5,-108,-112,42.5,-105,-115,1,0.0,20.0,37.0,0.0,6.0,28.0
2024,REG,2,NYJ,24,TEN,17,-7,41,0,-180,150,-3.5,-112,-108,41.5,-112,-108,0,0.0,17.0,24.0,0.0,19.0,32.0
2024,REG,2,SEA,23,NE,20,-3,43,1,-170,142,-3.5,-102,-118,39.0,-110,-110,0,1.0,16.0,10.0,1.0,26.0,20.0
2024,REG,2,SF,17,MIN,23,6,40,0,-218,180,-4.5,-112,-108,46.5,-108,-112,1,1.0,28.0,6.0,1.0,32.0,19.0
2024,REG,2,CLE,18,JAX,13,-5,31,0,142,-170,3.0,100,-120,41.5,-108,-112,0,0.0,17.0,20.0,0.0,17.0,33.0
2024,REG,2,IND,10,GB,16,6,26,0,-142,120,-3.0,-102,-118,41.5,-110,-110,1,0.0,29.0,34.0,0.0,27.0,29.0
2024,REG,2,TB,20,DET,16,-4,36,0,295,-375,7.5,-108,-112,51.5,-112,-108,0,1.0,26.0,20.0,1.0,37.0,20.0
2024,REG,2,NO,44,DAL,19,-25,63,0,235,-290,6.5,-112,-108,47.0,-108,-112,0,1.0,33.0,17.0,1.0,47.0,10.0
2024,REG,2,LAC,26,CAR,3,-23,29,0,-225,185,-5.0,-110,-110,39.0,-112,-108,0,0.0,10.0,47.0,1.0,22.0,10.0
2024,REG,2,LV,26,BAL,23,-3,49,0,350,-455,9.0,-112,-108,41.0,-108,-112,0,0.0,20.0,27.0,0.0,10.0,22.0
2024,REG,3,LAC,10,PIT,20,10,30,0,124,-148,3.0,-118,-102,36.0,-115,-105,1,1.0,15.5,8.0,1.0,24.0,6.5
2024,REG,3,KC,22,ATL,17,-5,39,0,-170,142,-3.0,-118,-102,46.0,-108,-112,0,0.5,16.0,19.5,1.0,26.5,22.5
2024,REG,3,WAS,38,CIN,33,-5,71,0,280,-355,7.5,-115,-105,46.0,-112,-108,0,0.0,17.5,21.0,0.5,20.5,27.5
2024,REG,3,JAX,10,BUF,47,37,57,0,180,-218,4.0,-108,-112,46.5,-110,-110,1,1.0,32.5,19.0,0.0,15.0,19.0
2024,REG,3,SF,24,LA,27,3,51,0,-258,210,-6.0,-108,-112,44.5,-110,-110,1,0.0,15.0,33.5,0.5,24.5,21.0
2024,REG,3,BAL,28,DAL,25,-3,53,0,-120,100,-1.5,-110,-110,47.5,-112,-108,0,0.5,26.0,30.5,0.0,21.5,26.5
2024,REG,3,DET,20,ARI,13,-7,33,0,-148,124,-3.0,-102,-118,51.5,-112,-108,0,0.5,34.5,22.0,0.5,21.0,20.0
2024,REG,3,MIA,3,SEA,24,21,27,0,170,-205,4.0,-110,-110,41.5,-110,-110,1,1.0,24.5,20.0,0.5,15.0,24.0
2024,REG,3,CAR,36,LV,22,-14,58,0,200,-245,5.5,-110,-110,40.0,-108,-112,0,0.5,18.0,22.5,0.0,6.5,36.5
2024,REG,3,GB,30,TEN,14,-16,44,0,136,-162,3.0,-112,-108,37.0,-108,-112,0,0.0,17.0,24.0,0.5,22.5,22.0
2024,REG,3,DEN,26,TB,7,-19,33,0,200,-245,6.0,-112,-108,40.5,-108,-112,0,1.0,28.5,18.0,0.0,13.0,19.5
2024,REG,3,PHI,15,NO,12,-3,27,0,120,-142,2.5,-105,-115,49.0,-110,-110,0,1.0,45.5,14.5,0.5,27.5,25.5
2024,REG,3,HOU,7,MIN,34,27,41,0,-135,114,-2.0,-112,-108,46.0,-108,-112,1,1.0,25.5,11.5,1.0,24.0,20.0
2024,REG,3,CHI,16,IND,21,5,37,0,105,-125,1.5,-108,-112,43.0,-105,-115,1,0.0,18.5,22.5,0.5,18.5,18.0
2024,REG,3,NYG,21,CLE,15,-6,36,0,220,-270,6.5,-112,-108,38.0,-108,-112,0,0.5,17.5,23.0,0.0,12.0,24.5
2024,REG,3,NE,3,NYJ,24,21,27,0,230,-285,6.5,-110,-110,39.0,-108,-112,1,0.5,21.5,24.5,0.5,18.0,16.5
2024,REG,4,DAL,20,NYG,15,-5,35,0,-250,205,-5.5,-115,-105,45.0,-112,-108,0,0.3333333333333333,15.0,21.333333333333332,0.3333333333333333,25.666666666666668,29.666666666666668
2024,REG,4,SEA,29,DET,42,13,71,0,154,-185,3.5,-108,-112,46.5,-108,-112,1,0.6666666666666666,20.666666666666668,17.666666666666668,1.0,24.333333333333332,14.333333333333334
2024,REG,4,NO,24,ATL,26,2,50,0,120,-142,2.5,-105,-115,41.5,-112,-108,1,0.3333333333333333,16.333333333333332,20.333333333333332,0.6666666666666666,34.333333333333336,14.666666666666666
2024,REG,4,CIN,34,CAR,24,-10,58,0,-205,170,-4.5,-112,-108,47.0,-108,-112,0,0.3333333333333333,16.333333333333332,31.666666666666668,0.0,22.666666666666668,26.666666666666668
2024,REG,4,LA,18,CHI,24,6,42,0,136,-162,3.0,-112,-108,40.0,-105,-115,1,0.3333333333333333,17.666666666666668,19.0,0.3333333333333333,19.0,30.333333333333332
2024,REG,4,MIN,31,GB,29,-2,60,0,114,-135,2.5,-102,-118,44.0,-112,-108,0,0.6666666666666666,25.0,19.333333333333332,1.0,28.333333333333332,10.0
2024,REG,4,JAX,20,HOU,24,4,44,0,195,-238,5.5,-108,-112,44.5,-108,-112,1,0.6666666666666666,18.333333333333332,24.666666666666668,0.0,13.333333333333334,28.333333333333332
2024,REG,4,PIT,24,IND,27,3,51,0,-130,110,-2.5,-108,-112,40.0,-110,-110,1,0.3333333333333333,19.333333333333332,20.333333333333332,1.0,17.0,8.666666666666666
2024,REG,4,DEN,10,NYJ,9,-1,19,0,330,-425,7.5,-108,-112,39.5,-112,-108,0,0.6666666666666666,22.333333333333332,17.333333333333332,0.3333333333333333,17.333333333333332,15.333333333333334
2024,REG,4,PHI,16,TB,33,17,49,0,-115,-105,-1.0,-110,-110,42.0,-108,-112,1,0.6666666666666666,21.333333333333332,20.666666666666668,0.6666666666666666,23.333333333333332,21.0
2024,REG,4,WAS,42,ARI,14,-28,56,0,150,-180,3.5,-115,-105,49.0,-112,-108,0,0.3333333333333333,27.333333333333332,21.333333333333332,0.6666666666666666,26.333333333333332,29.333333333333332
2024,REG,4,NE,13,SF,30,17,43,0,410,-550,10.5,-112,-108,41.5,-110,-110,1,0.3333333333333333,24.333333333333332,23.0,0.3333333333333333,13.0,19.0
2024,REG,4,KC,17,LAC,10,-7,27,0,-345,275,-7.5,-108,-112,41.5,-108,-112,0,0.6666666666666666,19.333333333333332,11.0,1.0,25.0,20.666666666666668
2024,REG,4,CLE,16,LV,20,4,36,0,-135,114,-2.5,-115,-105,36.5,-108,-112,1,0.3333333333333333,19.333333333333332,27.0,0.3333333333333333,16.666666666666668,22.333333333333332
2024,REG,4,BUF,10,BAL,35,25,45,0,114,-135,2.5,-108,-112,46.5,-110,-110,1,0.3333333333333333,23.666666666666668,26.0,1.0,37.333333333333336,16.0
2024,REG,4,TEN,31,MIA,12,-19,43,0,114,-135,2.5,-108,-112,37.0,-110,-110,0,0.3333333333333333,11.0,24.0,0.0,16.0,26.0
2024,REG,5,BUF,20,HOU,23,3,43,0,-102,-118,1.0,-108,-112,48.0,-110,-110,1,0.75,19.75,23.5,0.75,30.5,20.75
2024,REG,5,TB,30,ATL,36,6,66,1,120,-142,2.5,-102,-118,44.0,-110,-110,1,0.5,18.75,21.25,0.75,24.25,19.5
2024,REG,5,BAL,41,CIN,38,-3,79,1,-148,124,-2.5,-118,-102,48.5,-112,-108,0,0.25,25.5,26.0,0.5,26.5,22.0
2024,REG,5,CAR,10,CHI,36,26,46,0,164,-198,4.0,-108,-112,40.0,-108,-112,1,0.5,19.25,18.75,0.25,18.25,32.25
2024,REG,5,NYJ,17,MIN,23,6,40,0,120,-142,2.5,-105,-115,42.0,-112,-108,1,1.0,29.0,14.75,0.5,19.0,15.5
2024,REG,5,IND,34,JAX,37,3,71,0,154,-185,3.5,-110,-110,45.0,-110,-110,1,0.0,15.0,27.25,0.5,21.25,21.25
2024,REG,5,MIA,15,NE,10,-5,25,0,-130,110,-2.0,-112,-108,37.0,-108,-112,0,0.25,13.0,21.75,0.25,11.25,25.75
2024,REG,5,CLE,13,WAS,34,21,47,0,130,-155,3.0,-112,-108,44.0,-112,-108,1,0.75,30.25,25.5,0.25,16.5,21.75
2024,REG,5,LV,18,DEN,34,16,52,0,130,-155,3.0,-112,-108,36.0,-108,-112,1,0.5,15.5,13.75,0.5,19.5,24.25
2024,REG,5,ARI,24,SF,23,-1,47,0,260,-325,7.0,-105,-115,48.5,-108,-112,0,0.5,25.75,20.5,0.25,24.0,26.5
2024,REG,5,GB,24,LA,19,-5,43,0,-155,130,-3.0,-112,-108,49.5,-112,-108,0,0.25,18.75,28.75,0.5,26.0,22.25
2024,REG,5,NYG,29,SEA,20,-9,49,0,250,-310,7.0,-112,-108,42.5,-110,-110,0,0.75,25.5,21.25,0.25,15.0,21.0
2024,REG,5,DAL,20,PIT,17,-3,37,0,114,-135,2.5,-108,-112,43.5,-108,-112,0,0.75,18.75,13.25,0.5,24.25,26.0
2024,REG,5,NO,13,KC,26,13,39,0,190,-230,5.5,-112,-108,43.0,-110,-110,1,1.0,23.0,18.0,0.5,31.75,17.5
2024,REG,6,PIT,32,LV,13,-19,45,0,-180,150,-3.5,-110,-110,36.5,-108,-112,0,0.4,19.2,26.2,0.6,18.4,14.6
2024,REG,6,BUF,23,NYJ,20,-3,43,0,-122,102,-1.0,-112,-108,42.0,-110,-110,0,0.4,18.6,17.0,0.6,28.4,21.2
2024,REG,6,SF,36,SEA,24,-12,60,0,-198,164,-3.5,-118,-102,49.0,-110,-110,0,0.6,24.4,22.8,0.4,25.2,21.2
2024,REG,6,JAX,16,CHI,35,19,51,0,-120,100,-1.5,-108,-112,44.5,-108,-112,1,0.6,22.6,17.0,0.2,19.4,28.6
2024,REG,6,WAS,23,BAL,30,7,53,0,230,-285,6.5,-108,-112,51.5,-110,-110,1,0.6,29.4,25.2,0.8,31.0,23.0
2024,REG,6,ARI,13,GB,34,21,47,0,195,-238,5.5,-110,-110,47.0,-110,-110,1,0.6,25.6,21.6,0.4,24.0,25.8
2024,REG,6,HOU,41,NE,21,-20,62,0,-265,215,-6.5,-108,-112,38.5,-112,-108,0,0.2,12.4,20.4,0.8,20.4,22.8
2024,REG,6,TB,51,NO,27,-24,78,0,-175,145,-3.5,-108,-112,42.5,-110,-110,0,0.4,28.0,19.2,0.6,25.4,22.8
2024,REG,6,CLE,16,PHI,20,4,36,0,330,-425,8.0,-108,-112,42.0,-110,-110,1,0.5,21.5,24.0,0.2,15.8,24.2
2024,REG,6,IND,20,TEN,17,-3,37,0,114,-135,2.5,-110,-110,42.0,-112,-108,0,0.25,19.75,22.5,0.4,23.8,24.4
2024,REG,6,LAC,23,DEN,16,-7,39,0,-155,130,-3.0,-105,-115,37.0,-108,-112,0,0.6,19.2,14.6,0.5,17.0,12.5
2024,REG,6,ATL,38,CAR,20,-18,58,0,-258,210,-6.0,-112,-108,45.5,-110,-110,0,0.2,16.6,33.0,0.6,22.2,23.0
2024,REG,6,DET,47,DAL,9,-38,56,0,-180,150,-3.5,-105,-115,52.5,-110,-110,0,0.6,23.4,24.2,0.75,26.0,20.5
2024,REG,6,CIN,17,NYG,7,-10,24,0,-230,190,-4.5,-112,-108,46.0,-102,-118,0,0.4,17.8,20.8,0.2,28.0,29.0
2024,REG,7,BAL,41,TB,31,-10,72,0,-225,185,-4.5,-110,-110,51.0,-110,-110,0,0.6666666666666666,29.666666666666668,23.5,0.6666666666666666,29.5,24.833333333333332
2024,REG,7,NE,16,JAX,32,16,48,0,240,-298,6.5,-105,-115,42.0,-108,-112,1,0.16666666666666666,18.833333333333332,29.666666666666668,0.16666666666666666,13.833333333333334,23.833333333333332
2024,REG,7,DEN,33,NO,10,-23,43,0,-148,124,-2.5,-118,-102,37.0,-110,-110,0,0.3333333333333333,27.833333333333332,24.5,0.5,18.666666666666668,16.0
2024,REG,7,TEN,10,BUF,34,24,44,0,400,-535,9.5,-110,-110,41.0,-108,-112,1,0.6666666666666666,27.5,21.0,0.2,19.2,22.0
2024,REG,7,CIN,21,CLE,14,-7,35,0,-230,190,-5.5,-110,-110,42.0,-112,-108,0,0.16666666666666666,15.833333333333334,23.5,0.3333333333333333,26.166666666666668,25.333333333333332
2024,REG,7,HOU,22,GB,24,2,46,0,142,-170,3.0,100,-120,48.0,-108,-112,1,0.6666666666666666,27.0,20.166666666666668,0.8333333333333334,23.833333333333332,22.5
2024,REG,7,MIA,10,IND,16,6,26,0,130,-155,3.0,-120,100,44.0,-108,-112,1,0.5,23.166666666666668,23.166666666666668,0.4,12.0,22.6
2024,REG,7,DET,31,MIN,29,-2,60,0,-102,-118,1.0,-108,-112,50.5,-112,-108,0,1.0,27.8,15.2,0.8,30.2,18.2
2024,REG,7,PHI,28,NYG,3,-25,31,0,-166,140,-3.0,-120,100,42.0,-110,-110,0,0.3333333333333333,16.0,20.166666666666668,0.6,21.2,22.4
2024,REG,7,LV,15,LA,20,5,35,0,280,-355,7.0,-105,-115,43.0,-105,-115,1,0.2,18.8,27.8,0.3333333333333333,18.166666666666668,27.166666666666668
2024,REG,7,CAR,7,WAS,40,33,47,0,400,-535,10.0,100,-120,51.0,-110,-110,1,0.6666666666666666,29.666666666666668,24.166666666666668,0.16666666666666666,17.166666666666668,33.833333333333336
2024,REG,7,KC,28,SF,18,-10,46,0,120,-142,2.5,-105,-115,47.5,-110,-110,0,0.5,27.0,21.666666666666668,1.0,23.6,17.0
2024,REG,7,NYJ,15,PIT,37,22,52,0,-166,140,-3.0,-108,-112,40.0,-110,-110,1,0.6666666666666666,20.666666666666668,14.333333333333334,0.3333333333333333,18.833333333333332,18.0
2024,REG,7,SEA,34,ATL,14,-20,48,0,136,-162,3.0,-115,-105,51.5,-110,-110,0,0.6666666666666666,24.833333333333332,22.5,0.5,24.333333333333332,25.0
2024,REG,7,LAC,15,ARI,17,2,32,0,-122,102,-1.0,-115,-105,44.0,-108,-112,1,0.3333333333333333,22.166666666666668,27.166666666666668,0.6,18.2,13.2
2024,REG,8,NYJ,22,NE,25,3,47,0,-305,245,-7.0,-110,-110,41.0,-110,-110,1,0.14285714285714285,14.142857142857142,25.0,0.2857142857142857,18.285714285714285,20.714285714285715
2024,REG,8,NYG,18,PIT,26,8,44,0,220,-270,6.0,-105,-115,37.5,-110,-110,1,0.7142857142857143,23.0,14.428571428571429,0.2857142857142857,14.142857142857142,21.285714285714285
2024,REG,8,DAL,24,SF,30,6,54,0,195,-238,5.5,-105,-115,48.0,-110,-110,1,0.42857142857142855,25.714285714285715,22.571428571428573,0.5,21.0,28.0
2024,REG,8,CHI,15,WAS,18,3,33,0,102,-122,1.5,-110,-110,46.5,-108,-112,1,0.7142857142857143,31.142857142857142,21.714285714285715,0.6666666666666666,24.666666666666668,16.833333333333332
2024,REG,8,KC,27,LV,20,-7,47,0,-440,340,-9.0,-112,-108,42.0,-108,-112,0,0.2857142857142857,17.714285714285715,26.142857142857142,1.0,24.333333333333332,17.166666666666668
2024,REG,8,CAR,14,DEN,28,14,42,0,525,-750,13.0,-110,-110,40.5,-112,-108,1,0.5714285714285714,20.714285714285715,15.142857142857142,0.14285714285714285,15.714285714285714,34.714285714285715
2024,REG,8,BUF,31,SEA,10,-21,41,0,-170,142,-3.0,-120,100,45.5,-105,-115,0,0.5714285714285714,25.714285714285715,23.428571428571427,0.7142857142857143,28.428571428571427,19.428571428571427
2024,REG,8,NO,8,LAC,26,18,34,0,250,-310,7.0,-110,-110,41.5,-108,-112,1,0.5,17.666666666666668,13.833333333333334,0.2857142857142857,25.285714285714285,25.714285714285715
2024,REG,8,ATL,31,TB,26,-5,57,0,-122,102,-1.5,-110,-110,47.0,-108,-112,0,0.5714285714285714,29.857142857142858,26.0,0.5714285714285714,23.285714285714285,24.142857142857142
2024,REG,8,ARI,28,MIA,27,-1,55,0,164,-198,4.0,-108,-112,46.5,-110,-110,0,0.3333333333333333,11.666666666666666,21.5,0.42857142857142855,21.428571428571427,25.428571428571427
2024,REG,8,GB,30,JAX,27,-3,57,0,-192,160,-3.5,-115,-105,49.0,-112,-108,0,0.2857142857142857,20.714285714285715,27.714285714285715,0.7142857142857143,26.571428571428573,20.428571428571427
2024,REG,8,IND,20,HOU,23,3,43,0,185,-225,5.0,-112,-108,45.0,-108,-112,1,0.7142857142857143,23.571428571428573,22.714285714285715,0.5714285714285714,22.142857142857142,21.285714285714285
2024,REG,8,TEN,14,DET,52,38,66,0,550,-800,12.5,-105,-115,45.0,-108,-112,1,0.8333333333333334,30.333333333333332,20.0,0.16666666666666666,17.666666666666668,24.0
2024,REG,8,BAL,24,CLE,29,5,53,0,-380,300,-7.5,-110,-110,44.5,-105,-115,1,0.14285714285714285,15.571428571428571,23.142857142857142,0.7142857142857143,31.142857142857142,25.714285714285715
2024,REG,8,PHI,37,CIN,17,-20,54,0,124,-148,2.5,100,-120,47.5,-108,-112,0,0.42857142857142855,25.428571428571427,23.714285714285715,0.6666666666666666,22.333333333333332,19.166666666666668
2024,REG,8,MIN,20,LA,30,10,50,0,-155,130,-3.0,-105,-115,47.5,-110,-110,1,0.3333333333333333,19.0,25.666666666666668,0.8333333333333334,28.0,17.833333333333332
2024,REG,9,DAL,21,ATL,27,6,48,0,140,-166,3.0,-105,-115,52.0,-112,-108,1,0.625,24.25,24.375,0.42857142857142855,21.428571428571427,28.285714285714285
2024,REG,9,TB,24,KC,30,6,54,1,330,-425,9.0,-110,-110,45.5,-108,-112,1,1.0,24.714285714285715,17.571428571428573,0.5,29.375,26.625
2024,REG,9,IND,13,MIN,21,8,34,0,240,-298,6.5,-110,-110,47.0,-110,-110,1,0.7142857142857143,26.857142857142858,19.571428571428573,0.5,21.875,21.5
2024,REG,9,LA,26,SEA,20,-6,46,1,-125,105,-1.5,-112,-108,48.5,-110,-110,0,0.5,23.75,24.375,0.42857142857142855,20.571428571428573,24.857142857142858
2024,REG,9,DET,24,GB,14,-10,38,0,-155,130,-2.5,-120,100,47.5,-108,-112,0,0.75,27.0,21.25,0.8571428571428571,33.42857142857143,19.142857142857142
2024,REG,9,JAX,23,PHI,28,5,51,0,270,-340,7.5,-112,-108,46.0,-110,-110,1,0.7142857142857143,24.428571428571427,18.857142857142858,0.25,21.5,28.0
2024,REG,9,CHI,9,ARI,29,20,38,0,100,-120,1.5,-110,-110,44.5,-110,-110,1,0.5,22.25,25.625,0.5714285714285714,23.285714285714285,17.0
2024,REG,9,NE,17,TEN,20,3,37,1,136,-162,3.0,-105,-115,38.5,-110,-110,1,0.14285714285714285,17.142857142857142,28.0,0.25,15.5,24.625
2024,REG,9,WAS,27,NYG,22,-5,49,0,-218,180,-4.5,-108,-112,44.5,-110,-110,0,0.25,14.625,21.875,0.75,29.5,20.875
2024,REG,9,LAC,27,CLE,10,-17,37,0,-130,110,-2.0,-110,-110,42.5,-108,-112,0,0.25,17.25,23.25,0.5714285714285714,18.857142857142858,13.0
2024,REG,9,LV,24,CIN,41,17,65,0,320,-410,8.0,-110,-110,45.0,-108,-112,1,0.375,24.375,25.375,0.25,18.0,26.25
2024,REG,9,NO,22,CAR,23,1,45,0,-345,275,-7.0,-118,-102,43.5,-108,-112,1,0.125,15.5,33.875,0.25,23.125,25.75
2024,REG,9,MIA,27,BUF,30,3,57,0,230,-285,6.5,-110,-110,49.0,-108,-112,1,0.75,28.75,18.25,0.2857142857142857,13.857142857142858,22.428571428571427
2024,REG,9,DEN,10,BAL,41,31,51,0,330,-440,9.0,-115,-105,46.5,-110,-110,1,0.625,30.25,26.125,0.625,21.625,15.0
2024,REG,9,HOU,13,NYJ,21,8,34,0,124,-148,2.5,100,-120,43.5,-105,-115,1,0.25,18.75,21.25,0.75,23.5,22.375
2024,REG,10,CIN,34,BAL,35,1,69,0,220,-270,6.0,-108,-112,53.0,-108,-112,1,0.6666666666666666,31.444444444444443,24.333333333333332,0.4444444444444444,26.22222222222222,25.22222222222222
2024,REG,10,MIA,23,LA,15,-8,38,0,120,-142,2.5,-102,-118,49.5,-108,-112,0,0.5,21.25,24.25,0.25,15.5,23.375
2024,REG,10,DET,26,HOU,23,-3,49,0,-230,190,-4.5,-110,-110,49.0,-110,-112,0,0.6666666666666666,22.333333333333332,22.22222222222222,0.875,32.25,18.5
2024,REG,10,PHI,34,DAL,6,-28,40,0,-360,285,-7.5,-108,-112,44.5,-110,-110,0,0.375,21.375,28.125,0.75,24.875,19.375
2024,REG,10,NYJ,6,ARI,31,25,37,0,-130,110,-2.0,-110,-110,45.5,-108,-112,1,0.5555555555555556,23.0,23.77777777777778,0.3333333333333333,19.0,20.333333333333332
2024,REG,10,TEN,17,LAC,27,10,44,0,300,-380,8.0,-108,-112,40.0,-110,-110,1,0.625,19.875,12.625,0.25,17.5,26.625
2024,REG,10,PIT,28,WAS,27,-1,55,0,102,-122,1.5,-110,-110,45.0,-108,-112,0,0.7777777777777778,29.22222222222222,21.0,0.75,23.375,14.875
2024,REG,10,SF,23,TB,20,-3,43,0,-298,240,-6.5,-118,-102,50.5,-112,-108,0,0.4444444444444444,28.77777777777778,27.0,0.5,26.25,22.75
2024,REG,10,ATL,17,NO,20,3,37,0,-192,160,-3.5,-112,-108,46.5,-112,-108,1,0.2222222222222222,23.0,25.444444444444443,0.6666666666666666,24.555555555555557,24.0
2024,REG,10,DEN,14,KC,16,2,30,0,300,-380,7.5,-115,-105,42.5,-110,-110,1,1.0,25.375,18.375,0.5555555555555556,20.333333333333332,17.88888888888889
2024,REG,10,MIN,12,JAX,7,-5,19,0,-345,280,-7.0,-120,100,42.5,-108,-112,0,0.2222222222222222,21.666666666666668,28.0,0.75,26.125,18.75
2024,REG,10,BUF,30,IND,20,-10,50,0,-230,190,-4.5,-115,-105,46.5,-108,-112,0,0.4444444444444444,20.88888888888889,21.444444444444443,0.7777777777777778,28.88888888888889,19.22222222222222
2024,REG,10,NE,19,CHI,3,-16,22,0,260,-325,6.5,-110,-110,37.5,-112,-108,0,0.5,21.5,18.5,0.2222222222222222,15.666666666666666,24.11111111111111
2024,REG,10,NYG,17,CAR,20,3,37,1,-298,240,-6.5,-118,-102,40.5,-115,-105,1,0.2222222222222222,16.333333333333332,32.55555555555556,0.2222222222222222,15.444444444444445,22.444444444444443
2024,REG,11,WAS,18,PHI,26,8,44,0,190,-230,4.5,-110,-110,49.5,-110,-110,1,0.7777777777777778,25.88888888888889,17.88888888888889,0.7,29.0,21.7
2024,REG,11,ATL,6,DEN,38,32,44,0,114,-135,2.0,-108,-112,44.5,-112,-108,1,0.5,19.7,17.7,0.6,23.8,23.6
2024,REG,11,GB,20,CHI,19,-1,39,0,-265,215,-6.0,-115,-105,41.0,-108,-112,0,0.4444444444444444,19.444444444444443,18.555555555555557,0.6666666666666666,25.555555555555557,21.555555555555557
2024,REG,11,JAX,6,DET,52,46,58,0,650,-1000,14.0,-105,-115,47.5,-110,-110,1,0.8888888888888888,31.555555555555557,19.0,0.2,20.2,26.4
2024,REG,11,LV,19,MIA,34,15,53,0,330,-425,8.0,-105,-115,43.5,-112,-108,1,0.3333333333333333,16.333333333333332,22.444444444444443,0.2222222222222222,18.666666666666668,27.88888888888889
2024,REG,11,LA,28,NE,22,-6,50,0,-198,164,-4.0,-108,-112,42.5,-112,-108,0,0.3,16.0,22.0,0.4444444444444444,20.555555555555557,24.11111111111111
2024,REG,11,CLE,14,NO,35,21,49,0,-115,-105,-1.0,-110,-110,44.0,-110,-110,1,0.3,22.7,24.6,0.2222222222222222,16.444444444444443,23.666666666666668
2024,REG,11,IND,28,NYJ,27,-1,55,0,170,-205,4.0,-110,-110,43.0,-110,-110,0,0.3,17.7,21.4,0.4,20.8,22.3
2024,REG,11,BAL,16,PIT,18,2,34,0,-175,145,-3.0,-120,100,48.0,-108,-112,1,0.7777777777777778,23.88888888888889,16.22222222222222,0.7,31.8,25.3
2024,REG,11,MIN,23,TEN,13,-10,36,0,-290,235,-6.0,-118,-102,40.0,-110,-110,0,0.2222222222222222,17.444444444444443,26.666666666666668,0.7777777777777778,24.555555555555557,17.444444444444443
2024,REG,11,SEA,20,SF,17,-3,37,0,215,-265,6.0,-110,-110,49.0,-112,-108,0,0.5555555555555556,25.88888888888889,22.444444444444443,0.4444444444444444,23.333333333333332,24.555555555555557
2024,REG,11,KC,21,BUF,30,9,51,0,120,-142,2.5,-108,-112,46.5,-108,-112,1,0.8,29.0,19.3,1.0,24.333333333333332,17.88888888888889
2024,REG,11,CIN,27,LAC,34,7,61,0,-110,-110,1.0,-118,-102,48.0,-105,-115,1,0.6666666666666666,20.666666666666668,13.11111111111111,0.4,27.0,26.2
2024,REG,11,HOU,34,DAL,10,-24,44,0,-360,285,-7.5,100,-120,41.5,-105,-115,0,0.3333333333333333,19.666666666666668,28.77777777777778,0.6,22.4,22.6
2024,REG,12,PHI,37,LA,20,-17,57,0,-170,142,-3.0,-112,-108,49.0,-108,-112,0,0.5,21.3,23.9,0.8,25.9,17.9
2024,REG,12,BAL,30,LAC,23,-7,53,0,-166,140,-3.0,-110,-110,51.0,-112,-108,0,0.7,22.0,14.5,0.6363636363636364,30.363636363636363,24.636363636363637
2024,REG,12,ARI,6,SEA,16,10,22,0,-115,-105,-1.0,-110,-110,46.5,-108,-112,1,0.5,23.0,23.8,0.6,23.8,22.0
2024,REG,12,SF,10,GB,38,28,48,0,235,-290,6.5,-112,-108,44.5,-108,-112,1,0.7,25.0,21.3,0.5,25.0,22.2
2024,REG,12,DEN,29,LV,19,-10,48,0,-278,225,-6.5,-105,-115,41.5,-108,-112,0,0.2,18.7,28.5,0.5454545454545454,21.363636363636363,16.636363636363637
2024,REG,12,DAL,34,WAS,26,-8,60,0,455,-625,10.5,-112,-108,45.0,-110,-110,0,0.6363636363636364,28.0,22.09090909090909,0.3,18.7,29.3
2024,REG,12,TB,30,NYG,7,-23,37,0,-298,240,-6.5,-108,-112,40.5,-110,-110,0,0.2,15.6,22.2,0.4,27.9,26.6
2024,REG,12,NE,15,MIA,34,19,49,0,285,-360,7.5,-115,-105,46.0,-108,-112,1,0.4,18.1,22.1,0.2727272727272727,16.545454545454547,22.545454545454547
2024,REG,12,DET,24,IND,6,-18,30,0,-375,295,-7.0,-122,102,50.5,-110,-110,0,0.45454545454545453,21.454545454545453,22.727272727272727,0.9,33.6,17.7
2024,REG,12,TEN,32,HOU,27,-5,59,0,295,-375,8.0,-112,-108,40.5,-112,-108,0,0.6363636363636364,23.454545454545453,21.454545454545453,0.2,17.0,26.3
2024,REG,12,MIN,30,CHI,27,-3,57,1,-175,145,-3.0,-120,100,39.5,-108,-112,0,0.4,19.4,18.7,0.8,24.4,17.0
2024,REG,12,KC,30,CAR,27,-3,57,0,-700,500,-11.0,-112,-108,43.0,-110,-110,0,0.3,16.7,31.0,0.9,24.0,19.1
2024,REG,12,PIT,19,CLE,24,5,43,0,-205,170,-3.5,-115,-105,36.5,-108,-112,1,0.2,16.2,24.8,0.8,23.3,16.2
2024,REG,13,IND,25,NE,24,-1,49,0,-135,114,-2.5,-115,-105,41.5,-110,-110,0,0.25,16.416666666666668,23.5,0.4166666666666667,20.166666666666668,22.833333333333332
2024,REG,13,SEA,26,NYJ,21,-5,47,0,-105,-115,1.0,-110,-110,41.5,-110,-110,0,0.2727272727272727,18.545454545454547,22.0,0.5454545454545454,22.363636363636363,22.181818181818183
2024,REG,13,TEN,19,WAS,42,23,61,0,205,-250,6.0,-112,-108,45.0,-108,-112,1,0.5833333333333334,27.833333333333332,23.083333333333332,0.2727272727272727,18.363636363636363,26.363636363636363
2024,REG,13,TB,26,CAR,23,-3,49,1,-290,235,-6.5,-115,-105,46.0,-110,-110,0,0.2727272727272727,17.636363636363637,30.90909090909091,0.45454545454545453,28.09090909090909,24.818181818181817
2024,REG,13,LA,21,NO,14,-7,35,0,-142,120,-2.5,-115,-105,48.5,-108,-112,0,0.36363636363636365,23.818181818181817,23.636363636363637,0.45454545454545453,21.181818181818183,25.09090909090909
2024,REG,13,HOU,23,JAX,20,-3,43,0,-192,160,-3.5,-110,-110,44.5,-108,-112,0,0.18181818181818182,18.90909090909091,28.727272727272727,0.5833333333333334,23.75,22.333333333333332
2024,REG,13,PIT,44,CIN,38,-6,82,0,130,-155,3.0,-110,-110,46.0,-108,-112,0,0.36363636363636365,27.0,26.90909090909091,0.7272727272727273,22.90909090909091,16.90909090909091
2024,REG,13,LAC,17,ATL,13,-4,30,0,-118,-102,-1.0,-108,-112,47.0,-110,-110,0,0.5454545454545454,22.181818181818183,24.90909090909091,0.6363636363636364,22.09090909090909,15.909090909090908
2024,REG,13,LV,17,KC,19,2,36,0,550,-800,13.5,-108,-112,42.0,-108,-112,1,0.9090909090909091,24.545454545454547,19.818181818181817,0.18181818181818182,18.727272727272727,28.545454545454547
2024,REG,13,MIA,17,GB,30,13,47,0,145,-175,3.5,-115,-105,47.5,-110,-110,1,0.7272727272727273,26.181818181818183,20.272727272727273,0.45454545454545453,19.545454545454547,21.454545454545453
2024,REG,13,NYG,20,DAL,27,7,47,0,185,-218,4.5,-110,-110,39.0,-110,-110,1,0.36363636363636365,20.09090909090909,29.0,0.18181818181818182,14.818181818181818,22.90909090909091
2024,REG,13,CHI,20,DET,23,3,43,0,390,-520,9.5,-102,-118,47.5,100,-120,1,0.9090909090909091,32.72727272727273,16.636363636363637,0.36363636363636365,20.09090909090909,19.727272727272727
2024,REG,13,SF,10,BUF,35,25,45,0,270,-340,6.5,-102,-118,45.0,-110,-110,1,0.8181818181818182,29.09090909090909,19.454545454545453,0.45454545454545453,23.636363636363637,23.636363636363637
2024,REG,13,CLE,32,DEN,41,9,73,0,235,-290,6.5,-108,-112,41.5,-110,-110,1,0.5833333333333334,22.0,16.833333333333332,0.2727272727272727,16.90909090909091,24.272727272727273
2024,REG,13,ARI,22,MIN,23,1,45,0,154,-185,3.5,-110,-110,45.5,-112,-108,1,0.8181818181818182,24.90909090909091,17.90909090909091,0.5454545454545454,22.181818181818183,21.454545454545453
2024,REG,13,PHI,24,BAL,19,-5,43,0,136,-162,3.0,-110,-110,50.0,-110,-110,0,0.6666666666666666,30.333333333333332,24.5,0.8181818181818182,26.90909090909091,18.09090909090909
2024,REG,14,LAC,17,KC,19,2,36,0,195,-238,5.0,-115,-105,43.5,-110,-110,1,0.9166666666666666,24.083333333333332,19.583333333333332,0.6666666666666666,21.666666666666668,15.666666666666666
2024,REG,14,CHI,13,SF,38,25,51,0,136,-162,3.0,-110,-110,43.5,-108,-112,1,0.4166666666666667,22.5,24.583333333333332,0.3333333333333333,20.083333333333332,20.0
2024,REG,14,BUF,42,LA,44,2,86,0,-192,160,-3.5,-118,-102,49.5,-108,-112,1,0.5,21.166666666666668,24.166666666666668,0.8333333333333334,29.583333333333332,18.666666666666668
2024,REG,14,SEA,30,ARI,18,-12,48,0,145,-175,3.0,-105,-115,45.5,-110,-110,0,0.5,22.166666666666668,21.583333333333332,0.5833333333333334,22.666666666666668,22.083333333333332
2024,REG,14,JAX,10,TEN,6,-4,16,0,142,-170,3.0,-105,-115,40.0,-108,-112,0,0.25,18.416666666666668,27.666666666666668,0.16666666666666666,19.0,28.25
2024,REG,14,CIN,27,DAL,20,-7,47,0,-230,190,-5.0,-110,-110,51.0,-112,-108,0,0.4166666666666667,20.666666666666668,28.25,0.3333333333333333,27.916666666666668,28.333333333333332
2024,REG,14,LV,13,TB,28,15,41,0,260,-325,7.0,-115,-105,47.0,-112,-108,1,0.5,27.916666666666668,24.666666666666668,0.16666666666666666,18.583333333333332,27.75
2024,REG,14,CLE,14,PIT,27,13,41,0,210,-258,6.0,-112,-108,43.0,-110,-110,1,0.75,24.666666666666668,18.666666666666668,0.25,18.166666666666668,25.666666666666668
2024,REG,14,CAR,16,PHI,22,6,38,0,625,-950,14.0,-112,-108,44.5,-112,-108,1,0.8333333333333334,26.666666666666668,18.166666666666668,0.25,18.083333333333332,30.5
2024,REG,14,NO,14,NYG,11,-3,25,0,-245,200,-5.5,-115,-105,41.0,-110,-110,0,0.16666666666666666,15.25,23.25,0.3333333333333333,23.0,23.416666666666668
2024,REG,14,ATL,21,MIN,42,21,63,0,205,-250,6.0,-110,-110,46.5,-108,-112,1,0.8333333333333334,24.75,18.25,0.5,21.416666666666668,24.25
2024,REG,14,NYJ,26,MIA,32,6,58,1,240,-298,6.5,-108,-112,45.0,-112,-108,1,0.4166666666666667,19.333333333333332,22.166666666666668,0.25,18.75,22.333333333333332
2024,REG,14,GB,31,DET,34,3,65,0,142,-170,3.0,100,-120,53.0,-110,-110,1,0.9166666666666666,31.916666666666668,16.916666666666668,0.75,26.5,20.0
2024,REG,15,CHI,12,MIN,30,18,42,0,260,-325,7.0,-115,-105,43.5,-110,-110,1,0.8461538461538461,26.076923076923077,18.46153846153846,0.3076923076923077,19.53846153846154,21.384615384615383
2024,REG,15,GB,30,SEA,13,-17,43,0,-162,136,-3.0,-110,-110,48.0,-110,-110,0,0.6153846153846154,23.23076923076923,21.76923076923077,0.6923076923076923,26.846153846153847,21.076923076923077
2024,REG,15,PIT,13,PHI,27,14,40,0,215,-265,5.5,-110,-110,43.0,-110,-110,1,0.8461538461538461,26.307692307692307,18.0,0.7692307692307693,24.846153846153847,18.307692307692307
2024,REG,15,TB,40,LAC,17,-23,57,0,136,-162,3.0,-105,-115,46.0,-108,-112,0,0.6153846153846154,21.307692307692307,15.923076923076923,0.5384615384615384,27.923076923076923,23.76923076923077
2024,REG,15,BUF,48,DET,42,-6,90,0,110,-130,2.5,-110,-110,55.5,-110,-110,0,0.9230769230769231,32.07692307692308,18.0,0.7692307692307693,30.53846153846154,20.615384615384617
2024,REG,15,IND,13,DEN,31,18,44,0,195,-238,4.5,-105,-115,43.5,-108,-112,1,0.6153846153846154,23.46153846153846,18.0,0.46153846153846156,20.53846153846154,22.923076923076923
2024,REG,15,NE,17,ARI,30,13,47,0,210,-258,6.0,-108,-112,46.5,-110,-110,1,0.46153846153846156,21.846153846153847,22.23076923076923,0.23076923076923078,17.0,23.615384615384617
2024,REG,15,CIN,37,TEN,27,-10,64,0,-250,205,-6.0,-110,-110,46.5,-112,-108,0,0.23076923076923078,17.46153846153846,26.307692307692307,0.38461538461538464,27.846153846153847,27.692307692307693
2024,REG,15,BAL,35,NYG,14,-21,49,0,-1800,1000,-16.5,-112,-108,43.5,-112,-108,0,0.15384615384615385,14.923076923076923,22.53846153846154,0.6153846153846154,29.46153846153846,24.46153846153846
2024,REG,15,WAS,20,NO,19,-1,39,0,-375,295,-7.5,-112,-108,44.5,-108,-112,0,0.38461538461538464,22.307692307692307,22.46153846153846,0.6153846153846154,28.923076923076923,22.76923076923077
2024,REG,15,NYJ,32,JAX,25,-7,57,0,-175,145,-3.5,-102,-118,41.5,-112,-108,0,0.23076923076923078,18.307692307692307,26.53846153846154,0.23076923076923078,19.307692307692307,23.076923076923077
2024,REG,15,MIA,12,HOU,20,8,32,0,130,-155,2.5,-105,-115,46.5,-112,-108,1,0.6153846153846154,23.692307692307693,22.153846153846153,0.46153846153846156,20.307692307692307,22.46153846153846
2024,REG,15,KC,21,CLE,7,-14,28,0,-230,190,-4.5,-110,-110,41.5,-112,-108,0,0.23076923076923078,17.846153846153847,25.76923076923077,0.9230769230769231,23.692307692307693,19.384615384615383
2024,REG,15,DAL,30,CAR,14,-16,44,0,120,-142,2.5,100,-120,42.0,-112,-108,0,0.23076923076923078,17.923076923076923,29.846153846153847,0.38461538461538464,20.615384615384617,28.153846153846153
2024,REG,15,LA,12,SF,6,-6,18,0,130,-155,3.0,-118,-102,48.5,-110,-110,0,0.46153846153846156,23.692307692307693,23.692307692307693,0.5384615384615384,22.923076923076923,25.53846153846154
2024,REG,15,ATL,15,LV,9,-6,24,0,-345,275,-6.5,-110,-110,44.5,-110,-110,0,0.15384615384615385,18.153846153846153,27.76923076923077,0.46153846153846156,21.384615384615383,25.615384615384617
2024,REG,16,NYG,7,ATL,34,27,41,0,410,-550,9.5,-110,-110,42.5,-110,-110,1,0.5,20.928571428571427,24.428571428571427,0.14285714285714285,14.857142857142858,23.428571428571427
2024,REG,16,PIT,17,BAL,34,17,51,0,275,-345,7.0,-115,-105,44.5,-112,-108,1,0.6428571428571429,29.857142857142858,23.714285714285715,0.7142857142857143,24.0,18.928571428571427
2024,REG,16,HOU,19,KC,27,8,46,0,150,-180,3.5,-120,100,42.5,-108,-112,1,0.9285714285714286,23.5,18.5,0.6428571428571429,23.428571428571427,21.428571428571427
2024,REG,16,DEN,27,LAC,34,7,61,0,124,-148,3.0,-120,100,41.5,-110,-110,1,0.5714285714285714,21.0,17.642857142857142,0.6428571428571429,24.0,17.642857142857142
2024,REG,16,DET,34,CHI,17,-17,51,0,-340,270,-7.0,-110,-110,47.5,-110,-110,0,0.2857142857142857,19.0,22.0,0.8571428571428571,32.785714285714285,20.142857142857142
2024,REG,16,CLE,6,CIN,24,18,30,0,425,-575,10.0,-108,-112,46.5,-112,-108,1,0.42857142857142855,28.5,27.642857142857142,0.21428571428571427,17.071428571428573,25.428571428571427
2024,REG,16,TEN,30,IND,38,8,68,0,164,-198,4.0,-112,-108,42.5,-108,-112,1,0.42857142857142855,20.0,23.5,0.21428571428571427,18.142857142857142,27.071428571428573
2024,REG,16,LA,19,NYJ,9,-10,28,0,-162,136,-3.0,-105,-115,47.0,-110,-110,0,0.2857142857142857,20.214285714285715,23.214285714285715,0.5714285714285714,22.142857142857142,24.142857142857142
2024,REG,16,PHI,33,WAS,36,3,69,0,-218,180,-4.0,-115,-105,47.0,-110,-110,1,0.6428571428571429,28.285714285714285,22.5,0.8571428571428571,26.357142857142858,17.642857142857142
2024,REG,16,MIN,27,SEA,24,-3,51,0,-148,124,-2.5,-115,-105,43.0,-115,-105,0,0.5714285714285714,22.5,22.357142857142858,0.8571428571428571,26.357142857142858,18.0
2024,REG,16,NE,21,BUF,24,3,45,0,700,-1100,14.0,-110,-110,48.0,-110,-110,1,0.7857142857142857,31.785714285714285,22.142857142857142,0.21428571428571427,17.0,24.071428571428573
2024,REG,16,ARI,30,CAR,36,6,66,1,-245,200,-5.5,-110,-110,47.0,-110,-110,1,0.21428571428571427,17.642857142857142,29.857142857142858,0.5,22.428571428571427,21.857142857142858
2024,REG,16,JAX,14,LV,19,5,33,0,110,-130,2.5,-110,-110,41.5,-112,-108,1,0.14285714285714285,17.5,26.857142857142858,0.21428571428571427,18.785714285714285,26.928571428571427
2024,REG,16,SF,17,MIA,29,12,46,0,-125,105,-2.0,-108,-112,44.0,-108,-112,1,0.42857142857142855,19.714285714285715,22.285714285714285,0.42857142857142855,22.428571428571427,22.857142857142858
2024,REG,16,TB,24,DAL,26,2,50,0,-218,180,-4.5,-105,-115,47.5,-110,-110,1,0.42857142857142855,21.285714285714285,27.142857142857142,0.5714285714285714,28.785714285714285,23.285714285714285
2024,REG,16,NO,0,GB,34,34,34,0,625,-950,14.0,-105,-115,44.0,-110,-110,1,0.7142857142857143,27.071428571428573,20.5,0.35714285714285715,22.071428571428573,22.285714285714285
2024,REG,17,DAL,7,PHI,41,34,48,0,260,-325,7.5,-112,-108,37.5,-108,-112,1,0.8,26.8,18.866666666666667,0.4666666666666667,21.6,26.933333333333334
2024,REG,17,LV,25,NO,10,-15,35,0,-125,105,-2.0,-110,-110,37.5,-112,-108,0,0.3333333333333333,20.6,23.066666666666666,0.2,17.6,26.0
2024,REG,17,TEN,13,JAX,20,7,33,0,-108,-112,-1.0,-105,-115,38.0,-110,-110,1,0.2,18.466666666666665,26.4,0.2,18.933333333333334,27.8
2024,REG,17,IND,33,NYG,45,12,78,0,-410,320,-7.5,-112,-108,40.5,-112,-108,1,0.13333333333333333,14.333333333333334,24.133333333333333,0.4666666666666667,21.2,23.933333333333334
2024,REG,17,CAR,14,TB,48,34,62,0,380,-500,9.5,-105,-115,47.5,-108,-112,1,0.5333333333333333,28.466666666666665,23.466666666666665,0.26666666666666666,18.866666666666667,29.866666666666667
2024,REG,17,MIA,20,CLE,3,-17,23,0,-170,142,-3.0,-115,-105,32.5,-112,-108,0,0.2,16.333333333333332,25.333333333333332,0.4666666666666667,20.333333333333332,21.933333333333334
2024,REG,17,GB,25,MIN,27,2,52,0,-112,-108,-1.0,-105,-115,49.0,-110,-110,1,0.8666666666666667,26.4,18.4,0.7333333333333333,27.533333333333335,19.133333333333333
2024,REG,17,NYJ,14,BUF,40,26,54,0,390,-520,10.0,-105,-115,44.5,-112,-108,1,0.8,31.266666666666666,22.066666666666666,0.26666666666666666,19.466666666666665,22.933333333333334
2024,REG,17,ARI,9,LA,13,4,22,0,270,-340,6.5,100,-120,48.0,-112,-108,1,0.6,21.933333333333334,23.133333333333333,0.4666666666666667,22.933333333333334,22.8
2024,REG,17,DEN,24,CIN,30,6,54,1,145,-175,3.5,-115,-105,50.5,-110,-110,1,0.4666666666666667,28.2,26.2,0.6,24.2,18.733333333333334
2024,REG,17,LAC,40,NE,7,-33,47,0,-305,245,-6.0,-118,-102,42.0,-108,-112,0,0.2,17.266666666666666,24.066666666666666,0.6,21.866666666666667,18.266666666666666
2024,REG,17,SEA,6,CHI,3,-3,9,0,-192,160,-3.5,-118,-102,43.5,-112,-108,0,0.26666666666666666,18.866666666666667,22.8,0.5333333333333333,22.6,22.666666666666668
2024,REG,17,BAL,31,HOU,2,-29,33,0,-245,200,-5.5,-108,-112,46.5,-112,-108,0,0.6,23.133333333333333,21.8,0.6666666666666666,30.133333333333333,23.266666666666666
2024,REG,17,KC,29,PIT,10,-19,39,0,-162,136,-3.0,-105,-115,43.5,-110,-110,0,0.6666666666666666,23.533333333333335,19.933333333333334,0.9333333333333333,23.733333333333334,18.533333333333335
2024,REG,17,ATL,24,WAS,30,6,54,1,160,-192,3.5,-115,-105,46.5,-110,-110,1,0.6666666666666666,28.8,23.2,0.5333333333333333,21.8,23.266666666666666
2024,REG,17,DET,40,SF,34,-6,74,0,-230,190,-4.0,-112,-108,50.5,-110,-110,0,0.4,22.066666666666666,23.266666666666666,0.8666666666666667,32.86666666666667,19.933333333333334
2024,REG,18,CIN,19,PIT,17,-2,36,0,-148,124,-2.5,-118,-102,48.5,-112,-108,0,0.625,22.6875,20.5,0.5,28.3125,26.0625
2024,REG,18,CLE,10,BAL,35,25,45,0,1200,-2400,19.5,-105,-115,42.5,-108,-112,1,0.6875,30.1875,21.9375,0.1875,15.5,25.0
2024,REG,18,CAR,44,ATL,38,-6,82,1,300,-380,7.5,-105,-115,48.5,-108,-112,0,0.5,21.9375,23.6875,0.25,18.5625,31.0
2024,REG,18,WAS,23,DAL,19,-4,42,0,-310,250,-7.0,-108,-112,43.5,-118,-102,0,0.4375,20.6875,27.8125,0.6875,28.875,23.25
2024,REG,18,CHI,24,GB,22,-2,46,0,320,-410,10.0,-115,-105,41.5,-108,-112,0,0.6875,27.375,19.625,0.25,17.875,21.75
2024,REG,18,JAX,23,IND,26,3,49,1,150,-180,3.5,-110,-110,45.5,-105,-110,1,0.4375,21.9375,25.25,0.25,18.5625,25.5625
2024,REG,18,BUF,16,NE,23,7,39,0,-166,140,-3.0,-112,-108,36.5,-108,-112,1,0.1875,16.625,25.0625,0.8125,31.8125,21.5625
2024,REG,18,NYG,13,PHI,20,7,33,0,130,-155,3.0,-110,-110,36.5,-118,-102,1,0.8125,27.6875,18.125,0.1875,16.25,24.6875
2024,REG,18,NO,19,TB,27,8,46,0,675,-1050,14.5,-102,-118,44.5,-112,-108,1,0.5625,29.6875,22.875,0.3125,19.9375,23.1875
2024,REG,18,HOU,23,TEN,14,-9,37,0,120,-142,2.5,-108,-112,36.5,-108,-112,0,0.1875,18.5625,27.3125,0.5625,21.8125,22.375
2024,REG,18,SF,24,ARI,47,23,71,0,160,-192,4.5,-110,-110,42.5,-110,-110,1,0.4375,22.0625,22.1875,0.375,22.8125,24.3125
2024,REG,18,KC,0,DEN,38,38,38,0,370,-485,10.5,-115,-105,40.5,-115,-105,1,0.5625,24.1875,19.4375,0.9375,24.0625,18.0
2024,REG,18,SEA,30,LA,25,-5,55,0,-360,285,-7.5,-110,-110,38.5,-112,-108,0,0.625,21.375,22.25,0.5625,21.5625,21.4375
2024,REG,18,LAC,34,LV,20,-14,54,0,-345,275,-7.0,-118,-102,42.5,-112,-108,0,0.25,18.0625,25.0,0.625,23.0,17.5625
2024,REG,18,MIA,20,NYJ,32,12,52,0,102,-122,1.5,-110,-110,39.5,-112,-108,1,0.25,19.125,24.0,0.5,20.3125,20.75
2024,REG,18,MIN,9,DET,31,22,40,0,124,-148,3.0,-118,-102,56.5,-102,-118,1,0.875,33.3125,20.8125,0.875,26.4375,18.8125
