season,game_type,week,away_team,away_score,home_team,home_score,result,total,overtime,away_moneyline,home_moneyline,spread_line,away_spread_odds,home_spread_odds,total_line,under_odds,over_odds,home_team_win,home_win_pct,home_ppg,home_opp_ppg,home_third_down_pct,home_third_down_stop_pct,home_sacks_per_game,home_turnover_diff,away_win_pct,away_ppg,away_opp_ppg,away_third_down_pct,away_third_down_stop_pct,away_sacks_per_game,away_turnover_diff
2019,REG,1,GB,10,CHI,3,-7,13,0,160,-178,3.5,-113,103,47.0,102,-113,0,,,,,,,,,,,,,,
2019,REG,1,KC,40,JAX,26,-14,66,0,-181,163,-3.5,-101,-110,49.0,102,-113,0,,,,,,,,,,,,,,
2019,REG,1,BAL,59,MIA,10,-49,69,0,-298,263,-7.0,102,-112,41.0,-105,-105,0,,,,,,,,,,,,,,
2019,REG,1,ATL,12,MIN,28,16,40,0,159,-176,3.5,-115,104,47.0,101,-112,1,,,,,,,,,,,,,,
2019,REG,1,BUF,17,NYJ,16,-1,33,0,135,-149,2.5,-101,-110,41.0,-110,-100,0,,,,,,,,,,,,,,
2019,REG,1,WAS,27,PHI,32,5,59,0,395,-463,10.5,-114,103,44.0,-103,-107,1,,,,,,,,,,,,,,
2019,REG,1,IND,24,LAC,30,6,54,1,235,-265,6.0,-107,-103,44.5,-112,101,1,,,,,,,,,,,,,,
2019,REG,1,CIN,20,SEA,21,1,41,0,344,-398,9.5,-115,104,44.0,-104,-106,1,,,,,,,,,,,,,,
2019,REG,1,DET,27,ARI,27,0,54,1,-147,133,-2.5,-121,108,45.5,-114,104,0,,,,,,,,,,,,,,
2019,REG,1,TEN,43,CLE,13,-30,56,0,206,-230,5.5,-113,103,44.0,-107,-103,0,,,,,,,,,,,,,,
2019,REG,1,NYG,17,DAL,35,18,52,0,271,-308,7.0,-111,100,44.0,-104,-106,1,,,,,,,,,,,,,,
2019,REG,1,SF,31,TB,17,-14,48,0,-102,-108,1.0,-106,-104,51.0,-100,-110,0,,,,,,,,,,,,,,
2019,REG,1,PIT,3,NE,33,30,36,0,203,-228,5.5,-111,101,49.0,-103,-107,1,,,,,,,,,,,,,,
2019,REG,1,HOU,28,NO,30,2,58,0,273,-310,6.5,103,-113,52.0,105,-116,1,,,,,,,,,,,,,,
2019,REG,1,DEN,16,OAK,24,8,40,0,-149,135,-3.0,108,-121,42.5,-110,-100,1,,,,,,,,,,,,,,
2019,REG,1,LA,30,CAR,27,-3,57,0,-122,111,-1.5,-106,-104,49.5,-101,-110,0,,,,,,,,,,,,,,
2019,REG,2,CLE,23,NYJ,3,-20,26,0,-278,241,-6.5,-105,-105,45.5,103,-115,0,0.0,16.0,17.0,0.4117647058823529,0.5454545454545454,1.0,3.0,0.0,13.0,43.0,0.09090909090909091,0.8461538461538461,4.0,-3.0
2019,REG,2,TB,20,CAR,14,-6,34,0,240,-277,6.5,-110,-100,48.0,-105,-105,0,0.0,27.0,30.0,0.4166666666666667,0.5263157894736843,1.0,-2.0,0.0,17.0,31.0,0.35714285714285715,0.6875,1.0,-2.0
2019,REG,2,IND,19,TEN,17,-2,36,0,160,-178,3.0,108,-120,43.5,-111,-101,0,1.0,43.0,13.0,0.15384615384615385,0.9090909090909091,5.0,3.0,0.0,24.0,30.0,0.5384615384615384,0.46153846153846156,4.0,0.0
2019,REG,2,SEA,28,PIT,26,-2,54,0,175,-197,4.0,-109,-101,47.0,-113,101,0,0.0,3.0,33.0,0.2,0.5,1.0,-1.0,1.0,21.0,20.0,0.2857142857142857,0.6666666666666667,5.0,0.0
2019,REG,2,BUF,28,NYG,14,-14,42,0,-113,102,-1.0,-108,-103,44.5,-103,-108,0,0.0,17.0,35.0,0.18181818181818182,0.4545454545454546,0.0,-2.0,1.0,17.0,16.0,0.45454545454545453,0.5882352941176471,4.0,-3.0
2019,REG,2,NE,43,MIA,0,-43,43,0,-1300,880,-18.0,-101,-109,48.5,101,-113,0,0.0,10.0,59.0,0.2727272727272727,0.46153846153846156,1.0,-1.0,1.0,33.0,3.0,0.5,0.8,1.0,1.0
2019,REG,2,JAX,12,HOU,13,1,25,0,286,-336,7.5,-122,111,43.0,-104,-107,1,0.0,28.0,30.0,0.4375,0.41666666666666663,1.0,0.0,0.0,26.0,40.0,0.5,0.6428571428571428,0.0,-2.0
2019,REG,2,MIN,16,GB,21,5,37,0,148,-165,3.0,-102,-108,43.0,-110,-101,1,1.0,10.0,3.0,0.14285714285714285,0.8235294117647058,5.0,1.0,1.0,28.0,12.0,0.45454545454545453,0.8666666666666667,4.0,3.0
2019,REG,2,LAC,10,DET,13,3,23,0,-107,-103,-1.0,102,-113,47.0,-101,-110,1,1.0,27.0,27.0,0.3,0.6086956521739131,5.0,1.0,1.0,30.0,24.0,0.5384615384615384,0.46153846153846156,2.0,0.0
2019,REG,2,SF,41,CIN,17,-24,58,0,-103,-107,1.0,-111,100,46.0,-113,101,0,0.0,20.0,21.0,0.3333333333333333,0.7142857142857143,4.0,0.0,1.0,31.0,17.0,0.3125,0.6428571428571428,3.0,2.0
2019,REG,2,ARI,17,BAL,23,6,40,0,513,-665,13.0,-110,-100,46.0,100,-112,1,1.0,59.0,10.0,0.5384615384615384,0.7272727272727273,3.0,1.0,0.0,27.0,27.0,0.391304347826087,0.7,3.0,-1.0
2019,REG,2,DAL,31,WAS,21,-10,52,0,-268,233,-6.0,-115,104,46.5,104,-115,0,0.0,27.0,32.0,0.3125,0.3529411764705882,1.0,0.0,1.0,35.0,17.0,0.5454545454545454,0.8181818181818181,1.0,2.0
2019,REG,2,KC,28,OAK,10,-18,38,0,-293,252,-7.0,108,-119,53.5,107,-119,0,1.0,24.0,16.0,,,,0.0,1.0,40.0,26.0,0.35714285714285715,0.5,1.0,2.0
2019,REG,2,CHI,16,DEN,14,-2,30,0,-147,132,-3.0,103,-114,41.0,111,-123,0,0.0,16.0,24.0,0.4,0.2857142857142857,0.0,0.0,0.0,3.0,10.0,0.17647058823529413,0.8571428571428572,5.0,-1.0
2019,REG,2,NO,9,LA,27,18,36,0,107,-118,2.0,-114,103,52.5,-100,-111,1,1.0,30.0,27.0,0.47368421052631576,0.5833333333333333,3.0,2.0,1.0,30.0,28.0,0.5833333333333334,0.5625,6.0,0.0
2019,REG,2,PHI,20,ATL,24,4,44,0,-105,-105,-1.0,102,-112,53.0,-105,-106,1,0.0,12.0,28.0,0.13333333333333333,0.5454545454545454,1.0,-3.0,1.0,32.0,27.0,0.6470588235294118,0.6875,1.0,0.0
2019,REG,3,CIN,17,BUF,21,4,38,0,220,-252,5.5,-104,-106,43.5,-107,-104,1,1.0,22.5,15.0,0.3939393939393939,0.6869747899159664,2.5,-0.5,0.0,18.5,31.0,0.40350877192982454,0.6071428571428572,2.0,0.0
2019,REG,3,TEN,7,JAX,20,13,27,0,-125,113,-1.5,-109,-101,38.0,-100,-111,1,0.0,19.0,26.5,0.35,0.6449579831932772,2.0,-1.5,0.5,30.0,16.0,0.11858974358974358,0.7486631016042781,4.0,2.5
2019,REG,3,MIA,6,DAL,31,25,37,0,1454,-2540,22.0,102,-112,46.5,-103,-108,1,1.0,33.0,19.0,0.5643939393939394,0.8090909090909091,1.0,0.5,0.0,5.0,51.0,0.203030303030303,0.4807692307692308,1.5,-2.0
2019,REG,3,DEN,16,GB,27,11,43,0,278,-327,7.0,-108,-102,42.0,104,-116,1,1.0,15.5,9.5,0.23809523809523808,0.7579185520361991,3.0,1.5,0.0,15.0,20.0,0.30714285714285716,0.5178571428571428,0.0,-0.5
2019,REG,3,ATL,24,IND,27,3,51,0,105,-116,1.0,100,-111,48.0,-107,-104,1,0.5,21.5,23.5,0.4751131221719457,0.6891025641025641,4.0,-1.0,0.5,18.0,24.0,0.203030303030303,0.5584415584415584,2.0,-1.5
2019,REG,3,BAL,28,KC,33,5,61,0,191,-216,4.5,-108,-102,52.0,-103,-108,1,1.0,34.0,18.0,0.3890977443609023,0.5625,2.0,1.5,1.0,41.0,13.5,0.5192307692307692,0.7803030303030303,3.0,0.5
2019,REG,3,OAK,14,MIN,34,20,48,0,337,-405,8.5,-105,-105,43.0,-114,102,1,0.5,22.0,16.5,0.38111888111888115,0.7666666666666667,3.0,0.5,0.5,17.0,22.0,,,,0.0
2019,REG,3,NYJ,14,NE,30,16,44,0,1203,-1962,20.5,-109,-101,43.0,-104,-107,1,1.0,38.0,1.5,0.5,0.8333333333333334,4.0,2.0,0.0,9.5,20.0,0.261437908496732,0.6393939393939394,2.0,1.5
2019,REG,3,DET,27,PHI,24,-3,51,0,188,-212,4.0,-104,-106,45.0,103,-115,0,0.5,26.0,25.5,0.5378151260504201,0.7073863636363636,1.0,0.0,1.0,20.0,18.5,0.3318181818181818,0.5900621118012422,3.0,0.5
2019,REG,3,CAR,38,ARI,20,-18,58,0,118,-131,2.5,-114,103,46.0,-104,-107,0,0.0,22.0,25.0,0.27898550724637683,0.6,2.5,-0.5,0.0,20.5,25.0,0.30208333333333337,0.6917293233082707,2.0,-1.5
2019,REG,3,NYG,32,TB,31,-1,63,0,202,-230,5.0,-103,-107,48.0,101,-113,0,0.5,18.5,22.5,0.25,0.75,2.0,-0.5,0.0,15.5,31.5,0.19805194805194803,0.5606060606060607,1.5,-2.0
2019,REG,3,HOU,27,LAC,20,-7,47,0,151,-168,3.0,104,-115,49.0,101,-112,0,0.5,20.0,18.5,0.48351648351648346,0.548951048951049,1.0,0.0,0.5,20.5,21.0,0.39522058823529416,0.6083333333333334,2.5,0.5
2019,REG,3,NO,33,SEA,27,-6,60,0,199,-225,5.0,-106,-105,44.0,-110,-101,0,1.0,24.5,23.0,0.3214285714285714,0.717948717948718,3.0,-0.5,0.5,19.5,27.5,0.43452380952380953,0.6026785714285714,4.5,0.0
2019,REG,3,PIT,20,SF,24,4,44,0,239,-276,6.0,-104,-107,44.5,-103,-108,1,1.0,36.0,17.0,0.40625,0.5845864661654135,3.5,1.0,0.0,14.5,30.5,0.2153846153846154,0.5714285714285714,2.5,0.0
2019,REG,3,LA,20,CLE,13,-7,33,0,-215,190,-4.0,-111,101,48.0,-112,100,0,0.5,18.0,23.0,0.17878787878787877,0.8675213675213675,4.0,-1.5,1.0,28.5,18.0,0.41541353383458646,0.6488095238095237,2.5,1.0
2019,REG,3,CHI,31,WAS,15,-16,46,0,-232,204,-5.0,-103,-107,41.0,100,-111,0,0.0,24.0,31.5,0.25625,0.3848039215686274,1.0,0.5,0.5,9.5,12.0,0.21323529411764708,0.8214285714285714,3.5,0.0
2019,REG,4,CIN,3,PIT,27,24,30,0,160,-179,3.5,-112,101,45.5,106,-118,1,0.0,16.333333333333332,28.333333333333332,0.22692307692307692,0.5476190476190476,2.0,1.0,0.0,18.0,27.666666666666668,0.3523391812865497,0.6098901098901099,1.6666666666666667,-0.6666666666666666
2019,REG,4,DAL,10,NO,12,2,22,0,-140,127,-2.5,-105,-105,47.0,-103,-108,1,0.6666666666666666,24.0,27.333333333333332,0.3611111111111111,0.6309523809523809,3.0,0.6666666666666666,1.0,32.333333333333336,14.666666666666666,0.5429292929292929,0.813903743315508,1.6666666666666667,0.3333333333333333
2019,REG,4,JAX,26,DEN,24,-2,50,0,124,-137,2.5,-102,-109,37.0,-109,-102,0,0.0,15.333333333333334,22.333333333333332,0.3825396825396825,0.6044973544973544,0.0,-1.3333333333333333,0.3333333333333333,19.333333333333332,20.0,0.28888888888888886,0.6151571739807034,4.333333333333333,-1.3333333333333333
2019,REG,4,MIN,6,CHI,16,10,22,0,-108,-102,-1.0,-101,-109,38.0,-105,-106,1,0.6666666666666666,16.666666666666668,13.0,0.3472850678733032,0.79004329004329,3.6666666666666665,1.3333333333333333,0.6666666666666666,26.0,15.666666666666666,0.42074592074592077,0.7535353535353536,3.3333333333333335,0.6666666666666666
2019,REG,4,TB,55,LA,40,-15,95,0,385,-473,9.0,-104,-106,48.5,-104,-107,0,1.0,25.666666666666668,16.333333333333332,0.4019423558897243,0.6547619047619048,2.6666666666666665,0.0,0.3333333333333333,22.666666666666668,25.666666666666668,0.25555555555555554,0.7000000000000001,3.0,0.0
2019,REG,4,SEA,27,ARI,10,-17,37,0,-238,209,-5.5,-107,-103,49.0,-101,-110,0,0.0,21.333333333333332,29.333333333333332,0.36246092639954536,0.6121212121212122,2.3333333333333335,-0.6666666666666666,0.6666666666666666,25.333333333333332,26.333333333333332,0.31845238095238093,0.7405372405372406,2.0,-1.0
2019,REG,4,WAS,3,NYG,24,21,27,0,146,-163,3.0,-101,-109,48.0,-105,-106,1,0.3333333333333333,21.0,31.333333333333332,0.26536796536796536,0.6181818181818183,2.3333333333333335,-1.6666666666666667,0.0,21.0,31.333333333333332,0.2617424242424242,0.38474107591754647,1.6666666666666667,-1.0
2019,REG,4,LAC,30,MIA,10,-20,40,0,-806,602,-15.0,-103,-107,43.5,-113,101,0,0.0,5.333333333333333,44.333333333333336,0.19417706476530006,0.4871794871794872,1.3333333333333333,-1.3333333333333333,0.3333333333333333,20.0,21.333333333333332,0.42038353803059686,0.49930069930069926,1.3333333333333333,0.0
2019,REG,4,OAK,31,IND,24,-7,55,0,212,-242,5.5,-106,-104,46.0,-108,-103,0,0.6666666666666666,23.333333333333332,23.666666666666668,0.4556309703368527,0.5876068376068376,2.6666666666666665,-0.3333333333333333,0.3333333333333333,16.0,26.0,,,,0.0
2019,REG,4,CAR,16,HOU,10,-6,26,0,224,-257,5.5,-100,-110,47.5,-106,-105,0,0.6666666666666666,22.666666666666668,20.666666666666668,0.4634803921568628,0.6408496732026144,3.3333333333333335,0.3333333333333333,0.3333333333333333,26.333333333333332,23.333333333333332,0.3226010101010101,0.618015627303553,4.0,-0.6666666666666666
2019,REG,4,KC,34,DET,30,-4,64,0,-364,307,-7.5,105,-116,54.5,101,-113,0,1.0,22.333333333333332,20.333333333333332,0.3545454545454545,0.5894531725733771,3.0,1.0,1.0,33.666666666666664,21.333333333333332,0.41091364775575306,0.5801282051282052,2.3333333333333335,1.0
2019,REG,4,NE,16,BUF,10,-6,26,0,-321,274,-7.0,-102,-108,41.5,-103,-108,0,1.0,22.0,15.666666666666666,0.3908313908313908,0.707983193277311,2.3333333333333335,0.3333333333333333,1.0,35.333333333333336,5.666666666666667,0.45098039215686275,0.888888888888889,4.333333333333333,1.6666666666666667
2019,REG,4,PHI,34,GB,27,-7,61,0,169,-190,3.5,-110,-100,46.0,-112,100,0,1.0,19.333333333333332,11.666666666666666,0.2328042328042328,0.6608345902463549,4.0,2.0,0.3333333333333333,25.333333333333332,26.0,0.4957983193277311,0.671590909090909,0.6666666666666666,-0.6666666666666666
2019,REG,4,TEN,24,ATL,10,-14,34,0,156,-174,3.5,-113,102,46.0,-113,101,0,0.3333333333333333,20.0,25.0,0.34048174048174046,0.5667388167388167,1.6666666666666667,-1.3333333333333333,0.3333333333333333,22.333333333333332,17.333333333333332,0.22720797720797722,0.7768865121806298,2.6666666666666665,2.0
2019,REG,4,CLE,40,BAL,25,-15,65,0,279,-327,7.5,-117,106,47.0,-104,-107,0,0.6666666666666666,36.666666666666664,20.0,0.4743589743589743,0.702020202020202,2.3333333333333335,0.3333333333333333,0.3333333333333333,16.333333333333332,22.0,0.23030303030303031,0.7866809116809117,3.3333333333333335,-0.3333333333333333
2019,REG,5,CLE,3,SF,31,28,34,0,199,-226,5.0,101,-111,47.5,-111,-100,1,1.0,32.0,18.0,0.4375,0.6397243107769424,3.0,-0.3333333333333333,0.5,22.25,22.75,0.2727272727272727,0.7400106837606838,3.5,0.25
2019,REG,5,ARI,26,CIN,23,-3,49,0,139,-154,3.0,-106,-104,45.0,-115,103,0,0.0,14.25,27.5,0.3309210526315789,0.6240842490842491,1.25,-0.75,0.0,18.5,28.75,0.35517902813299235,0.6090909090909091,2.75,-0.75
2019,REG,5,IND,19,KC,13,-6,32,0,407,-504,10.5,-111,101,55.5,106,-118,0,1.0,33.75,23.5,0.4192963469279259,0.5889423076923077,2.75,0.5,0.5,23.5,25.5,0.42505656108597284,0.594551282051282,2.25,-0.5
2019,REG,5,GB,34,DAL,24,-10,58,0,162,-181,3.5,-113,102,46.5,-107,-104,0,0.75,26.75,14.0,0.48412004662004665,0.766677807486631,2.5,-0.25,0.75,21.25,17.25,0.2996031746031746,0.6067370537958774,3.0,1.0
2019,REG,5,DEN,20,LAC,13,-7,33,0,199,-226,4.0,102,-113,46.0,101,-113,0,0.5,22.5,18.5,0.4691338073691015,0.5283216783216783,2.25,0.25,0.0,17.5,23.25,0.3778138528138528,0.6408730158730158,1.25,-1.25
2019,REG,5,NE,33,WAS,7,-26,40,0,-963,695,-15.5,-112,101,42.0,-109,-102,0,0.0,16.5,29.5,0.23797348484848482,0.41355580693815985,1.25,-0.75,1.0,30.5,6.75,0.4076797385620915,0.8903508771929826,4.5,2.0
2019,REG,5,BUF,14,TEN,7,-7,21,0,162,-182,3.5,-110,-101,39.5,-101,-111,0,0.5,22.75,15.5,0.27754884004884006,0.743379169849758,3.25,1.75,0.75,19.0,15.75,0.31943933259722734,0.7115429505135388,1.75,-0.5
2019,REG,5,BAL,26,PIT,23,-3,49,1,-179,160,-3.5,102,-113,44.0,-108,-103,0,0.25,19.0,22.0,0.253525641025641,0.594047619047619,3.5,1.0,0.5,33.75,25.0,0.4557692307692307,0.6765151515151515,2.0,-0.25
2019,REG,5,NYJ,6,PHI,31,25,37,0,587,-782,14.0,-109,-101,43.0,-105,-106,1,0.5,27.5,26.25,0.5107376283846872,0.6286931818181818,0.75,0.0,0.0,11.0,23.333333333333332,0.17429193899782133,0.6419489007724302,1.6666666666666667,0.6666666666666666
2019,REG,5,CHI,21,OAK,24,3,45,0,-266,232,-6.5,-101,-110,39.5,-106,-105,1,0.5,19.75,25.5,,,,0.0,0.75,16.5,11.25,0.3339932126696833,0.7532467532467532,4.25,1.5
2019,REG,5,MIN,28,NYG,10,-18,38,0,-243,213,-5.5,-116,105,44.0,-105,-106,0,0.5,21.75,24.25,0.324025974025974,0.671969696969697,2.5,-1.25,0.5,21.0,15.75,0.4048451548451549,0.7416221033868093,2.75,0.0
2019,REG,5,TB,24,NO,31,7,55,0,133,-148,3.0,-118,107,46.0,-102,-109,1,0.75,21.0,23.0,0.3645833333333333,0.6462912087912087,2.5,1.0,0.5,30.75,29.25,0.3455128205128205,0.7035714285714286,2.75,0.75
2019,REG,5,ATL,32,HOU,53,21,85,0,184,-207,4.0,-101,-109,49.0,-110,-101,1,0.5,19.5,19.5,0.4064338235294118,0.6139705882352942,3.25,0.5,0.25,17.5,24.75,0.34464701964701966,0.5679112554112553,1.25,-1.25
2019,REG,5,JAX,27,CAR,34,7,61,0,169,-189,3.0,119,-131,41.0,-110,-101,1,0.5,23.75,20.0,0.35861742424242427,0.6546881910659,4.5,-0.75,0.5,21.0,21.0,0.2791666666666667,0.6204587895764366,3.25,-0.75
2019,REG,5,LA,29,SEA,30,1,59,0,111,-122,1.5,-104,-106,49.0,102,-113,1,0.75,25.75,22.25,0.3388392857142857,0.7220695970695972,2.5,-0.5,0.75,29.25,26.0,0.3728853383458647,0.5872252747252746,2.5,-0.75
2019,REG,6,HOU,31,KC,24,-7,55,0,166,-186,3.5,-108,-103,54.5,-108,-103,0,0.8,29.6,22.6,0.39257993468519786,0.6086538461538462,2.2,0.4,0.6,26.2,22.0,0.4789932126696833,0.5852941176470589,3.0,0.8
2019,REG,6,CIN,17,BAL,23,6,40,0,425,-531,10.5,-106,-104,47.0,-108,-103,1,0.6,32.2,24.6,0.4396153846153846,0.6812121212121213,1.8,-0.4,0.0,16.0,27.2,0.34165991902834003,0.6135531135531135,1.2,-0.6
2019,REG,6,DET,22,GB,23,1,45,0,176,-198,3.5,-102,-108,47.0,100,-111,1,0.8,23.8,18.6,0.2771825396825397,0.6353896430367019,3.0,1.4,0.75,24.25,23.75,0.362062937062937,0.5809787683189218,2.25,1.0
2019,REG,6,PIT,24,LAC,17,-7,41,0,220,-252,6.0,-115,104,42.5,-105,-106,0,0.4,20.6,18.8,0.42864037922861453,0.5765034965034965,2.4,0.0,0.2,19.8,22.8,0.26282051282051283,0.6002380952380952,3.8,1.0
2019,REG,6,DAL,22,NYJ,24,2,46,0,-316,270,-7.0,-100,-110,43.5,102,-113,1,0.0,9.75,25.25,0.18071895424836598,0.6481283422459894,1.5,-0.5,0.6,26.2,18.0,0.4372960372960373,0.7758422459893047,2.4,-0.8
2019,REG,6,TEN,0,DEN,16,16,16,0,109,-121,1.0,103,-113,41.0,-102,-109,1,0.2,18.0,21.2,0.3484049284049284,0.6593650793650794,1.0,-0.8,0.4,19.6,15.2,0.26909789556848385,0.7375604787369493,3.4,1.6
2019,REG,6,SF,20,LA,7,-13,27,0,133,-148,3.0,-110,-100,49.5,-111,-100,0,0.6,29.2,26.8,0.34116541353383456,0.6236263736263735,2.2,-0.8,1.0,31.75,14.25,0.4163602941176471,0.707065960355434,3.25,0.25
2019,REG,6,ATL,33,ARI,34,1,67,0,-161,145,-3.0,-108,-102,52.5,101,-113,1,0.2,20.0,27.6,0.3698575082206796,0.6103496503496504,2.4,-0.6,0.2,20.4,30.4,0.3815999686587922,0.5004828504828505,1.0,-1.4
2019,REG,6,PHI,20,MIN,38,18,58,0,157,-176,3.5,-115,105,44.0,-110,-101,1,0.6,22.4,14.6,0.4072094572094572,0.709087156393658,3.0,0.0,0.6,28.2,22.2,0.4752567693744164,0.6629545454545454,2.6,0.8
2019,REG,6,SEA,32,CLE,28,-4,60,0,102,-113,1.0,-104,-106,45.5,-107,-104,0,0.4,18.4,24.4,0.23636363636363633,0.7214203117144293,3.2,-0.2,0.8,26.6,23.6,0.31722527472527473,0.7347985347985349,2.0,-0.2
2019,REG,6,NO,13,JAX,6,-7,19,0,126,-139,2.5,100,-110,42.5,-108,-103,0,0.4,22.2,23.6,0.30904761904761907,0.6297003649944827,3.2,-1.2,0.8,23.0,23.2,0.3983333333333333,0.667032967032967,3.2,0.6
2019,REG,6,WAS,17,MIA,16,-1,33,0,-240,210,-6.0,-101,-109,42.0,-105,-106,0,0.0,6.5,40.75,0.2417866447278212,0.46153846153846156,1.25,-1.25,0.0,14.6,30.2,0.20704545454545453,0.47202111613876313,1.8,-0.8
2019,REG,6,NYG,14,NE,35,21,49,0,756,-1071,16.5,-106,-104,43.0,-113,102,1,1.0,31.0,6.8,0.38496732026143793,0.8956140350877193,4.8,1.8,0.4,19.4,25.0,0.34343130553656864,0.6542424242424243,2.6,-1.0
2019,REG,6,CAR,37,TB,26,-11,63,0,-125,113,-2.0,-100,-110,48.5,-104,-107,0,0.4,29.4,29.6,0.3264102564102564,0.6561904761904762,2.2,0.8,0.6,25.8,21.4,0.3535606060606061,0.6380362671384343,4.0,0.0
2019,REG,7,KC,30,DEN,6,-24,36,0,-149,134,-3.0,104,-115,49.5,-111,100,0,0.3333333333333333,17.666666666666668,17.666666666666668,0.31255966255966255,0.6976190476190475,2.0,-0.3333333333333333,0.6666666666666666,28.666666666666668,24.0,0.3827055011265538,0.6097756410256411,1.8333333333333333,0.5
2019,REG,7,LA,37,ATL,10,-27,47,0,-154,139,-3.0,-105,-105,54.5,-107,-104,0,0.16666666666666666,22.5,31.0,0.3949230508054038,0.5059579309579308,0.8333333333333334,-1.1666666666666667,0.5,25.5,25.666666666666668,0.2843045112781955,0.61617987275882,2.1666666666666665,-0.5
2019,REG,7,MIA,21,BUF,31,10,52,0,793,-1137,17.0,-103,-108,42.5,-100,-111,1,0.8,18.0,14.0,0.312694323220639,0.7221755368814192,2.4,-0.6,0.0,8.4,36.0,0.22872343342931578,0.535897435897436,1.0,-1.4
2019,REG,7,JAX,27,CIN,17,-10,44,0,-214,189,-4.0,-116,105,44.5,100,-111,0,0.0,16.166666666666668,26.5,0.3442404087140929,0.5842109279609279,1.1666666666666667,-0.5,0.3333333333333333,19.5,21.833333333333332,0.2992063492063492,0.6273144067261714,3.1666666666666665,-1.1666666666666667
2019,REG,7,MIN,42,DET,30,-12,72,0,-137,124,-2.5,-110,-100,43.5,102,-114,0,0.6,23.8,23.6,0.3271503496503496,0.6114496813218041,2.0,1.0,0.6666666666666666,25.0,15.5,0.36964424464424467,0.706290579045997,2.8333333333333335,0.16666666666666666
2019,REG,7,OAK,24,GB,42,18,66,0,211,-241,5.5,-103,-107,48.0,101,-113,1,0.8333333333333334,23.666666666666668,19.166666666666668,0.27542989417989416,0.6649080358639182,3.0,1.0,0.6,20.6,24.6,,,,0.0
2019,REG,7,HOU,23,IND,30,7,53,0,109,-120,1.5,-104,-106,46.5,100,-111,1,0.6,22.6,23.0,0.4025452488687783,0.6184981684981685,2.6,-0.4,0.6666666666666666,27.0,22.333333333333332,0.4632635746606335,0.5988562091503269,2.6666666666666665,0.5
2019,REG,7,ARI,27,NYG,21,-6,48,0,168,-188,3.5,-106,-104,49.5,-101,-110,0,0.3333333333333333,18.5,26.666666666666668,0.31649578491683755,0.63494560994561,2.6666666666666665,-1.1666666666666667,0.3333333333333333,22.333333333333332,28.5,0.38599236796167746,0.5983682983682984,2.3333333333333335,-0.5
2019,REG,7,SF,9,WAS,0,-9,9,0,-424,350,-10.0,-104,-106,39.0,-100,-111,0,0.16666666666666666,15.0,27.833333333333332,0.20031565656565656,0.5306058320764202,2.3333333333333335,-0.3333333333333333,1.0,29.4,12.8,0.41729876160990714,0.7656527682843473,3.4,0.0
2019,REG,7,LAC,20,TEN,23,3,43,0,141,-157,3.0,-107,-103,42.5,-105,-106,1,0.3333333333333333,16.333333333333332,15.333333333333334,0.24276676482558837,0.7590781767252356,3.0,1.0,0.3333333333333333,20.0,19.666666666666668,0.45442253824606765,0.5581973581973582,2.0,-0.3333333333333333
2019,REG,7,NO,36,CHI,25,-11,61,0,188,-213,4.0,100,-110,37.0,-101,-111,0,0.6,17.4,13.8,0.3338612368024133,0.7102897102897102,3.4,1.2,0.8333333333333334,21.333333333333332,20.333333333333332,0.3960470085470085,0.6808608058608058,3.0,0.6666666666666666
2019,REG,7,BAL,30,SEA,16,-14,46,0,141,-157,3.0,-104,-106,49.0,105,-117,0,0.8333333333333334,27.5,24.333333333333332,0.34127747252747254,0.7234432234432235,1.6666666666666667,0.3333333333333333,0.6666666666666666,30.666666666666668,23.333333333333332,0.4600961538461538,0.6748196248196248,1.8333333333333333,-0.3333333333333333
2019,REG,7,PHI,10,DAL,37,27,47,0,148,-165,3.0,101,-111,50.0,-106,-105,1,0.5,25.5,19.0,0.4521326626589784,0.7828988413547237,2.3333333333333335,-0.5,0.5,26.833333333333332,24.833333333333332,0.447329359094065,0.6888257575757576,2.3333333333333335,0.5
2019,REG,7,NE,33,NYJ,0,-33,33,0,-371,311,-9.5,-106,-104,43.0,100,-112,0,0.2,12.6,24.6,0.18093879976232916,0.6132395159020547,1.4,-0.6,1.0,31.666666666666668,8.0,0.39772917714094186,0.8827086656034026,4.166666666666667,1.8333333333333333
2019,REG,8,CIN,10,LA,24,14,34,0,467,-594,12.0,-112,102,48.5,105,-117,1,0.5714285714285714,27.142857142857142,23.428571428571427,0.3151181525241675,0.6352970337932743,2.5714285714285716,-0.2857142857142857,0.0,16.285714285714285,26.571428571428573,0.3500082624142774,0.6118633350776207,1.2857142857142858,-1.0
2019,REG,8,GB,31,KC,24,-7,55,0,-230,202,-5.0,-108,-102,48.0,103,-108,0,0.7142857142857143,28.857142857142858,21.428571428571427,0.3700500934025923,0.6553178963893249,2.857142857142857,0.5714285714285714,0.8571428571428571,26.285714285714285,19.857142857142858,0.31400484436198717,0.6218692255456961,2.5714285714285716,1.1428571428571428
2019,REG,8,MIA,14,PIT,27,13,41,0,491,-630,14.0,-107,-103,44.0,-106,-105,1,0.3333333333333333,20.5,21.833333333333332,0.3079059829059829,0.5696428571428571,3.3333333333333335,1.1666666666666667,0.0,10.5,35.166666666666664,0.28034645093468624,0.5747863247863249,1.1666666666666667,-1.5
2019,REG,8,CLE,13,NE,27,14,40,0,309,-367,9.5,-107,-103,43.0,102,-114,1,1.0,31.857142857142858,6.857142857142857,0.39646627881922,0.8774865485391802,3.7142857142857144,2.0,0.3333333333333333,20.0,25.666666666666668,0.2525252525252525,0.6909271828389475,3.1666666666666665,-0.6666666666666666
2019,REG,8,OAK,24,HOU,27,3,51,0,207,-236,5.0,-107,-103,52.0,-110,-101,1,0.5714285714285714,26.428571428571427,23.428571428571427,0.43789939052544097,0.5889355742296919,2.4285714285714284,0.2857142857142857,0.5,21.166666666666668,27.5,,,,0.0
2019,REG,8,CAR,13,SF,51,38,64,0,184,-208,4.5,-112,102,41.0,103,-114,1,1.0,26.0,10.666666666666666,0.42066563467492263,0.7491550846814005,3.3333333333333335,0.0,0.6666666666666666,27.666666666666668,22.166666666666668,0.3279671717171717,0.6428080003931398,4.5,1.0
2019,REG,8,TB,23,TEN,27,4,50,0,110,-122,2.0,-110,-100,45.5,102,-114,1,0.42857142857142855,17.285714285714285,16.0,0.2860078763440108,0.7220670086216305,2.7142857142857144,0.8571428571428571,0.3333333333333333,28.833333333333332,30.833333333333332,0.32756410256410257,0.6801587301587303,2.1666666666666665,-0.3333333333333333
2019,REG,8,ARI,9,NO,31,22,40,0,467,-625,12.5,-108,-102,47.5,-110,-101,1,0.8571428571428571,23.428571428571427,21.0,0.39829239388062915,0.7026425954997383,2.857142857142857,0.8571428571428571,0.42857142857142855,23.0,27.428571428571427,0.39751726777667595,0.6117882117882117,3.142857142857143,0.0
2019,REG,8,NYJ,15,JAX,29,14,44,0,254,-295,7.0,-115,105,39.5,-102,-109,1,0.42857142857142855,20.571428571428573,21.142857142857142,0.28820861678004533,0.6256101508202349,3.0,-0.42857142857142855,0.16666666666666666,10.5,26.0,0.17642335877629992,0.6128847817702308,1.1666666666666667,-1.0
2019,REG,8,DEN,13,IND,15,2,28,0,209,-238,6.0,-117,106,41.0,-111,-100,1,0.6666666666666666,23.833333333333332,23.0,0.41388574660633487,0.6344627594627595,2.6666666666666665,-0.16666666666666666,0.2857142857142857,16.0,19.428571428571427,0.27811236382664956,0.6987995198079231,1.8571428571428572,-0.42857142857142855
2019,REG,8,NYG,26,DET,31,5,57,0,232,-267,6.5,-113,102,49.0,100,-112,1,0.5,24.833333333333332,26.666666666666668,0.3495483682983683,0.5852989768590792,1.6666666666666667,0.6666666666666666,0.2857142857142857,18.857142857142858,26.714285714285715,0.3152381453133333,0.6204295704295705,2.5714285714285716,-1.4285714285714286
2019,REG,8,LAC,17,CHI,16,-1,33,0,163,-182,3.5,-107,-103,41.0,-104,-107,0,0.5,18.666666666666668,17.5,0.3059954751131222,0.6899473075943664,3.0,0.6666666666666666,0.2857142857142857,20.0,20.142857142857142,0.46093360421091517,0.5433899433899434,2.0,-0.2857142857142857
2019,REG,8,PHI,31,BUF,13,-18,44,0,111,-122,1.0,102,-113,39.5,105,-117,0,0.8333333333333334,20.166666666666668,15.166666666666666,0.2990401411454043,0.6787360243242596,2.1666666666666665,-0.16666666666666666,0.42857142857142855,24.428571428571427,26.571428571428573,0.42238620389880893,0.6570887445887446,2.4285714285714284,0.0
2019,REG,8,SEA,27,ATL,20,-7,47,0,-323,275,-7.5,106,-117,48.5,-102,-110,0,0.14285714285714285,20.714285714285715,31.857142857142858,0.37421975783320327,0.5051067979639408,0.7142857142857143,-1.1428571428571428,0.7142857142857143,25.857142857142858,25.142857142857142,0.3718886272457701,0.7080062794348508,1.5714285714285714,0.0
2019,REG,8,WAS,9,MIN,19,10,28,0,729,-1023,16.5,-104,-106,42.0,100,-112,1,0.7142857142857143,27.428571428571427,17.571428571428573,0.39476000190285904,0.6823150018196458,2.7142857142857144,0.2857142857142857,0.14285714285714285,12.857142857142858,25.142857142857142,0.2193181818181818,0.5351621417797887,2.2857142857142856,-0.2857142857142857
2019,REG,9,TEN,20,CAR,30,10,50,0,160,-179,3.5,-109,-101,43.0,-104,-107,1,0.5714285714285714,25.571428571428573,26.285714285714285,0.30152288188002474,0.6289003639733407,4.285714285714286,0.5714285714285714,0.5,18.5,16.875,0.29192355846767615,0.6984752992105934,2.75,1.125
2019,REG,9,SF,28,ARI,25,-3,53,0,-445,365,-10.5,100,-111,43.5,103,-115,0,0.375,21.25,27.875,0.36866094263792476,0.5978146853146853,2.75,0.125,1.0,29.571428571428573,11.0,0.42550560894214146,0.7645819093187514,3.857142857142857,0.2857142857142857
2019,REG,9,HOU,26,JAX,3,-23,29,0,103,-113,1.0,-104,-106,46.0,-106,-105,0,0.5,21.625,20.375,0.30218253968253966,0.6496816092404328,3.625,-0.125,0.625,26.5,23.5,0.42727961376858437,0.5882352941176471,2.125,0.25
2019,REG,9,WAS,9,BUF,24,15,33,0,368,-449,10.5,-112,102,37.0,-104,-107,1,0.7142857142857143,19.142857142857142,17.428571428571427,0.31346297812463225,0.65740398723592,2.2857142857142856,-0.42857142857142855,0.125,12.375,24.375,0.21968118686868687,0.5266002073906485,2.375,-0.375
2019,REG,9,NYJ,18,MIA,26,8,44,0,-187,167,-3.5,-103,-107,42.5,-108,-103,1,0.0,11.0,34.0,0.2879160055630644,0.5743066457352172,1.2857142857142858,-1.7142857142857142,0.14285714285714285,11.142857142857142,26.428571428571427,0.17719404778228307,0.6110440986601978,1.2857142857142858,-1.1428571428571428
2019,REG,9,CHI,14,PHI,22,8,36,0,199,-226,5.0,-106,-104,41.0,-102,-109,1,0.5,25.25,24.875,0.42841145782322254,0.6499526515151515,2.625,0.25,0.42857142857142855,18.285714285714285,17.428571428571427,0.30692469295410474,0.7056691207951712,2.7142857142857144,0.42857142857142855
2019,REG,9,IND,24,PIT,26,2,50,0,107,-117,1.0,101,-111,39.5,-102,-109,1,0.42857142857142855,21.428571428571427,20.714285714285715,0.32514390371533225,0.5835034013605442,3.4285714285714284,1.4285714285714286,0.7142857142857143,22.571428571428573,21.571428571428573,0.3987152553329024,0.6676347462061748,2.7142857142857144,-0.2857142857142857
2019,REG,9,DET,24,OAK,31,7,55,0,129,-143,2.5,104,-115,51.5,-106,-105,1,0.42857142857142855,21.571428571428573,27.428571428571427,,,,0.0,0.5714285714285714,25.714285714285715,26.571428571428573,0.3812455401741116,0.5731134087363535,1.8571428571428572,0.42857142857142855
2019,REG,9,TB,34,SEA,40,6,74,1,185,-209,4.0,-105,-105,51.0,107,-119,1,0.75,26.0,24.5,0.3566525488400488,0.7132554945054945,1.625,0.375,0.2857142857142857,28.0,30.285714285714285,0.3474358974358974,0.678231292517007,2.2857142857142856,-0.7142857142857143
2019,REG,9,CLE,19,DEN,24,5,43,0,-194,173,-4.0,-102,-108,39.0,-104,-107,1,0.25,15.625,18.875,0.26001498501498505,0.6979880413703943,2.125,-0.25,0.2857142857142857,19.0,25.857142857142858,0.24502164502164497,0.6904375852905265,3.142857142857143,-1.0
2019,REG,9,GB,11,LAC,26,15,37,0,-208,184,-4.0,-111,100,50.0,-109,-103,1,0.375,19.625,19.625,0.4283169036845508,0.5614037004662005,2.25,-0.125,0.875,26.875,20.375,0.3516773157398157,0.6066355723524841,2.5,1.125
2019,REG,9,NE,20,BAL,37,17,57,0,-150,135,-3.0,100,-110,44.5,-111,-101,1,0.7142857142857143,30.571428571428573,22.285714285714285,0.44931318681318677,0.6419088847660276,1.7142857142857142,0.0,1.0,31.25,7.625,0.3859704939668175,0.8678007299717826,3.875,2.125
2019,REG,9,DAL,37,NYG,18,-19,55,0,-297,255,-6.5,-101,-109,48.5,102,-114,0,0.25,19.75,27.25,0.3383333771491666,0.5964473026973027,2.75,-1.125,0.5714285714285714,27.142857142857142,17.714285714285715,0.46373275846960055,0.7749522536287242,2.4285714285714284,0.0
2019,REG,9,MIN,23,KC,26,3,49,0,-225,198,-5.5,-101,-109,46.0,-100,-111,1,0.625,28.25,22.625,0.3862938317272683,0.6214800824175823,3.125,0.375,0.75,26.375,16.5,0.4120816683316683,0.6942478488144123,2.875,0.375
2019,REG,10,CAR,16,GB,24,8,40,0,200,-227,5.0,-100,-110,49.0,-107,-104,1,0.7777777777777778,25.11111111111111,21.0,0.3328040786374119,0.6040464346836896,2.4444444444444446,1.0,0.625,26.125,25.5,0.30289502164502163,0.6377878184766731,4.25,0.75
2019,REG,10,BAL,49,CIN,13,-36,62,0,-435,358,-10.5,104,-114,44.0,-104,-107,0,0.0,15.5,26.25,0.34197151532677844,0.5978804181929182,1.125,-0.875,0.75,31.375,22.0,0.44523237179487174,0.642027417027417,1.75,0.25
2019,REG,10,DET,13,CHI,20,7,33,0,235,-270,6.0,101,-111,38.0,-114,103,1,0.375,17.75,18.0,0.29355910633484167,0.6948414330767272,2.875,0.25,0.5,25.5,27.125,0.38166677072927074,0.5750036444090152,1.75,0.125
2019,REG,10,LAC,24,OAK,26,2,50,0,-117,106,-1.0,-110,-100,49.0,-103,-108,1,0.5,22.75,27.0,,,,0.0,0.4444444444444444,20.333333333333332,18.666666666666668,0.42702243290478586,0.5899346024346025,2.3333333333333335,-0.1111111111111111
2019,REG,10,NYG,27,NYJ,34,7,61,0,-147,133,-3.0,104,-115,43.0,-109,-102,1,0.125,12.0,26.375,0.19968764895235483,0.6019712786353654,1.625,-1.125,0.2222222222222222,19.555555555555557,28.333333333333332,0.3354630019103703,0.6070984570984571,2.4444444444444446,-1.1111111111111112
2019,REG,10,BUF,16,CLE,19,3,35,0,136,-151,3.0,-108,-102,42.0,-113,102,1,0.25,19.0,25.625,0.26126893939393936,0.6916328871292107,3.125,-0.75,0.75,19.75,16.375,0.3319724135513609,0.6775012161041573,2.5,-0.375
2019,REG,10,ATL,26,NO,9,-17,35,0,503,-649,14.0,-114,103,51.5,-110,-101,0,0.875,24.375,19.5,0.4110058446455505,0.7189789377289376,3.0,0.625,0.125,20.625,31.25,0.35869228810405285,0.5357184482184482,0.875,-1.375
2019,REG,10,SEA,27,SF,24,-3,51,1,233,-268,6.5,-104,-106,47.0,-104,-107,0,1.0,29.375,12.75,0.43779359830056425,0.7712818979266347,3.75,0.25,0.7777777777777778,27.555555555555557,25.555555555555557,0.3417158458825125,0.7059003088414852,1.6666666666666667,0.3333333333333333
2019,REG,10,MIN,28,DAL,24,-4,52,0,160,-179,3.5,-113,103,48.5,100,-112,0,0.625,28.375,17.75,0.4442277021224389,0.7640207219251337,2.75,0.125,0.6666666666666666,26.0,17.555555555555557,0.39897455485690775,0.6985906804276257,3.111111111111111,0.4444444444444444
2019,REG,10,LA,12,PIT,17,5,29,0,-214,189,-4.0,-113,103,43.0,-114,103,1,0.5,22.0,21.125,0.3325778388278388,0.5971039377289378,3.625,1.375,0.625,26.75,21.75,0.3382283834586466,0.6451706188548293,2.875,-0.25
2019,REG,10,MIA,16,IND,12,-4,28,0,390,-481,11.0,-109,-101,44.5,-102,-109,0,0.625,22.75,22.125,0.38733738687782804,0.6611034798534798,2.5,-0.375,0.125,12.875,32.0,0.3096188125599891,0.5828754578754578,1.5,-1.375
2019,REG,10,KC,32,TEN,35,3,67,0,-233,205,-5.0,-108,-102,49.0,-104,-107,1,0.4444444444444444,18.666666666666668,18.333333333333332,0.29282094086015653,0.6972558215205275,2.7777777777777777,0.7777777777777778,0.6666666666666666,28.0,22.666666666666668,0.37300192449831254,0.6308581124757595,2.888888888888889,0.2222222222222222
2019,REG,10,ARI,27,TB,30,3,57,0,207,-235,5.5,100,-110,51.0,-113,101,1,0.25,28.75,31.5,0.34812405731523377,0.6906746031746033,2.375,-0.625,0.3333333333333333,21.666666666666668,27.88888888888889,0.3479006358801755,0.5843008843008843,2.5555555555555554,0.1111111111111111
2019,REG,11,JAX,13,IND,33,20,46,0,121,-134,2.5,-103,-108,41.5,103,-115,1,0.5555555555555556,21.555555555555557,21.444444444444443,0.3839824391294979,0.6595429624841389,2.5555555555555554,-0.4444444444444444,0.4444444444444444,19.555555555555557,21.0,0.3056437389770723,0.656859843134353,3.3333333333333335,-0.4444444444444444
2019,REG,11,DAL,35,DET,27,-8,62,0,-369,310,-7.5,102,-113,46.5,101,-112,0,0.4444444444444444,24.11111111111111,26.333333333333332,0.37461288711288715,0.6063524458238866,2.111111111111111,0.0,0.5555555555555556,27.88888888888889,18.88888888888889,0.457369068553279,0.7309813824519708,2.5555555555555554,0.0
2019,REG,11,ATL,29,CAR,3,-26,32,0,177,-199,3.5,-100,-110,49.0,-108,-103,0,0.5555555555555556,25.0,25.333333333333332,0.30964405964405967,0.6438455822356752,4.0,0.4444444444444444,0.2222222222222222,21.22222222222222,28.77777777777778,0.3580532757003346,0.5634957634957635,1.4444444444444444,-1.3333333333333333
2019,REG,11,HOU,7,BAL,41,34,48,0,192,-217,4.0,-102,-108,51.0,-105,-106,1,0.7777777777777778,33.333333333333336,21.0,0.4698361823361823,0.6299502966169632,1.7777777777777777,0.4444444444444444,0.6666666666666666,26.444444444444443,21.22222222222222,0.41155013287366227,0.5969498910675382,2.3333333333333335,0.5555555555555556
2019,REG,11,PIT,7,CLE,21,14,28,0,146,-163,3.0,101,-112,41.5,-108,-103,1,0.3333333333333333,19.0,24.555555555555557,0.2692760942760943,0.6888588626333725,2.888888888888889,-0.6666666666666666,0.5555555555555556,21.444444444444443,20.11111111111111,0.3283044841868371,0.6353342191577487,3.6666666666666665,1.4444444444444444
2019,REG,11,CHI,7,LA,17,10,24,0,204,-233,5.0,-107,-103,40.0,-109,-102,1,0.5555555555555556,25.11111111111111,21.22222222222222,0.30718339967565966,0.6519163670866457,2.888888888888889,-0.4444444444444444,0.4444444444444444,18.0,17.444444444444443,0.27681444372620845,0.693394405159111,2.7777777777777777,0.3333333333333333
2019,REG,11,NE,17,PHI,10,-7,27,0,-210,186,-4.5,101,-112,45.0,-100,-111,0,0.5555555555555556,24.88888888888889,23.666666666666668,0.4231382270597957,0.6666245791245791,2.6666666666666665,0.3333333333333333,0.8888888888888888,30.0,10.88888888888889,0.3827674232085997,0.8361932414563993,3.5555555555555554,1.6666666666666667
2019,REG,11,CIN,10,OAK,17,7,27,0,474,-605,13.0,-108,-102,48.0,-106,-105,1,0.5555555555555556,23.11111111111111,26.666666666666668,,,,0.0,0.0,15.222222222222221,28.77777777777778,0.35582653214232157,0.5684862976529642,1.1111111111111112,-1.0
2019,REG,11,ARI,26,SF,36,10,62,0,353,-429,10.0,-113,103,44.0,-114,103,1,0.8888888888888888,28.77777777777778,14.333333333333334,0.4224831984893904,0.744843168527379,3.888888888888889,0.3333333333333333,0.3,22.2,28.1,0.3214439056254913,0.5821207958707959,2.7,0.2
2019,REG,11,NYJ,34,WAS,17,-17,51,0,111,-122,1.0,104,-114,37.5,-103,-108,0,0.1111111111111111,12.0,24.333333333333332,0.21547418630751966,0.5279181330651919,2.3333333333333335,-0.3333333333333333,0.2222222222222222,14.444444444444445,26.444444444444443,0.20527791017987096,0.6017522476758803,2.111111111111111,-0.7777777777777778
2019,REG,11,NO,34,TB,17,-17,51,0,-230,202,-5.0,-108,-102,50.5,-114,102,0,0.3333333333333333,28.88888888888889,31.0,0.35805471761354113,0.7157848324514993,2.3333333333333335,-0.6666666666666666,0.7777777777777778,22.666666666666668,20.22222222222222,0.3891480523833465,0.7109878139289904,2.7777777777777777,0.6666666666666666
2019,REG,11,DEN,23,MIN,27,4,50,0,341,-412,10.0,-119,107,40.5,-100,-111,1,0.7,26.2,18.2,0.41241043270455036,0.6724816123848631,2.9,0.5,0.3333333333333333,16.555555555555557,18.88888888888889,0.2644577644577645,0.689878258995906,2.111111111111111,-0.3333333333333333
2019,REG,11,BUF,37,MIA,20,-17,57,0,-307,263,-7.0,-109,-101,41.5,-106,-105,0,0.2222222222222222,13.222222222222221,29.77777777777778,0.31443240855005566,0.5895400895400894,1.4444444444444444,-1.1111111111111112,0.6666666666666666,19.333333333333332,16.666666666666668,0.332123626860469,0.6762973772777694,2.4444444444444446,-0.3333333333333333
2019,REG,11,KC,24,LAC,17,-7,41,0,-243,213,-5.5,-106,-104,52.5,-106,-105,0,0.4,20.7,19.4,0.40932018961430733,0.597607808857809,2.4,-0.4,0.6,28.4,23.9,0.37945173204848126,0.6495904830463654,3.0,0.2
2019,REG,12,PIT,16,CIN,10,-6,26,0,-225,199,-5.5,-106,-104,37.5,-102,-109,0,0.0,14.7,27.6,0.34024387892808944,0.5649710012210012,1.3,-0.9,0.5,20.0,20.2,0.3079740357681534,0.6365066795949149,3.4,0.9
2019,REG,12,NYG,14,CHI,19,5,33,0,220,-252,6.0,-110,-100,41.0,103,-115,1,0.4,16.9,17.4,0.28246633268692095,0.6967822373704726,2.5,0.4,0.2,20.3,28.9,0.3419167017193333,0.6213886113886115,2.4,-1.2
2019,REG,12,DEN,3,BUF,20,17,23,0,170,-190,3.5,-106,-104,37.0,-115,104,1,0.7,21.1,17.0,0.3322445975077554,0.680096210978564,2.9,-0.2,0.3,17.2,19.7,0.263011988011988,0.6851761473820297,2.4,-0.2
2019,REG,12,TB,35,ATL,22,-13,57,0,163,-183,3.5,-110,-100,51.5,-111,100,0,0.3,22.0,26.2,0.3651050909874439,0.5928604728604728,1.8,-0.8,0.3,27.7,31.3,0.3555825791855204,0.7004563492063494,2.2,-1.0
2019,REG,12,IND,17,HOU,20,3,37,0,164,-183,3.5,-105,-105,46.0,-106,-105,1,0.6,24.5,23.2,0.3870617862529627,0.5872549019607843,2.1,0.3,0.6,22.7,20.6,0.37415562378797673,0.6507315233785821,2.5,-0.3
2019,REG,12,CAR,31,NO,34,3,65,0,374,-457,10.0,-108,-102,46.0,-118,106,1,0.8,23.8,19.9,0.3939832471450119,0.706555699202758,2.7,1.0,0.5,22.8,25.7,0.292965367965368,0.6366038811549648,3.9,0.0
2019,REG,12,OAK,3,NYJ,34,31,37,0,-177,158,-3.5,102,-112,45.0,103,-115,1,0.3,16.4,25.5,0.22046440487616956,0.6040770229082922,2.5,-0.8,0.6,22.5,25.0,,,,0.0
2019,REG,12,SEA,17,PHI,9,-8,26,0,-105,-105,-1.0,102,-112,45.5,-107,-104,0,0.5,23.4,23.0,0.4022529757823875,0.6705503565062388,2.5,0.2,0.8,27.5,25.4,0.35421092796092796,0.7053102779573368,2.0,0.2
2019,REG,12,DET,16,WAS,19,3,35,0,-190,169,-4.0,-102,-109,39.0,-110,-102,1,0.1,12.5,25.3,0.23142676767676768,0.539412034044387,2.3,-0.2,0.4,24.4,27.2,0.3833054445554446,0.5885743440986408,2.0,0.1
2019,REG,12,JAX,20,TEN,42,22,62,0,198,-225,4.5,103,-114,42.0,100,-112,1,0.5,20.3,19.7,0.28172066495595904,0.6837802393684747,2.7,0.7,0.4,18.9,22.2,0.3179365079365079,0.6626024302494892,3.3,-0.5
2019,REG,12,DAL,9,NE,13,4,22,0,203,-231,5.5,-108,-102,44.5,-101,-110,1,0.9,28.7,10.8,0.37390244559362207,0.831145345882188,3.7,1.6,0.6,28.6,19.7,0.46877501884080824,0.7117293980529275,2.6,-0.1
2019,REG,12,GB,8,SF,37,29,45,0,156,-175,3.0,111,-122,48.0,-102,-109,1,0.9,29.5,15.5,0.4263887247942975,0.7453588516746411,3.9,0.3,0.8,25.0,20.5,0.33029290154290153,0.6072781548516842,2.5,1.1
2019,REG,12,BAL,45,LA,6,-39,51,0,-162,145,-3.5,112,-124,47.0,103,-114,0,0.6,24.3,19.8,0.303737786980821,0.6533913970446478,2.9,-0.5,0.8,34.1,19.6,0.4728525641025641,0.6502886002886001,2.3,0.6
2019,REG,12,MIA,24,CLE,41,17,65,0,365,-446,11.0,-113,103,45.5,-106,-105,1,0.4,19.2,22.8,0.2776426024955437,0.7074729763700353,3.0,-0.2,0.2,13.9,30.5,0.31156059626647864,0.5972527472527471,1.3,-1.1
2019,REG,13,NYJ,6,CIN,22,16,28,0,-123,111,-2.5,102,-112,43.0,-104,-107,1,0.0,14.272727272727273,26.545454545454547,0.32329863119336805,0.5805956470430154,1.4545454545454546,-0.9090909090909091,0.36363636363636365,18.0,23.454545454545453,0.2383009741298511,0.6116609299166293,2.3636363636363638,-0.5454545454545454
2019,REG,13,CLE,13,PIT,20,7,33,0,-113,103,-1.0,-107,-103,40.0,-109,-102,1,0.5454545454545454,19.636363636363637,19.272727272727273,0.30389984112894325,0.6555655129184541,3.4545454545454546,0.9090909090909091,0.45454545454545453,21.181818181818183,22.90909090909091,0.28876600226867605,0.6951053031935385,3.090909090909091,-0.09090909090909091
2019,REG,13,GB,31,NYG,13,-18,44,0,-256,223,-6.5,103,-113,43.5,-107,-104,0,0.18181818181818182,19.727272727272727,28.0,0.3184091227751515,0.6344174542035504,2.3636363636363638,-1.0,0.7272727272727273,23.454545454545453,22.0,0.30561386771279814,0.6181867523445064,2.5454545454545454,0.9090909090909091
2019,REG,13,PHI,31,MIA,37,6,68,0,-469,382,-10.5,-100,-110,45.0,-109,-102,1,0.18181818181818182,14.818181818181818,31.454545454545453,0.32219794465783774,0.5975024975024974,1.2727272727272727,-1.0909090909090908,0.45454545454545453,22.09090909090909,22.454545454545453,0.3959875537415644,0.6737623561821423,2.8181818181818183,-0.09090909090909091
2019,REG,13,TB,28,JAX,11,-17,39,0,-155,140,-3.0,-105,-105,46.5,-105,-106,0,0.36363636363636365,19.0,24.0,0.32252601199969616,0.6528708961864043,3.090909090909091,-0.36363636363636365,0.36363636363636365,28.363636363636363,30.454545454545453,0.3596205265322912,0.7085488342067291,2.5454545454545454,-0.9090909090909091
2019,REG,13,TEN,31,IND,17,-14,48,0,-109,-101,-1.0,-102,-108,41.5,-106,-105,0,0.5454545454545454,22.181818181818183,20.545454545454547,0.3946869307163425,0.6405251611133963,2.3636363636363638,-0.18181818181818182,0.5454545454545454,22.272727272727273,19.727272727272727,0.2965137358185487,0.6790346673684698,2.727272727272727,0.5454545454545454
2019,REG,13,WAS,29,CAR,21,-8,50,0,391,-482,10.5,-110,-100,38.5,-113,102,0,0.45454545454545453,23.545454545454547,26.454545454545453,0.2987996851633215,0.641667863987031,3.727272727272727,0.18181818181818182,0.18181818181818182,13.090909090909092,24.454545454545453,0.2363619965892693,0.5449200309494426,2.6363636363636362,0.0
2019,REG,13,MIN,30,SEA,37,7,67,0,138,-154,2.5,112,-124,48.0,-102,-109,1,0.8181818181818182,26.545454545454547,23.90909090909091,0.348747902424373,0.7017972223854577,2.090909090909091,0.45454545454545453,0.7272727272727273,26.272727272727273,18.636363636363637,0.4073861076534873,0.6795287385316938,2.8181818181818183,0.36363636363636365
2019,REG,13,LAC,20,DEN,23,3,43,0,-207,183,-4.5,-103,-107,39.0,105,-117,1,0.2727272727272727,15.909090909090908,19.727272727272727,0.25563073290346017,0.6733924572159865,2.272727272727273,-0.18181818181818182,0.36363636363636365,20.363636363636363,19.818181818181817,0.40051835419482484,0.5922308751854207,2.272727272727273,-0.6363636363636364
2019,REG,13,OAK,9,KC,40,31,49,0,369,-451,11.5,-116,106,49.5,-103,-108,1,0.6363636363636364,28.0,23.272727272727273,0.38691416200211587,0.6530368027694231,2.909090909090909,0.45454545454545453,0.5454545454545454,20.727272727272727,25.818181818181817,,,,0.0
2019,REG,13,LA,34,ARI,7,-27,41,0,-139,125,-2.5,-110,-100,47.0,-114,103,0,0.2727272727272727,22.545454545454547,28.818181818181817,0.314949005114083,0.5781517724699543,2.6363636363636362,0.18181818181818182,0.5454545454545454,22.636363636363637,22.09090909090909,0.2926541865114901,0.6337649064042252,2.909090909090909,-0.6363636363636364
2019,REG,13,NE,22,HOU,28,6,50,0,-172,154,-3.5,106,-117,47.0,-104,-107,1,0.6363636363636364,24.09090909090909,22.636363636363637,0.39383239309709894,0.5702317290552585,2.0,0.18181818181818182,0.9090909090909091,27.272727272727273,10.636363636363637,0.35939183365653954,0.8351321326201709,3.3636363636363638,1.5454545454545454
2019,REG,13,SF,17,BAL,20,3,37,0,212,-242,5.5,-100,-110,45.0,-103,-108,1,0.8181818181818182,35.09090909090909,18.363636363636363,0.481002331002331,0.6655516200970746,2.272727272727273,0.7272727272727273,0.9090909090909091,30.181818181818183,14.818181818181818,0.4124195018791134,0.7631604533940588,4.0,0.36363636363636365
2019,REG,13,NO,26,ATL,18,-8,44,0,-319,272,-7.0,-106,-104,48.0,-103,-108,0,0.2727272727272727,22.0,27.0,0.3510524750603557,0.5935095207822481,1.6363636363636365,-0.7272727272727273,0.8181818181818182,24.727272727272727,20.90909090909091,0.38613861628567514,0.7007649213531567,2.8181818181818183,0.7272727272727273
2019,REG,13,BUF,26,DAL,15,-11,41,0,256,-298,6.5,104,-115,46.5,-109,-102,0,0.5454545454545454,26.818181818181817,19.09090909090909,0.43752274440073474,0.7184552969312328,2.5454545454545454,-0.18181818181818182,0.7272727272727273,21.0,15.727272727272727,0.34244458359290897,0.6926494479970416,3.0,-0.18181818181818182
2019,REG,13,CHI,24,DET,20,-4,44,0,-230,203,-5.5,-104,-106,37.5,-103,-108,0,0.36363636363636365,23.636363636363637,26.454545454545453,0.3848231314140405,0.6000026504792838,2.090909090909091,-0.09090909090909091,0.45454545454545453,17.09090909090909,17.09090909090909,0.27817794950147895,0.716771730942854,2.3636363636363638,0.2727272727272727
2019,REG,14,LAC,45,JAX,10,-35,55,0,-179,160,-3.5,-101,-110,42.0,-105,-106,0,0.3333333333333333,18.333333333333332,24.333333333333332,0.3152566874703097,0.6493909140967965,3.1666666666666665,-0.5833333333333334,0.3333333333333333,20.333333333333332,20.083333333333332,0.3931834913452561,0.5897533022533022,2.0833333333333335,-0.5
2019,REG,14,NYG,17,PHI,23,6,40,1,341,-411,9.5,-106,-104,45.5,-101,-110,1,0.4166666666666667,22.833333333333332,23.666666666666668,0.40187747981865624,0.6711869217383923,2.8333333333333335,-0.08333333333333333,0.16666666666666666,19.166666666666668,28.25,0.3179166958772222,0.6305689408630585,2.1666666666666665,-1.1666666666666667
2019,REG,14,SEA,12,LA,28,16,40,0,109,-120,1.0,102,-112,47.5,-105,-106,1,0.5833333333333334,23.583333333333332,20.833333333333332,0.3099330043021993,0.6531733864260953,3.1666666666666665,-0.5,0.8333333333333334,27.416666666666668,24.416666666666668,0.35857446611123084,0.6887686659745483,1.9166666666666667,0.5
2019,REG,14,TEN,42,OAK,21,-21,63,0,-152,137,-3.0,100,-111,47.0,-106,-105,0,0.5,19.75,27.0,,,,0.0,0.5833333333333334,23.0,19.5,0.3015661625955744,0.6737304963698153,2.75,0.5833333333333334
2019,REG,14,KC,23,NE,16,-7,39,0,135,-150,3.0,-107,-103,49.5,103,-115,0,0.8333333333333334,26.833333333333332,12.083333333333334,0.37110918085182787,0.8072044549018234,3.3333333333333335,1.3333333333333333,0.6666666666666666,29.0,22.083333333333332,0.38707872257601367,0.6569504025386378,2.8333333333333335,0.6666666666666666
2019,REG,14,DAL,24,CHI,31,7,55,0,-167,150,-3.0,-109,-101,43.0,-103,-108,1,0.5,17.666666666666668,17.333333333333332,0.2966631203763557,0.7052863673993706,2.3333333333333335,0.25,0.5,25.833333333333332,19.666666666666668,0.43995140458956244,0.7106673555202967,2.6666666666666665,-0.3333333333333333
2019,REG,14,CAR,20,ATL,40,20,60,0,161,-180,3.5,-110,100,48.0,-107,-104,1,0.25,21.666666666666668,26.916666666666668,0.34811389161234363,0.6107170607170607,1.5,-0.9166666666666666,0.4166666666666667,23.333333333333332,26.666666666666668,0.29840951532128,0.6522981060906758,3.8333333333333335,0.0
2019,REG,14,BAL,24,BUF,17,-7,41,0,-264,230,-6.5,100,-110,44.0,-104,-107,0,0.75,21.416666666666668,15.666666666666666,0.34515753496016655,0.6793731051083993,3.0833333333333335,0.0,0.8333333333333334,33.833333333333336,18.25,0.4617521367521367,0.6656445406445406,2.25,0.6666666666666666
2019,REG,14,CIN,19,CLE,27,8,46,0,234,-269,6.5,-112,101,43.0,-118,106,1,0.4166666666666667,20.5,22.666666666666668,0.29034319438731204,0.6927354168162991,2.9166666666666665,-0.16666666666666666,0.08333333333333333,14.916666666666666,24.833333333333332,0.32611898335582545,0.5863793431227641,1.6666666666666667,-0.8333333333333334
2019,REG,14,WAS,15,GB,20,5,35,0,568,-752,13.0,-106,-104,42.5,-102,-110,1,0.75,24.083333333333332,21.25,0.3144597708935944,0.6239628563157975,2.3333333333333335,1.0833333333333333,0.25,14.416666666666666,24.166666666666668,0.23589593277093276,0.5583335577820872,3.0,0.16666666666666666
2019,REG,14,DEN,38,HOU,24,-14,62,0,325,-389,8.0,-103,-107,42.5,-105,-106,0,0.6666666666666666,24.416666666666668,22.583333333333332,0.4026796936723407,0.5643790849673204,2.0833333333333335,0.25,0.3333333333333333,16.5,19.75,0.27078650516150515,0.674568085781321,2.3333333333333335,-0.25
2019,REG,14,DET,7,MIN,20,13,27,0,463,-587,12.0,-117,106,43.5,-113,102,1,0.6666666666666666,26.583333333333332,20.166666666666668,0.4113160532278179,0.6673457880984971,2.75,0.25,0.3333333333333333,23.333333333333332,26.25,0.38784225642778275,0.5916690962726768,2.0,-0.08333333333333333
2019,REG,14,SF,48,NO,46,-2,94,0,105,-116,1.0,-101,-109,45.0,-107,-104,0,0.8333333333333334,24.833333333333332,20.666666666666668,0.37062706492853553,0.699385388433376,3.3333333333333335,0.9166666666666666,0.8333333333333334,29.083333333333332,15.25,0.4058289878336317,0.7620637489445539,3.75,0.3333333333333333
2019,REG,14,MIA,21,NYJ,22,1,43,0,189,-213,5.0,-110,100,47.0,-102,-109,1,0.3333333333333333,17.0,23.333333333333332,0.24760922628569684,0.6142606143283388,2.25,-0.5,0.25,16.666666666666668,31.416666666666668,0.325110020698256,0.592155067155067,1.3333333333333333,-1.0
2019,REG,14,IND,35,TB,38,3,73,0,149,-166,3.0,101,-111,46.5,-105,-106,1,0.4166666666666667,28.333333333333332,28.833333333333332,0.3620595567286744,0.7132285882189134,2.75,-0.5833333333333334,0.5,21.75,21.416666666666668,0.39384763520792937,0.6407194929253751,2.6666666666666665,-0.25
2019,REG,14,PIT,23,ARI,17,-6,40,0,-130,117,-2.5,-100,-110,43.5,101,-113,0,0.25,21.25,29.25,0.29981436579902054,0.5716391247641247,2.5,0.08333333333333333,0.5833333333333334,19.666666666666668,18.75,0.3063526321459758,0.6586273612008906,3.5833333333333335,0.9166666666666666
2019,REG,15,JAX,20,OAK,16,-4,36,0,255,-297,7.0,-114,103,47.0,-102,-109,0,0.46153846153846156,19.846153846153847,28.153846153846153,,,,0.0,0.3076923076923077,17.692307692307693,25.923076923076923,0.3102369422802859,0.6302069976278122,3.0,-0.5384615384615384
2019,REG,15,LA,21,DAL,44,23,65,0,-115,104,-1.0,-108,-102,48.5,102,-114,1,0.46153846153846156,25.692307692307693,20.53846153846154,0.4368782196211346,0.69926986663412,2.6153846153846154,-0.15384615384615385,0.6153846153846154,23.923076923076923,20.153846153846153,0.32751212231445614,0.6523798292284836,3.3076923076923075,-0.5384615384615384
2019,REG,15,NYJ,21,BAL,42,21,63,0,775,-1105,17.0,-105,-105,44.0,-100,-111,1,0.8461538461538461,33.07692307692308,18.153846153846153,0.44721176259637796,0.673264643852879,2.5384615384615383,0.6153846153846154,0.38461538461538464,17.384615384615383,23.153846153846153,0.2574085165714125,0.6247021055338512,2.230769230769231,-0.46153846153846156
2019,REG,15,SEA,30,CAR,24,-6,54,0,-250,218,-6.0,-104,-106,48.5,-105,-106,0,0.38461538461538464,23.076923076923077,27.692307692307693,0.29853186029656614,0.6469931235708803,3.6153846153846154,-0.3076923076923077,0.7692307692307693,26.23076923076923,24.692307692307693,0.3584643423444328,0.6712894194794647,1.7692307692307692,0.5384615384615384
2019,REG,15,NE,34,CIN,13,-21,47,0,-468,381,-10.5,-101,-110,42.0,-112,101,0,0.07692307692307693,15.23076923076923,25.0,0.3187843870030104,0.5767761983855101,1.6153846153846154,-0.6923076923076923,0.7692307692307693,26.0,12.923076923076923,0.35281873104271294,0.8006673600803155,3.1538461538461537,1.3076923076923077
2019,REG,15,CHI,13,GB,21,8,34,0,192,-218,4.0,107,-118,40.0,-109,-102,1,0.7692307692307693,23.76923076923077,20.76923076923077,0.31774308522046074,0.6309107684673295,2.4615384615384617,1.0,0.5384615384615384,18.692307692307693,17.846153846153847,0.3074967265012514,0.6971874160609575,2.3076923076923075,0.07692307692307693
2019,REG,15,DEN,3,KC,23,20,26,0,352,-426,10.0,-125,113,43.0,-107,-104,1,0.6923076923076923,28.53846153846154,21.615384615384617,0.37867095759153396,0.6730824228561786,2.8461538461538463,0.5384615384615384,0.38461538461538464,18.153846153846153,20.076923076923077,0.2926918167302783,0.6688320791827578,2.3846153846153846,-0.07692307692307693
2019,REG,15,MIA,20,NYG,36,16,56,0,165,-185,3.5,-108,-102,47.0,-102,-109,1,0.15384615384615385,19.0,27.846153846153847,0.30628207824564097,0.6288863801946628,2.230769230769231,-1.0,0.23076923076923078,17.0,30.692307692307693,0.3193323267983902,0.5946816004508311,1.3076923076923077,-0.9230769230769231
2019,REG,15,HOU,24,TEN,21,-3,45,0,148,-165,3.0,103,-113,50.0,-107,-104,0,0.6153846153846154,24.46153846153846,19.615384615384617,0.32965081675488916,0.6708561225231862,2.6923076923076925,0.5384615384615384,0.6153846153846154,24.384615384615383,23.76923076923077,0.40247356338985296,0.5551533433886375,2.0,0.07692307692307693
2019,REG,15,PHI,37,WAS,27,-10,64,0,-286,247,-7.0,105,-116,38.0,-111,-100,0,0.23076923076923078,14.461538461538462,23.846153846153847,0.23972811376657527,0.5648353720186299,3.076923076923077,0.15384615384615385,0.46153846153846156,22.846153846153847,23.153846153846153,0.401064161973074,0.6836597226303109,2.769230769230769,-0.15384615384615385
2019,REG,15,CLE,24,ARI,38,14,62,0,-156,140,-3.0,-107,-103,49.0,102,-113,1,0.23076923076923078,20.923076923076923,28.76923076923077,0.3023927479170446,0.578948935679705,2.5384615384615383,0.0,0.46153846153846156,21.0,22.384615384615383,0.3094292208545602,0.6986196746943352,2.8461538461538463,-0.23076923076923078
2019,REG,15,TB,38,DET,17,-21,55,0,-239,210,-5.5,-111,101,46.0,-100,-111,0,0.3076923076923077,22.076923076923077,25.76923076923077,0.38634831767422856,0.5974381401491377,1.9230769230769231,-0.23076923076923078,0.46153846153846156,29.076923076923077,29.307692307692307,0.37523446262134047,0.7064417737405354,2.6153846153846154,-0.7692307692307693
2019,REG,15,MIN,39,LAC,10,-29,49,0,-118,107,-1.0,-111,101,45.0,-102,-109,0,0.38461538461538464,22.23076923076923,19.307692307692307,0.40909245354946716,0.6020799713107405,2.076923076923077,-0.46153846153846156,0.6923076923076923,26.076923076923077,19.153846153846153,0.4053173824667037,0.664594492657722,2.923076923076923,0.38461538461538464
2019,REG,15,ATL,29,SF,22,-7,51,0,376,-460,10.5,-117,106,50.0,-103,-108,0,0.8461538461538461,30.53846153846154,17.615384615384617,0.40757840635192377,0.752894010014753,3.4615384615384617,0.3076923076923077,0.3076923076923077,23.076923076923077,26.384615384615383,0.3533871820011377,0.6175849791234407,1.7692307692307692,-0.5384615384615384
2019,REG,15,BUF,17,PIT,10,-7,27,0,101,-112,1.0,-105,-105,37.0,-105,-106,0,0.6153846153846154,19.923076923076923,18.615384615384617,0.3084280706988495,0.6592457693136425,3.6923076923076925,0.9230769230769231,0.6923076923076923,21.076923076923077,16.307692307692307,0.33670650285915826,0.6830576914287322,2.923076923076923,0.0
2019,REG,15,IND,7,NO,34,27,41,0,315,-376,8.0,-106,-104,48.5,-112,101,1,0.7692307692307693,26.46153846153846,22.76923076923077,0.369589818175791,0.6895425563560834,3.3076923076923075,0.8461538461538461,0.46153846153846156,22.76923076923077,22.692307692307693,0.3923978171150117,0.6273308139823975,2.5384615384615383,0.0
2019,REG,16,KC,26,CHI,3,-23,29,0,-295,254,-6.5,-109,-101,45.5,-115,103,0,0.5,18.285714285714285,18.071428571428573,0.31767553175116203,0.6950073625327937,2.2142857142857144,-0.14285714285714285,0.7142857142857143,28.142857142857142,20.285714285714285,0.3873373177635672,0.6741122497950229,2.7857142857142856,0.5
2019,REG,16,LA,31,SF,34,3,65,0,274,-320,7.0,100,-110,45.5,-110,-101,1,0.7857142857142857,29.928571428571427,18.428571428571427,0.3988738263063782,0.7348301521565563,3.357142857142857,0.07142857142857142,0.5714285714285714,23.714285714285715,21.857142857142858,0.3245265625573011,0.6438765080931157,3.0714285714285716,-0.5714285714285714
2019,REG,16,JAX,12,ATL,24,12,36,0,268,-313,7.5,-114,103,48.0,-102,-110,1,0.35714285714285715,23.5,26.071428571428573,0.3638595261439136,0.6244921744921744,1.7142857142857142,-0.2857142857142857,0.35714285714285715,17.857142857142858,25.214285714285715,0.3045606771723534,0.632811259702016,3.0714285714285716,-0.5
2019,REG,16,BAL,31,CLE,15,-16,46,0,-370,311,-9.5,-104,-106,48.5,-106,-105,0,0.42857142857142855,21.214285714285715,23.5,0.33324550099760186,0.6915754122161684,2.642857142857143,-0.2857142857142857,0.8571428571428571,33.714285714285715,18.357142857142858,0.4331252081252081,0.6659906386797142,2.4285714285714284,0.7142857142857143
2019,REG,16,CAR,6,IND,38,32,44,0,264,-308,7.5,-122,110,46.0,-105,-106,1,0.42857142857142855,21.642857142857142,23.5,0.38222654446393944,0.621482509087551,2.357142857142857,0.0,0.35714285714285715,23.142857142857142,27.857142857142858,0.309675688457201,0.6502298784806525,3.5,-0.42857142857142855
2019,REG,16,CIN,35,MIA,38,3,73,1,-118,107,-1.5,-106,-104,46.0,-101,-110,1,0.21428571428571427,17.214285714285715,31.071428571428573,0.31300639136773595,0.5961603872318157,1.2857142857142858,-0.7142857142857143,0.07142857142857142,15.071428571428571,25.642857142857142,0.31799209562367453,0.5784350413579736,1.6428571428571428,-0.8571428571428571
2019,REG,16,PIT,10,NYJ,16,6,26,0,-171,153,-3.0,-116,105,36.5,-111,-101,1,0.35714285714285715,17.642857142857142,24.5,0.2696344388571279,0.6336519551385761,2.142857142857143,-0.5714285714285714,0.5714285714285714,19.214285714285715,18.5,0.3138700216928877,0.6567996429340967,3.5,0.6428571428571429
2019,REG,16,NO,38,TEN,28,-10,66,0,-178,159,-3.5,103,-113,49.0,-101,-111,0,0.5714285714285714,24.214285714285715,19.928571428571427,0.33467575841525427,0.65865211377153,2.5714285714285716,0.5714285714285714,0.7857142857142857,27.0,21.642857142857142,0.37565807791648126,0.6938609451877917,3.142857142857143,0.7857142857142857
2019,REG,16,NYG,41,WAS,35,-6,76,1,-112,102,-1.0,-106,-104,42.0,-113,101,0,0.21428571428571427,15.357142857142858,24.785714285714285,0.25117610564039133,0.5468114168744421,3.0,0.14285714285714285,0.21428571428571427,20.214285714285715,27.285714285714285,0.3118773144149084,0.6389109794115276,2.2857142857142856,-1.0714285714285714
2019,REG,16,DET,17,DEN,27,10,44,0,333,-400,9.5,102,-112,40.0,-107,-104,1,0.35714285714285715,17.071428571428573,20.285714285714285,0.29410668696382986,0.656772644955418,2.4285714285714284,-0.07142857142857142,0.2857142857142857,21.714285714285715,26.642857142857142,0.3873234378403551,0.5904782729956278,1.9285714285714286,-0.35714285714285715
2019,REG,16,OAK,24,LAC,17,-7,41,0,274,-321,7.5,-113,103,45.0,-108,-103,0,0.35714285714285715,21.357142857142858,20.714285714285715,0.4188326029712584,0.5992528305028306,1.9285714285714286,-0.8571428571428571,0.42857142857142855,19.571428571428573,27.571428571428573,,,,0.0
2019,REG,16,DAL,9,PHI,17,8,26,0,-120,109,-2.0,101,-112,47.0,-104,-107,1,0.5,23.857142857142858,23.428571428571427,0.421523864689283,0.6776840281567172,2.642857142857143,-0.14285714285714285,0.5,27.0,20.571428571428573,0.4390059658386726,0.7003424271806624,2.5714285714285716,-0.07142857142857142
2019,REG,16,ARI,27,SEA,13,-14,40,0,322,-385,8.0,-111,101,51.0,-106,-105,0,0.7857142857142857,26.5,24.642857142857142,0.3548377684407096,0.6623012141919704,1.7142857142857142,0.6428571428571429,0.2857142857142857,22.142857142857142,28.428571428571427,0.3093646944943986,0.5631056443556444,2.4285714285714284,0.07142857142857142
2019,REG,16,BUF,17,NE,24,7,41,0,250,-289,7.0,-111,101,39.5,-101,-110,1,0.7857142857142857,26.571428571428573,12.928571428571429,0.3561888216825192,0.7929273838108424,2.9285714285714284,1.4285714285714286,0.7142857142857143,20.785714285714285,15.857142857142858,0.33944175265493265,0.6782239002827238,3.0,0.21428571428571427
2019,REG,16,HOU,23,TB,20,-3,43,0,-150,135,-3.0,102,-112,50.0,-108,-103,0,0.5,29.714285714285715,28.428571428571427,0.38414628671981615,0.6988387899019257,2.5714285714285716,-0.5714285714285714,0.6428571428571429,24.357142857142858,23.571428571428573,0.4094397374334349,0.5583566760037348,2.0,0.0
2019,REG,16,GB,23,MIN,10,-13,33,0,179,-202,4.0,-102,-108,47.0,-110,-101,0,0.7142857142857143,27.0,18.5,0.4076161408619391,0.6495909899354172,2.9285714285714284,0.7857142857142857,0.7857142857142857,23.571428571428573,20.214285714285715,0.3188566743713802,0.6251314278625203,2.5,1.1428571428571428
2019,REG,17,CLE,23,CIN,33,10,56,0,-137,124,-2.5,-107,-103,44.0,-108,-103,1,0.06666666666666667,16.4,26.466666666666665,0.31082771030139444,0.5843171497118864,1.6666666666666667,-0.8,0.4,20.8,24.0,0.3264137496490438,0.6732481625128682,2.466666666666667,-0.26666666666666666
2019,REG,17,PHI,34,NYG,17,-17,51,0,-198,176,-4.0,-102,-108,44.0,-110,-101,0,0.26666666666666666,21.6,27.8,0.3291807315491526,0.6274280252285369,2.3333333333333335,-1.0,0.5333333333333333,23.4,22.466666666666665,0.4219937022814261,0.6848860453272219,2.6,-0.06666666666666667
2019,REG,17,ARI,24,LA,31,7,55,0,235,-271,7.0,-118,107,46.0,-104,-107,1,0.5333333333333333,24.2,22.666666666666668,0.32670098219633814,0.6453958519980191,3.2666666666666666,-0.4666666666666667,0.3333333333333333,22.466666666666665,27.4,0.3109626037503276,0.5871037296037296,2.6,0.13333333333333333
2019,REG,17,IND,20,JAX,38,18,58,0,-232,204,-5.0,-109,-101,41.5,-107,-104,1,0.3333333333333333,17.466666666666665,25.133333333333333,0.29758996536086324,0.6213930731577791,2.933333333333333,-0.4,0.4666666666666667,22.733333333333334,22.333333333333332,0.37725759534583064,0.6276693894340951,2.533333333333333,0.2
2019,REG,17,TEN,35,HOU,14,-21,49,0,-366,308,-10.0,106,-117,43.0,-104,-107,0,0.6666666666666666,24.266666666666666,23.333333333333332,0.3978300294476765,0.5525054466230938,2.066666666666667,0.2,0.5333333333333333,24.466666666666665,21.133333333333333,0.3361735649970944,0.6591864172978724,2.6,0.4666666666666667
2019,REG,17,OAK,15,DEN,16,1,31,0,195,-221,5.5,-110,-101,41.5,-106,-105,1,0.4,17.733333333333334,20.066666666666666,0.3001406001406002,0.6554120443826326,2.533333333333333,-0.06666666666666667,0.4666666666666667,19.866666666666667,26.866666666666667,,,,0.0
2019,REG,17,WAS,16,DAL,47,31,63,0,485,-621,13.0,-105,-105,47.5,-105,-106,1,0.4666666666666667,25.8,20.333333333333332,0.42402461573514205,0.691748170130523,2.466666666666667,-0.13333333333333333,0.2,16.666666666666668,25.866666666666667,0.2699865874865875,0.5389287509875745,2.8666666666666667,0.13333333333333333
2019,REG,17,PIT,10,BAL,28,18,38,0,-135,122,-2.0,-113,102,35.0,-107,-104,1,0.8666666666666667,33.53333333333333,18.133333333333333,0.44313908313908307,0.6728733140497845,2.3333333333333335,0.6666666666666666,0.5333333333333333,18.6,18.333333333333332,0.30627868691336185,0.6630130000718235,3.4,0.5333333333333333
2019,REG,17,ATL,28,TB,22,-6,50,1,109,-120,1.0,101,-111,48.0,-107,-104,0,0.4666666666666667,29.066666666666666,28.066666666666666,0.3938306519188872,0.7032299293986601,2.7333333333333334,-0.7333333333333333,0.4,23.533333333333335,25.133333333333333,0.3754996602984219,0.6361926961926961,1.8,-0.3333333333333333
2019,REG,17,MIA,27,NE,24,-3,51,0,781,-1117,17.5,-109,-102,46.0,-104,-107,0,0.8,26.4,13.2,0.36160956690368457,0.7956211137790085,3.0,1.2666666666666666,0.26666666666666666,18.6,31.333333333333332,0.31436152083210905,0.6090479403637298,1.4666666666666666,-0.6666666666666666
2019,REG,17,CHI,21,MIN,19,-2,40,0,-230,203,-5.5,-110,-100,36.5,-101,-110,0,0.6666666666666666,25.866666666666667,18.8,0.39821950924892097,0.6491420667968656,2.933333333333333,0.8666666666666667,0.4666666666666667,17.266666666666666,18.6,0.3187193851899734,0.6820068716972741,2.1333333333333333,-0.13333333333333333
2019,REG,17,LAC,21,KC,31,10,52,0,325,-389,10.0,-110,-100,46.0,-103,-108,1,0.7333333333333333,28.0,19.133333333333333,0.3948481632459961,0.6736158775864658,2.8,0.4666666666666667,0.3333333333333333,21.066666666666666,20.933333333333334,0.40757709610650783,0.5926359751359752,2.0,-0.8
2019,REG,17,GB,23,DET,20,-3,43,0,-656,508,-13.5,103,-114,44.0,-110,-101,0,0.26666666666666666,21.4,26.666666666666668,0.385744299560089,0.5921386958215603,1.8,-0.3333333333333333,0.8,23.533333333333335,19.533333333333335,0.3214090865561453,0.6323448882272411,2.6666666666666665,0.9333333333333333
2019,REG,17,SF,26,SEA,21,-5,47,0,-177,159,-3.5,101,-112,47.0,-102,-109,0,0.7333333333333333,25.6,24.8,0.33631012233953406,0.6625922443569502,1.7333333333333334,0.5333333333333333,0.8,30.2,19.266666666666666,0.3945044601081752,0.7286986182032621,3.1333333333333333,0.0
2019,REG,17,NO,42,CAR,10,-32,52,0,-660,510,-13.5,-106,-104,45.0,-108,-103,0,0.3333333333333333,22.0,28.533333333333335,0.3080782616076733,0.6530350660691219,3.466666666666667,-0.6,0.8,27.733333333333334,22.066666666666666,0.3728364282776047,0.6904606916990818,3.2666666666666666,0.8
2019,REG,17,NYJ,13,BUF,6,-7,19,0,-124,112,-1.5,-110,-100,37.0,-105,-106,0,0.6666666666666666,20.533333333333335,16.4,0.3279234135890483,0.6705089735972088,2.8,0.26666666666666666,0.4,17.533333333333335,23.533333333333335,0.2683254762666527,0.6447418247960044,2.2666666666666666,-0.4666666666666667
2020,REG,1,PIT,26,NYG,16,-10,42,0,-253,221,-6.0,-105,-105,44.0,-105,-106,0,,,,,,,,,,,,,,
2020,REG,1,DAL,17,LA,20,3,37,0,103,-114,1.0,-103,-107,52.0,-111,-100,1,,,,,,,,,,,,,,
2020,REG,1,ARI,24,SF,20,-4,44,0,242,-280,7.0,-123,111,48.5,106,-118,0,,,,,,,,,,,,,,
2020,REG,1,TB,23,NO,34,11,57,0,174,-196,4.0,102,-113,48.5,-112,101,1,,,,,,,,,,,,,,
2020,REG,1,LAC,16,CIN,13,-3,29,0,-129,117,-2.5,-100,-110,41.5,-114,102,0,,,,,,,,,,,,,,
2020,REG,1,PHI,17,WAS,27,10,44,0,-227,200,-5.5,-106,-104,41.5,-111,-100,1,,,,,,,,,,,,,,
2020,REG,1,MIA,11,NE,21,10,32,0,278,-327,7.5,-112,102,41.5,-110,-101,1,,,,,,,,,,,,,,
2020,REG,1,GB,43,MIN,34,-9,77,0,103,-114,1.0,-103,-107,45.0,-110,-102,0,,,,,,,,,,,,,,
2020,REG,1,IND,20,JAX,27,7,47,0,-309,265,-7.0,-108,-102,44.0,-103,-108,1,,,,,,,,,,,,,,
2020,REG,1,CHI,27,DET,23,-4,50,0,116,-128,2.5,-108,-102,42.5,-108,-103,0,,,,,,,,,,,,,,
2020,REG,1,LV,34,CAR,30,-4,64,0,-124,134,-3.0,-112,-113,48.0,-101,-110,0,,,,,,,,,,,,,,
2020,REG,1,NYJ,17,BUF,27,10,44,0,242,-279,6.5,-110,100,39.5,-114,102,1,,,,,,,,,,,,,,
2020,REG,1,CLE,6,BAL,38,32,44,0,260,-302,7.0,-107,-103,47.0,100,-112,1,,,,,,,,,,,,,,
2020,REG,1,SEA,38,ATL,25,-13,63,0,102,-112,1.0,-105,-105,49.5,-108,-103,0,,,,,,,,,,,,,,
2020,REG,1,HOU,20,KC,34,14,54,0,349,-423,9.5,-105,-105,53.5,-109,-102,1,,,,,,,,,,,,,,
2020,REG,1,TEN,16,DEN,14,-2,30,0,-175,157,-3.0,-121,109,41.0,100,-112,0,,,,,,,,,,,,,,
2020,REG,2,DEN,21,PIT,26,5,47,0,232,-267,6.0,-100,-110,41.0,-114,102,1,1.0,26.0,16.0,0.5,0.5294117647058824,3.0,3.0,0.0,14.0,16.0,0.3333333333333333,0.6111111111111112,1.0,-1.0
2020,REG,2,BAL,33,HOU,16,-17,49,0,-344,292,-7.5,-102,-108,49.5,-118,106,0,0.0,20.0,34.0,0.36363636363636365,0.46153846153846156,1.0,-1.0,1.0,38.0,6.0,0.5454545454545454,0.8125,2.0,2.0
2020,REG,2,WAS,15,ARI,30,15,45,0,268,-313,7.5,-120,109,46.5,-110,-101,1,1.0,24.0,20.0,0.4117647058823529,0.8333333333333334,3.0,-1.0,1.0,27.0,17.0,0.2777777777777778,0.7058823529411764,8.0,3.0
2020,REG,2,JAX,30,TEN,33,3,63,0,254,-295,7.0,-116,105,44.5,-103,-108,1,1.0,16.0,14.0,0.3888888888888889,0.6666666666666667,0.0,1.0,1.0,27.0,20.0,0.5,0.7142857142857143,1.0,2.0
2020,REG,2,CAR,17,TB,31,14,48,0,290,-342,7.5,-106,-104,47.0,-108,-103,1,0.0,23.0,34.0,0.35714285714285715,0.6875,1.0,-3.0,0.0,30.0,34.0,0.4666666666666667,0.5,0.0,0.0
2020,REG,2,LA,37,PHI,19,-18,56,0,111,-123,2.0,-107,-103,46.0,-105,-106,0,0.0,17.0,27.0,0.29411764705882354,0.7222222222222222,3.0,-3.0,1.0,20.0,17.0,0.5,0.7692307692307692,3.0,-1.0
2020,REG,2,SF,31,NYJ,13,-18,44,0,-301,259,-7.0,101,-111,41.5,-108,-103,0,0.0,17.0,27.0,0.3333333333333333,0.5882352941176471,3.0,0.0,0.0,20.0,24.0,0.16666666666666666,0.5882352941176471,2.0,1.0
2020,REG,2,BUF,31,MIA,28,-3,59,0,-244,214,-5.5,-109,-101,42.5,-102,-109,0,0.0,11.0,21.0,0.3076923076923077,0.5,2.0,-2.0,1.0,27.0,17.0,0.4117647058823529,0.6666666666666667,3.0,0.0
2020,REG,2,MIN,11,IND,28,17,39,0,158,-176,3.5,-111,101,49.0,-107,-104,1,0.0,20.0,27.0,0.2857142857142857,0.5,4.0,-2.0,0.0,34.0,43.0,0.42857142857142855,0.5384615384615384,0.0,-1.0
2020,REG,2,DET,21,GB,42,21,63,0,245,-284,7.0,-113,102,51.0,-101,-110,1,1.0,43.0,34.0,0.46153846153846156,0.5714285714285714,2.0,1.0,0.0,23.0,27.0,0.3333333333333333,0.8181818181818181,1.0,-1.0
2020,REG,2,ATL,39,DAL,40,1,79,0,131,-145,3.0,-119,108,53.0,-102,-109,1,0.0,17.0,20.0,0.23076923076923078,0.5,1.0,1.0,0.0,25.0,38.0,0.5,0.7,3.0,-2.0
2020,REG,2,NYG,13,CHI,17,4,30,0,196,-222,4.5,-105,-105,42.5,-103,-108,1,1.0,27.0,23.0,0.18181818181818182,0.6666666666666667,1.0,1.0,0.0,16.0,26.0,0.47058823529411764,0.5,2.0,-3.0
2020,REG,2,CIN,30,CLE,35,5,65,0,213,-243,6.0,-111,100,44.5,101,-113,1,0.0,6.0,38.0,0.1875,0.4545454545454546,2.0,-2.0,0.0,13.0,16.0,0.4,0.6666666666666667,2.0,-2.0
2020,REG,2,NE,30,SEA,35,5,65,0,177,-199,4.0,-102,-108,45.0,-113,101,1,1.0,38.0,25.0,0.3,0.5,2.0,2.0,1.0,21.0,11.0,0.5,0.6923076923076923,1.0,2.0
2020,REG,2,NO,24,LV,34,10,58,0,-201,180,-4.0,-102,-107,47.5,-109,-102,1,1.0,34.0,30.0,0.5,0.5333333333333333,1.0,0.0,1.0,34.0,23.0,0.3125,0.6428571428571428,3.0,3.0
2020,REG,2,KC,23,LAC,20,-3,43,1,-370,311,-8.5,-104,-106,47.0,-110,-102,0,1.0,16.0,13.0,0.3333333333333333,0.6,3.0,2.0,1.0,34.0,20.0,0.5384615384615384,0.6363636363636364,4.0,1.0
2020,REG,3,GB,37,NO,30,-7,67,0,154,-172,3.5,-112,102,52.0,-108,-103,0,0.5,29.0,28.5,0.4744318181818182,0.5582706766917294,3.0,1.5,1.0,42.5,27.5,0.46153846153846156,0.5357142857142857,3.0,1.0
2020,REG,3,MIA,31,JAX,13,-18,44,0,124,-138,3.0,-126,114,49.0,-105,-106,0,0.5,28.5,26.5,0.5833333333333333,0.6071428571428572,1.0,0.0,0.0,19.5,26.0,0.3621794871794872,0.5227272727272727,1.5,-0.5
2020,REG,3,CHI,30,ATL,26,-4,56,0,122,-135,2.5,101,-111,46.0,-102,-109,0,0.0,32.0,39.0,0.4605263157894737,0.6,2.0,0.5,1.0,22.0,18.0,0.37215909090909094,0.7333333333333334,2.5,0.5
2020,REG,3,LA,32,BUF,35,3,67,0,114,-126,1.5,-100,-110,46.5,-112,100,1,1.0,29.0,22.5,0.4331550802139037,0.625,3.0,-0.5,1.0,28.5,18.0,0.5416666666666667,0.5929487179487178,1.5,1.5
2020,REG,3,WAS,20,CLE,34,14,54,0,282,-331,7.5,-115,104,45.0,-101,-110,1,0.5,20.5,34.0,0.3715277777777778,0.5272727272727273,2.5,-1.0,0.5,21.0,23.5,0.28174603174603174,0.6584967320261438,5.5,2.0
2020,REG,3,TEN,31,MIN,30,-1,61,0,-155,139,-3.0,-101,-109,49.5,-116,104,0,0.0,22.5,35.5,0.3051948051948052,0.6620879120879121,1.0,-1.5,1.0,24.5,22.0,0.4444444444444444,0.5,1.0,1.5
2020,REG,3,LV,20,NE,36,16,56,0,266,-311,7.0,-105,-105,47.0,-102,-110,1,0.5,25.5,23.0,0.5416666666666667,0.6586538461538461,1.5,1.0,1.0,34.0,27.0,0.513157894736842,0.4484848484848485,0.5,0.0
2020,REG,3,SF,36,NYG,9,-27,45,0,-149,134,-3.0,-101,-109,44.0,-111,-100,0,0.0,14.5,21.5,0.33529411764705885,0.46875,3.0,-1.5,0.5,25.5,18.5,0.31666666666666665,0.6274509803921569,1.5,0.0
2020,REG,3,CIN,23,PHI,23,0,46,1,205,-233,5.5,-105,-105,46.5,100,-112,0,0.0,18.0,32.0,0.4387254901960784,0.5694444444444444,2.0,-3.5,0.0,21.5,25.5,0.4,0.5555555555555556,1.0,-1.0
2020,REG,3,HOU,21,PIT,28,7,49,0,174,-196,4.0,-110,-100,46.5,-109,-102,1,1.0,26.0,18.5,0.3269230769230769,0.6258169934640523,5.0,1.5,0.0,18.0,33.5,0.3181818181818182,0.5521978021978022,2.5,-1.5
2020,REG,3,NYJ,7,IND,36,29,43,0,491,-630,12.5,-109,-101,44.0,-113,101,1,0.5,24.0,19.0,0.25,0.6590909090909091,3.5,0.0,0.0,15.0,29.0,0.3333333333333333,0.5607843137254902,3.0,0.5
2020,REG,3,CAR,21,LAC,16,-5,37,0,230,-265,6.0,-107,-103,43.5,100,-111,0,0.5,18.0,18.0,0.35416666666666663,0.6055555555555556,2.0,0.5,0.0,23.5,32.5,0.4641025641025641,0.5576923076923077,0.0,-1.0
2020,REG,3,DET,26,ARI,23,-3,49,0,193,-218,4.5,-105,-105,55.5,-113,101,0,1.0,27.0,17.5,0.40032679738562094,0.7738095238095238,3.5,-1.0,0.0,22.0,34.5,0.41666666666666663,0.6783216783216783,1.0,-1.0
2020,REG,3,TB,28,DEN,10,-18,38,0,-264,230,-6.0,-105,-105,42.5,-103,-108,0,0.0,17.5,21.0,0.3055555555555556,0.7286324786324787,1.0,-0.5,0.5,27.0,25.5,0.3708791208791209,0.6129807692307692,3.0,-0.5
2020,REG,3,DAL,31,SEA,38,7,69,0,208,-237,5.5,-104,-106,58.0,-116,104,1,1.0,36.5,27.5,0.3375,0.4583333333333333,1.5,1.0,0.5,28.5,29.5,0.3653846153846154,0.5394736842105263,1.0,-1.0
2020,REG,3,KC,34,BAL,20,-14,54,0,156,-174,3.5,-112,102,55.0,-115,104,0,1.0,35.5,11.0,0.4512987012987013,0.7698863636363636,3.0,2.0,1.0,28.5,20.0,0.4636752136752137,0.6306818181818181,3.0,1.0
2020,REG,4,NE,10,KC,26,16,36,0,257,-299,7.0,-114,103,52.5,-106,-105,1,1.0,30.333333333333332,20.0,0.5472120472120472,0.6628787878787878,3.3333333333333335,0.6666666666666666,0.6666666666666666,29.0,22.0,0.45202020202020204,0.6815268065268065,1.6666666666666667,1.3333333333333333
2020,REG,4,DEN,37,NYJ,28,-9,65,0,104,-114,1.0,-102,-108,41.0,-101,-110,0,0.0,12.333333333333334,31.333333333333332,0.29914529914529914,0.6071895424836601,2.0,-0.6666666666666666,0.0,15.0,23.333333333333332,0.3148148148148148,0.6524216524216525,1.3333333333333333,-1.0
2020,REG,4,ATL,16,GB,30,14,46,0,195,-221,5.0,-110,-100,56.5,-112,100,1,1.0,40.666666666666664,28.333333333333332,0.4358974358974359,0.538961038961039,2.6666666666666665,1.0,0.0,30.0,36.0,0.39035087719298245,0.65,2.0,0.6666666666666666
2020,REG,4,PHI,25,SF,20,-5,45,0,273,-320,8.5,-116,105,45.5,-108,-103,0,0.6666666666666666,29.0,15.333333333333334,0.38888888888888884,0.6183006535947713,1.6666666666666667,1.0,0.0,19.666666666666668,29.0,0.4512138188608777,0.6415343915343915,4.0,-3.0
2020,REG,4,BUF,30,LV,23,-7,53,0,-172,154,-3.0,-115,104,53.0,-108,-103,0,0.6666666666666666,29.333333333333332,30.0,0.4330143540669856,0.5414141414141415,1.0,-0.6666666666666666,1.0,31.0,25.666666666666668,0.4276589423648247,0.5499999999999999,2.6666666666666665,-0.3333333333333333
2020,REG,4,IND,19,CHI,11,-8,30,0,-174,156,-3.5,102,-112,43.5,-110,-101,0,1.0,24.666666666666668,20.666666666666668,0.331439393939394,0.7388888888888889,2.3333333333333335,0.0,0.6666666666666666,28.0,15.0,0.26666666666666666,0.6958041958041958,3.0,1.0
2020,REG,4,NYG,9,LA,17,8,26,0,652,-890,13.5,-103,-107,49.5,101,-112,1,0.6666666666666666,29.666666666666668,23.666666666666668,0.5611111111111112,0.5897435897435896,2.3333333333333335,1.0,0.0,12.666666666666666,26.333333333333332,0.3568627450980393,0.4680555555555556,2.6666666666666665,-2.0
2020,REG,4,BAL,31,WAS,17,-14,48,0,-958,692,-14.5,104,-115,45.0,-113,102,0,0.3333333333333333,20.666666666666668,27.0,0.33934583934583934,0.6532835356364768,4.333333333333333,-0.3333333333333333,0.6666666666666666,30.333333333333332,18.666666666666668,0.3917748917748918,0.608495670995671,2.0,1.3333333333333333
2020,REG,4,LAC,31,TB,38,7,69,0,282,-331,7.5,-114,103,42.5,-111,-100,1,0.6666666666666666,27.333333333333332,20.333333333333332,0.41391941391941395,0.6308760683760684,4.0,0.3333333333333333,0.3333333333333333,17.333333333333332,19.0,0.4583333333333333,0.6656084656084656,2.0,-1.0
2020,REG,4,SEA,31,MIA,23,-8,54,0,-223,196,-4.5,-106,-104,55.0,-113,101,0,0.3333333333333333,23.333333333333332,21.666666666666668,0.40811965811965817,0.6103896103896104,2.3333333333333335,0.3333333333333333,1.0,37.0,28.666666666666668,0.32916666666666666,0.5016339869281046,1.6666666666666667,1.3333333333333333
2020,REG,4,MIN,31,HOU,23,-8,54,0,154,-172,3.5,-114,104,52.5,100,-112,0,0.0,19.0,31.666666666666668,0.34032634032634035,0.5611143242722191,2.3333333333333335,-1.3333333333333333,0.0,25.0,34.0,0.3367965367965368,0.6978021978021977,1.3333333333333333,-1.6666666666666667
2020,REG,4,NO,35,DET,29,-6,64,0,-155,139,-3.0,-103,-107,51.5,-102,-109,0,0.3333333333333333,23.333333333333332,30.666666666666668,0.3611111111111111,0.6522144522144523,1.0,0.3333333333333333,0.3333333333333333,29.333333333333332,31.333333333333332,0.4678030303030303,0.5773086562560247,2.3333333333333335,0.6666666666666666
2020,REG,4,CLE,49,DAL,38,-11,87,0,157,-175,3.5,-111,101,56.5,-112,101,0,0.3333333333333333,29.333333333333332,32.333333333333336,0.3808446455505279,0.5888157894736842,2.0,-1.3333333333333333,0.6666666666666666,25.0,29.333333333333332,0.36673280423280424,0.5333333333333333,2.6666666666666665,1.0
2020,REG,4,JAX,25,CIN,33,8,58,0,101,-112,1.0,-106,-104,50.0,-106,-105,1,0.3333333333333333,22.0,24.666666666666668,0.33809523809523806,0.544973544973545,1.6666666666666667,0.0,0.3333333333333333,23.333333333333332,28.0,0.46031746031746024,0.5714285714285715,1.0,-0.6666666666666666
2020,REG,4,ARI,21,CAR,31,10,52,0,-157,141,-3.0,-105,-105,52.5,-116,104,1,0.3333333333333333,22.666666666666668,27.0,0.3808302808302808,0.48290598290598297,0.6666666666666666,0.6666666666666666,0.6666666666666666,25.666666666666668,20.333333333333332,0.40021786492374734,0.7658730158730158,3.6666666666666665,-1.6666666666666667
2020,REG,5,BUF,16,TEN,42,26,58,0,-168,150,-3.0,-108,-102,52.0,-106,-105,1,1.0,26.666666666666668,24.666666666666668,0.3732193732193732,0.5333333333333333,1.3333333333333333,1.6666666666666667,1.0,30.75,25.0,0.44574420677361853,0.5196428571428571,2.5,0.25
2020,REG,5,MIA,43,SF,17,-26,60,0,301,-357,8.5,-119,108,50.5,-110,-101,0,0.5,26.75,17.75,0.4053030303030303,0.6512254901960784,2.0,0.25,0.25,23.25,24.0,0.4310897435897436,0.6077922077922078,2.25,0.0
2020,REG,5,TB,19,CHI,20,1,39,0,-184,164,-3.5,-102,-108,44.0,-109,-102,1,0.75,21.25,20.25,0.3152462121212121,0.6989035087719299,2.0,-0.25,0.75,30.0,23.0,0.4240759240759241,0.6322479603729604,3.5,0.5
2020,REG,5,CAR,23,ATL,16,-7,39,0,125,-139,2.5,-101,-109,53.5,-107,-104,0,0.0,26.5,34.5,0.35045546558704455,0.6221153846153846,1.75,0.5,0.5,24.75,25.5,0.4106227106227106,0.5439976689976691,0.75,0.5
2020,REG,5,CIN,3,BAL,27,24,30,0,547,-718,12.5,-105,-105,49.0,-103,-108,1,0.75,30.5,18.25,0.3979978354978355,0.6294486763236764,2.25,0.75,0.5,24.75,24.75,0.3369047619047619,0.6087301587301588,2.0,0.0
2020,REG,5,JAX,14,HOU,30,16,44,0,243,-281,6.5,100,-110,55.0,-108,-103,1,0.0,20.0,31.5,0.31293706293706297,0.5746818970503181,2.5,-0.75,0.25,23.75,29.25,0.39523809523809517,0.5952380952380953,1.0,-0.5
2020,REG,5,LV,40,KC,32,-8,72,0,387,-476,11.0,-114,104,54.5,-102,-109,0,1.0,29.25,17.5,0.4937423687423687,0.6589237967914439,3.0,1.25,0.5,27.75,30.0,0.46761790840738204,0.531060606060606,1.0,-1.0
2020,REG,5,ARI,30,NYJ,10,-20,40,0,-295,254,-7.0,106,-117,48.5,-112,100,0,0.0,16.25,32.75,0.3243589743589743,0.611642156862745,1.5,0.25,0.5,24.5,23.0,0.3683452168746287,0.6994047619047619,2.75,-1.25
2020,REG,5,PHI,29,PIT,38,9,67,0,312,-372,7.5,-103,-107,44.0,-107,-104,1,1.0,26.666666666666668,19.333333333333332,0.35829959514170034,0.62233953410424,5.0,1.3333333333333333,0.25,21.0,26.75,0.4009103641456583,0.61751443001443,4.25,-1.75
2020,REG,5,LA,30,WAS,10,-20,40,0,-305,262,-7.0,-101,-109,45.0,-108,-103,0,0.25,19.75,28.0,0.33143245643245645,0.6357959850606909,3.5,0.0,0.75,26.5,20.0,0.5169871794871795,0.6256410256410256,3.0,0.75
2020,REG,5,IND,23,CLE,32,9,55,0,-101,-110,1.0,-107,-103,48.5,-112,101,1,0.75,31.0,31.5,0.38868596681096684,0.525,2.75,1.5,0.75,25.75,14.0,0.30526315789473685,0.7051864801864802,2.5,1.0
2020,REG,5,NYG,34,DAL,37,3,71,0,293,-347,7.5,-114,103,52.0,-107,-104,1,0.25,31.5,36.5,0.4106334841628959,0.5779754784688995,2.0,-1.75,0.0,11.75,24.0,0.3343137254901961,0.5048878205128206,2.5,-1.5
2020,REG,5,MIN,26,SEA,27,1,53,0,245,-284,6.5,-105,-105,54.0,-112,100,1,1.0,35.5,27.25,0.34687500000000004,0.5012254901960784,1.5,1.25,0.25,26.5,31.25,0.34875124875124874,0.7156593406593406,1.75,-1.5
2020,REG,5,LAC,27,NO,30,3,57,1,288,-339,7.0,-106,-104,49.5,-118,106,1,0.5,30.75,30.75,0.5294237012987013,0.5579814921920185,2.5,0.5,0.25,20.75,23.75,0.43465909090909094,0.6355699855699856,1.5,-1.0
2020,REG,6,DET,34,JAX,16,-18,50,0,-154,139,-3.0,-105,-105,52.5,100,-112,0,0.2,21.8,29.4,0.40507936507936504,0.5852813852813854,1.0,-0.4,0.25,24.75,31.75,0.3958333333333333,0.5605894105894106,1.25,0.25
2020,REG,6,CHI,23,CAR,16,-7,39,0,112,-124,2.0,-107,-103,45.0,-100,-111,0,0.6,24.4,23.6,0.4208058608058608,0.542890442890443,1.0,0.6,0.8,21.0,20.0,0.2950541125541125,0.7019799498746868,2.2,-0.2
2020,REG,6,ARI,38,DAL,10,-28,48,0,103,-114,1.0,-104,-106,55.5,102,-114,0,0.4,32.6,36.0,0.4285067873303167,0.5690470494417863,2.0,-1.6,0.6,25.6,20.4,0.3780095068330363,0.697985347985348,2.8,-1.2
2020,REG,6,CIN,27,IND,31,4,58,0,288,-340,7.5,-108,-102,46.0,-105,-106,1,0.6,25.2,17.6,0.3169377990430622,0.6588860262544474,2.2,0.8,0.4,20.4,25.2,0.30110275689223054,0.6046311858076565,1.8,-0.4
2020,REG,6,ATL,40,MIN,23,-17,63,0,167,-188,3.5,-102,-108,53.0,103,-115,0,0.2,26.4,30.4,0.35900099900099897,0.7725274725274724,2.2,-1.4,0.0,24.4,32.2,0.37267206477732795,0.6053846153846154,1.4,0.2
2020,REG,6,DEN,18,NE,12,-6,30,0,280,-328,7.0,-103,-107,43.5,101,-113,0,0.5,24.25,23.0,0.4272504456327986,0.6778117715617715,1.5,0.25,0.25,20.5,24.5,0.3298611111111111,0.6393162393162394,2.5,-1.5
2020,REG,6,WAS,19,NYG,20,1,39,0,116,-128,2.0,-103,-107,42.5,-114,103,1,0.0,16.2,26.6,0.36078431372549025,0.5039102564102564,2.4,-1.0,0.2,17.8,28.4,0.2937173937173937,0.6336367880485527,3.0,0.2
2020,REG,6,BAL,30,PHI,28,-2,58,0,-422,348,-10.5,108,-119,46.5,-104,-107,0,0.2,22.6,29.0,0.4635854341736695,0.5645997793056616,3.6,-1.6,0.8,29.8,15.2,0.400751209574739,0.6719799936905201,3.2,1.0
2020,REG,6,CLE,7,PIT,38,31,45,0,143,-159,3.0,-102,-108,50.0,-106,-105,1,1.0,29.5,21.75,0.4304894022386282,0.5381832220067514,5.0,1.25,0.8,31.2,29.8,0.4162119313435103,0.5472727272727272,2.4,1.2
2020,REG,6,HOU,36,TEN,42,6,78,1,169,-190,4.0,-110,100,52.0,-116,104,1,1.0,30.5,22.5,0.38705738705738707,0.4789473684210527,1.25,2.0,0.2,22.0,28.0,0.3412587412587413,0.5708566287513657,2.8,-0.6
2020,REG,6,NYJ,0,MIA,24,24,24,0,340,-410,9.5,103,-113,46.0,104,-116,1,0.4,27.2,22.6,0.3982051282051282,0.6529004329004329,2.8,0.6,0.0,15.0,32.2,0.321025641025641,0.6059803921568626,1.4,0.4
2020,REG,6,GB,10,TB,38,28,48,0,-145,131,-3.0,109,-121,55.0,-114,102,1,0.6,27.8,22.4,0.3964035964035964,0.6629412254412255,3.4,0.4,1.0,38.0,25.25,0.4423076923076923,0.5965284715284715,3.0,0.75
2020,REG,6,LA,16,SF,24,8,40,0,-124,112,-2.0,-103,-107,51.0,-102,-110,1,0.4,24.8,22.8,0.35757575757575755,0.6676470588235295,2.0,-0.4,0.8,27.2,18.0,0.4885897435897436,0.6719413919413919,4.0,0.4
2020,REG,6,KC,26,BUF,17,-9,43,0,-230,203,-5.5,-104,-106,55.0,-109,-102,0,0.8,27.8,28.4,0.49343747068205274,0.5299999999999999,2.0,-0.4,0.8,29.8,22.0,0.474993894993895,0.6396390374331551,2.6,1.0
2020,REG,7,NYG,21,PHI,22,1,43,0,197,-223,5.0,-109,-101,44.5,-107,-104,1,0.16666666666666666,23.5,29.166666666666668,0.42478273360626306,0.5845349038073496,3.5,-1.5,0.16666666666666666,16.833333333333332,25.333333333333332,0.39787581699346414,0.4977029914529915,2.5,-0.6666666666666666
2020,REG,7,JAX,29,LAC,39,10,68,0,325,-389,8.0,-108,-102,48.0,-113,102,1,0.2,22.0,25.0,0.4418449197860963,0.6417893217893218,1.6,-0.6,0.16666666666666666,20.833333333333332,30.166666666666668,0.4208994708994709,0.6210678210678212,0.8333333333333334,-0.5
2020,REG,7,CLE,37,CIN,34,-3,71,0,-201,179,-4.5,103,-114,50.0,-114,102,0,0.3333333333333333,21.5,26.166666666666668,0.3249930381509329,0.5733037659508248,1.6666666666666667,-0.16666666666666666,0.6666666666666666,27.166666666666668,31.166666666666668,0.3587480380243539,0.5671717171717172,2.3333333333333335,0.6666666666666666
2020,REG,7,GB,35,HOU,20,-15,55,0,-140,127,-2.5,-113,102,55.5,-110,-101,0,0.16666666666666666,24.333333333333332,30.333333333333332,0.3621600621600622,0.5514714330503805,2.6666666666666665,-0.16666666666666666,0.8,32.4,27.8,0.4361990950226244,0.6002997002997004,2.4,0.2
2020,REG,7,CAR,24,NO,27,3,51,0,271,-317,7.0,-107,-103,49.5,-110,-101,1,0.6,30.6,30.0,0.49020562770562776,0.5522675466947913,2.6,0.2,0.5,23.0,23.5,0.38913308913308914,0.550447918094977,0.8333333333333334,0.16666666666666666
2020,REG,7,BUF,18,NYJ,10,-8,28,0,-391,327,-9.5,101,-111,47.0,-115,103,0,0.0,12.5,30.833333333333332,0.2841880341880342,0.653131808278867,1.5,0.5,0.6666666666666666,26.0,28.0,0.4718039528411046,0.5083333333333332,1.8333333333333333,-0.3333333333333333
2020,REG,7,PIT,27,TEN,24,-3,51,0,103,-114,1.0,-102,-108,51.0,-111,-100,0,1.0,32.8,25.2,0.4187368187368188,0.4898245614035088,1.4,1.2,1.0,31.2,18.8,0.41105818845756925,0.6162608633196868,4.8,1.4
2020,REG,7,DAL,3,WAS,25,22,28,0,-110,100,-1.0,-103,-107,44.5,-104,-107,1,0.16666666666666666,18.0,27.0,0.33365338365338365,0.5974751011515717,2.6666666666666665,0.0,0.3333333333333333,28.833333333333332,36.333333333333336,0.41591251885369535,0.5630947634237108,1.8333333333333333,-2.0
2020,REG,7,TB,45,LV,20,-25,65,0,-192,171,-3.5,-108,-102,51.5,-106,-105,0,0.6,30.2,30.4,0.4615943267259056,0.5448484848484848,1.4,-0.8,0.6666666666666666,29.5,20.333333333333332,0.3944388944388944,0.6504902368872957,3.6666666666666665,0.6666666666666666
2020,REG,7,KC,43,DEN,16,-27,59,0,-302,260,-7.0,103,-113,46.0,-111,-100,0,0.4,20.0,22.0,0.3172222222222222,0.6499145299145299,2.8,-1.0,0.8333333333333334,29.166666666666668,21.166666666666668,0.49582824582824586,0.6390931372549019,2.1666666666666665,0.8333333333333334
2020,REG,7,SF,33,NE,6,-27,39,0,150,-167,3.0,102,-113,44.0,-113,101,0,0.4,21.8,22.0,0.40333881804470045,0.6889160839160839,1.6,0.0,0.5,24.666666666666668,21.666666666666668,0.3575036075036075,0.6813725490196078,1.6666666666666667,-0.16666666666666666
2020,REG,7,SEA,34,ARI,37,3,71,1,-186,166,-3.5,-102,-108,55.5,-108,-103,1,0.6666666666666666,27.666666666666668,18.666666666666668,0.3927857001386414,0.6894975939093587,2.8333333333333335,-0.3333333333333333,1.0,33.8,27.0,0.2775,0.5209803921568628,1.8,1.2
2020,REG,7,CHI,10,LA,24,14,34,0,251,-291,6.5,101,-112,44.0,-109,-102,1,0.6666666666666666,25.333333333333332,19.0,0.44882478632478634,0.667094017094017,3.3333333333333335,0.16666666666666666,0.8333333333333334,21.333333333333332,19.333333333333332,0.31450587810881925,0.7131884197673672,2.5,0.16666666666666666
2020,REG,7,DET,23,ATL,22,-1,45,0,102,-113,1.0,-106,-104,54.0,-105,-106,0,0.16666666666666666,27.0,30.666666666666668,0.39389338731443996,0.6211538461538462,1.3333333333333333,0.5,0.4,26.6,28.6,0.35666666666666663,0.5484715284715285,1.2,0.4
2020,REG,8,PIT,28,BAL,24,-4,52,0,178,-200,4.0,-109,-102,44.0,-108,-103,0,0.8333333333333334,29.833333333333332,17.333333333333332,0.3865909202596509,0.6881884562805616,3.6666666666666665,1.0,1.0,30.5,19.666666666666668,0.45088182371464103,0.6206935765759295,4.333333333333333,0.6666666666666666
2020,REG,8,TB,25,NYG,23,-2,48,0,-598,470,-13.0,105,-115,47.0,-115,103,0,0.14285714285714285,17.428571428571427,24.857142857142858,0.37400344753285936,0.5286433804290948,2.5714285714285716,-0.8571428571428571,0.7142857142857143,31.714285714285715,20.285714285714285,0.4150135578707007,0.6528011554272058,3.5714285714285716,0.7142857142857143
2020,REG,8,DAL,9,PHI,23,14,32,0,335,-403,10.0,-100,-110,43.0,-105,-106,1,0.2857142857142857,23.285714285714285,28.0,0.40491581247883773,0.6109200274392668,3.4285714285714284,-1.0,0.2857142857142857,25.142857142857142,34.714285714285715,0.3871086896296981,0.5451526543631806,1.8571428571428572,-1.8571428571428572
2020,REG,8,SF,27,SEA,37,10,64,0,-100,-110,1.0,-108,-102,54.5,-103,-108,1,0.8333333333333334,33.833333333333336,28.666666666666668,0.2868055555555556,0.5367144293614882,1.5,0.8333333333333334,0.5714285714285714,25.857142857142858,19.428571428571427,0.3778602350030921,0.7030812324929971,1.7142857142857142,0.14285714285714285
2020,REG,8,NO,26,CHI,23,-3,49,1,-229,202,-5.5,100,-110,41.0,-109,-102,0,0.7142857142857143,19.714285714285715,20.0,0.3103927934810287,0.7160662645625052,2.2857142857142856,0.0,0.6666666666666666,30.0,29.0,0.5261517485782192,0.5268896222456594,2.3333333333333335,0.0
2020,REG,8,LAC,30,DEN,31,1,61,0,-146,132,-3.0,103,-114,44.5,-106,-105,1,0.3333333333333333,19.333333333333332,25.5,0.3238756613756614,0.7082621082621082,3.0,-1.3333333333333333,0.3333333333333333,24.833333333333332,25.666666666666668,0.43487076648841355,0.6348244348244348,2.1666666666666665,-0.3333333333333333
2020,REG,8,LA,17,MIA,28,11,45,0,-176,157,-3.5,101,-111,46.5,-100,-111,1,0.5,26.666666666666668,18.833333333333332,0.35035612535612537,0.6940836940836941,2.8333333333333335,0.3333333333333333,0.7142857142857143,25.142857142857142,17.714285714285715,0.4228021978021978,0.6738356881214024,3.4285714285714284,0.2857142857142857
2020,REG,8,NYJ,9,KC,35,26,44,0,1204,-1965,20.0,-102,-108,49.0,-105,-106,1,0.8571428571428571,31.142857142857142,20.428571428571427,0.4249956392813536,0.6396308523409363,2.2857142857142856,1.1428571428571428,0.0,12.142857142857142,29.0,0.27216117216117214,0.6637233681351328,1.5714285714285714,0.2857142857142857
2020,REG,8,MIN,28,GB,22,-6,50,0,218,-249,5.5,-101,-109,47.0,-102,-109,0,0.8333333333333334,32.833333333333336,26.5,0.44683257918552033,0.6002497502497502,2.5,0.3333333333333333,0.16666666666666666,25.833333333333332,32.0,0.3491674991674991,0.7271062271062271,2.1666666666666665,-1.5
2020,REG,8,IND,41,DET,21,-20,62,0,-185,165,-3.5,-103,-107,49.0,-102,-109,0,0.5,26.0,27.5,0.33888888888888885,0.5459484959484959,1.3333333333333333,0.5,0.6666666666666666,26.166666666666668,19.166666666666668,0.3613370547581074,0.6416642811379654,2.1666666666666665,0.5
2020,REG,8,LV,16,CLE,6,-10,22,0,117,-130,1.0,111,-123,48.0,-117,105,0,0.7142857142857143,28.571428571428573,31.571428571428573,0.3868633976716684,0.5510822510822512,2.5714285714285716,0.7142857142857143,0.5,28.5,32.833333333333336,0.44021749449381026,0.530963480963481,1.1666666666666667,-0.8333333333333334
2020,REG,8,TEN,20,CIN,31,11,51,0,-321,274,-7.5,107,-118,49.5,-115,103,1,0.2857142857142857,23.285714285714285,27.714285714285715,0.3564875391943061,0.5548952914499133,1.4285714285714286,-0.2857142857142857,0.8333333333333334,31.333333333333332,25.5,0.4084711584711585,0.46652046783625734,1.1666666666666667,1.5
2020,REG,8,NE,21,BUF,24,3,45,0,175,-197,4.0,-105,-105,41.0,-102,-109,1,0.7142857142857143,24.857142857142858,25.428571428571427,0.4433644271105572,0.5499999999999999,2.4285714285714284,-0.14285714285714285,0.3333333333333333,19.166666666666668,23.833333333333332,0.36389345948169477,0.6574300699300699,1.5,-0.3333333333333333
2020,REG,8,ATL,25,CAR,17,-8,42,0,104,-115,1.5,-109,-102,52.0,-110,-101,0,0.42857142857142855,23.142857142857142,24.0,0.41925693354264787,0.513829307946955,0.8571428571428571,0.2857142857142857,0.14285714285714285,26.285714285714285,29.571428571428573,0.4042895700790438,0.6395604395604396,1.4285714285714286,0.2857142857142857
2020,REG,9,MIA,34,ARI,31,-3,65,0,211,-241,6.0,-112,102,49.0,-108,-103,0,0.7142857142857143,29.0,20.857142857142858,0.39161851220674754,0.6862360328746885,2.7142857142857144,-0.14285714285714285,0.5714285714285714,26.857142857142858,18.571428571428573,0.33601953601953605,0.6789624940885445,2.7142857142857144,0.5714285714285714
2020,REG,9,PIT,24,DAL,19,-5,43,0,-789,591,-14.0,-100,-110,44.0,-103,-108,0,0.25,23.125,33.25,0.36813186813186816,0.5645085725677831,2.125,-1.375,1.0,30.142857142857142,20.285714285714285,0.42543117357358845,0.5986897323031776,4.285714285714286,1.0
2020,REG,9,GB,34,SF,17,-17,51,0,-246,215,-6.0,100,-110,48.5,-113,101,0,0.5,26.0,21.625,0.3806277056277056,0.6651960784313725,1.75,-0.125,0.7142857142857143,31.285714285714285,26.714285714285715,0.44252316311139833,0.6097378811664527,2.2857142857142856,0.14285714285714285
2020,REG,9,DEN,27,ATL,34,7,61,0,193,-218,4.5,-108,-102,50.0,-101,-110,1,0.25,26.125,28.0,0.38500337381916333,0.6618881118881119,1.625,0.25,0.42857142857142855,21.0,26.142857142857142,0.3286281179138322,0.6911154205271852,2.857142857142857,-1.0
2020,REG,9,SEA,34,BUF,44,10,78,0,-164,147,-3.0,-109,-101,55.0,-101,-110,1,0.75,24.75,24.875,0.4360207967986606,0.5541666666666666,2.375,-0.125,0.8571428571428571,34.285714285714285,28.428571428571427,0.33154761904761904,0.5457552251669899,1.7142857142857142,1.0
2020,REG,9,NE,30,NYJ,27,-3,57,0,-372,312,-9.5,102,-113,41.5,-105,-106,0,0.0,11.75,29.75,0.25737179487179485,0.6510704471182411,1.375,0.125,0.2857142857142857,19.428571428571427,23.857142857142858,0.3714324890795479,0.6514235764235765,1.4285714285714286,-0.2857142857142857
2020,REG,9,BAL,24,IND,10,-14,34,0,-106,-104,1.0,-113,102,48.0,-114,102,0,0.7142857142857143,28.285714285714285,19.428571428571427,0.3763841421736159,0.6261884314515893,2.5714285714285716,0.7142857142857143,0.7142857142857143,29.0,18.857142857142858,0.40755412212731984,0.6937719235651567,3.4285714285714284,0.42857142857142855
2020,REG,9,HOU,27,JAX,25,-2,52,0,-289,249,-7.0,106,-117,49.0,-107,-104,0,0.14285714285714285,22.0,31.428571428571427,0.4179138321995465,0.6180581323438467,0.8571428571428571,-0.5714285714285714,0.14285714285714285,23.714285714285715,31.0,0.3675657675657676,0.5441183711860405,2.2857142857142856,-0.2857142857142857
2020,REG,9,CAR,31,KC,33,2,64,0,365,-445,10.0,-106,-104,51.5,-102,-109,1,0.875,31.625,19.0,0.4265586843711844,0.66544622656755,2.125,1.125,0.375,22.375,24.125,0.3895770895770896,0.5433506444535856,1.0,0.25
2020,REG,9,DET,20,MIN,34,14,54,0,155,-173,3.0,106,-117,51.5,-108,-104,1,0.2857142857142857,26.142857142857142,30.571428571428573,0.34690547547690403,0.7065672422815279,2.0,-1.1428571428571428,0.42857142857142855,25.285714285714285,29.428571428571427,0.35714285714285715,0.5441463298606155,1.4285714285714286,0.14285714285714285
2020,REG,9,CHI,17,TEN,24,7,41,0,243,-280,6.5,-107,-103,46.5,-106,-105,1,0.7142857142857143,29.714285714285715,26.285714285714285,0.421546707260993,0.4534461152882206,1.0,1.1428571428571428,0.625,20.125,20.75,0.30631591651812234,0.7323272122614228,2.125,-0.125
2020,REG,9,NYG,23,WAS,20,-3,43,0,145,-162,3.0,-105,-105,43.0,-102,-109,0,0.2857142857142857,19.0,23.571428571428573,0.36634575741718595,0.6243664132319594,3.142857142857143,0.14285714285714285,0.125,18.125,24.875,0.3657145550527904,0.5491014194139194,2.5,-0.875
2020,REG,9,LV,31,LAC,26,-5,57,0,-112,102,-1.0,-105,-105,52.5,-102,-109,0,0.2857142857142857,25.571428571428573,26.428571428571427,0.43156990068754775,0.6359719645433931,2.142857142857143,-0.42857142857142855,0.5714285714285714,26.714285714285715,29.0,0.45896193405591895,0.5622544122544123,1.0,-0.5714285714285714
2020,REG,9,NO,38,TB,3,-35,41,0,160,-179,3.0,107,-118,51.0,-106,-105,0,0.75,30.875,20.625,0.40159840159840154,0.6577394725372667,3.5,0.75,0.7142857142857143,29.428571428571427,28.142857142857142,0.472965235045067,0.5547942793851683,2.7142857142857144,0.14285714285714285
2020,REG,10,IND,34,TEN,17,-17,51,0,-115,105,-1.0,-107,-103,49.0,-100,-111,0,0.75,29.0,25.125,0.4188533688533689,0.506140350877193,1.25,1.25,0.625,26.0,20.0,0.34719326725905675,0.6282720203772836,2.5,0.5
2020,REG,10,TB,46,CAR,23,-23,69,0,-259,226,-6.0,-108,-102,49.5,-105,-106,0,0.3333333333333333,23.333333333333332,25.11111111111111,0.38950062283395614,0.5464704141174729,1.1111111111111112,0.3333333333333333,0.6666666666666666,27.77777777777778,22.555555555555557,0.3693220359887026,0.6291017533664593,3.2222222222222223,0.5555555555555556
2020,REG,10,MIN,19,CHI,13,-6,32,0,-170,152,-3.5,108,-119,44.0,100,-111,0,0.5555555555555556,19.77777777777778,21.11111111111111,0.2861697035716643,0.7176241886768202,2.2222222222222223,-0.3333333333333333,0.375,27.125,29.25,0.3452089577089577,0.6807463369963369,2.0,-0.625
2020,REG,10,BAL,17,NE,23,6,40,0,-318,272,-7.0,100,-110,44.0,-104,-107,1,0.375,20.75,24.25,0.39167009461127106,0.6199956293706295,1.375,-0.125,0.75,28.375,17.75,0.401252714004262,0.7141932902623693,3.0,0.5
2020,REG,10,CIN,10,PIT,36,26,46,0,255,-297,6.5,-101,-109,45.5,101,-112,1,1.0,29.375,20.125,0.4139189435435566,0.5900299863535157,4.0,1.125,0.375,24.25,26.75,0.39005159679501783,0.5480333800186742,1.375,-0.125
2020,REG,10,SF,13,NO,27,14,40,0,323,-387,9.5,-110,-101,49.5,-106,-105,1,0.75,30.5,25.0,0.48884458066443365,0.5965561055731334,2.75,0.25,0.4444444444444444,25.0,23.0,0.3716690716690716,0.6547774665421724,1.6666666666666667,-0.3333333333333333
2020,REG,10,SEA,16,LA,23,7,39,0,132,-146,3.0,-115,104,55.0,-100,-111,1,0.625,24.125,19.0,0.4214225113122172,0.6833562271062271,3.125,0.0,0.75,34.25,30.375,0.3189503205128205,0.557892964878259,2.375,0.375
2020,REG,10,LAC,21,MIA,29,8,50,0,104,-115,1.0,-100,-110,48.5,-107,-104,1,0.625,27.75,20.125,0.34957264957264955,0.667008848994143,2.5,0.625,0.25,25.625,27.0,0.4323111631016043,0.618975468975469,2.0,-0.125
2020,REG,10,DEN,12,LV,37,25,49,0,168,-188,3.5,-106,-104,50.5,-110,-101,1,0.625,27.25,28.625,0.4640916922989291,0.5622851107226108,1.125,-0.75,0.375,21.75,27.125,0.34223710317460315,0.6761545643898584,2.75,-0.875
2020,REG,10,BUF,30,ARI,32,2,62,0,138,-153,3.0,-108,-102,55.5,-106,-105,1,0.625,29.25,22.5,0.3947495315142374,0.6699009732097968,2.75,-0.25,0.7777777777777778,26.88888888888889,25.88888888888889,0.42725658128134913,0.578062678062678,2.6666666666666665,0.3333333333333333
2020,REG,10,PHI,17,NYG,27,10,44,0,-219,194,-4.5,-106,-104,45.0,102,-113,1,0.2222222222222222,18.666666666666668,24.333333333333332,0.3667462711580359,0.5621642246642247,2.4444444444444446,-0.4444444444444444,0.375,23.25,25.625,0.391801335918983,0.630143259303476,3.5,-1.125
2020,REG,10,JAX,20,GB,24,4,44,0,653,-893,13.5,-105,-105,47.0,-104,-107,1,0.75,31.625,25.5,0.4407791962939021,0.6210206460206461,2.125,0.375,0.125,22.375,30.875,0.41567460317460314,0.6158008658008658,1.0,-0.5
2020,REG,10,WAS,27,DET,30,3,57,0,123,-136,2.5,100,-110,46.0,-111,100,1,0.375,24.625,30.0,0.375,0.5594613719613719,1.375,-0.25,0.25,19.125,23.5,0.3622192044067044,0.6244456115779645,3.375,-0.25
2020,REG,10,HOU,7,CLE,10,3,17,0,192,-217,4.5,-106,-104,46.0,-104,-107,1,0.625,25.75,29.625,0.36975547296270983,0.5357683982683983,2.5,0.5,0.25,24.125,30.25,0.3716200466200466,0.5511035747877854,2.25,-0.25
2020,REG,11,ARI,21,SEA,28,7,49,0,147,-164,3.0,-105,-105,56.5,-101,-110,1,0.6666666666666666,32.22222222222222,29.555555555555557,0.3321225071225071,0.5481924393689099,2.4444444444444446,0.1111111111111111,0.6666666666666666,29.555555555555557,23.333333333333332,0.39057101213963963,0.664911976186486,2.4444444444444446,-0.2222222222222222
2020,REG,11,TEN,30,BAL,24,-6,54,1,221,-253,6.0,-103,-107,50.5,-102,-109,0,0.6666666666666666,27.11111111111111,18.333333333333332,0.40795113039695086,0.6954445408392778,2.7777777777777777,0.3333333333333333,0.6666666666666666,27.666666666666668,26.11111111111111,0.4026171359504693,0.5239766081871345,1.2222222222222223,1.1111111111111112
2020,REG,11,DET,0,CAR,20,20,20,0,-169,152,-3.0,-119,108,47.0,-105,-106,1,0.3,23.3,27.2,0.3616616716616717,0.5293233727057256,1.1,0.3,0.4444444444444444,25.22222222222222,29.666666666666668,0.37777777777777777,0.5626584744231802,1.4444444444444444,-0.1111111111111111
2020,REG,11,PHI,17,CLE,22,5,39,0,122,-135,2.5,-104,-106,45.5,-109,-103,1,0.6666666666666666,24.0,27.11111111111111,0.37995358280446,0.5354978354978355,2.4444444444444446,0.4444444444444444,0.3333333333333333,22.555555555555557,25.77777777777778,0.3482678541502071,0.6365162304919787,3.4444444444444446,-1.0
2020,REG,11,NE,20,HOU,27,7,47,0,-147,132,-2.5,-117,106,49.5,-103,-108,1,0.2222222222222222,22.22222222222222,28.0,0.38218078218078216,0.549698904084869,2.111111111111111,-0.2222222222222222,0.4444444444444444,21.0,23.444444444444443,0.39865624571506925,0.610936285936286,1.4444444444444444,0.0
2020,REG,11,PIT,27,JAX,3,-24,30,0,-475,386,-11.0,-103,-107,47.0,101,-113,0,0.1111111111111111,22.11111111111111,30.11111111111111,0.40367657034323695,0.625809919927567,1.0,-0.3333333333333333,1.0,30.11111111111111,19.0,0.4095946164831614,0.6355822100920139,4.0,1.0
2020,REG,11,ATL,9,NO,24,15,33,0,162,-181,3.5,-109,-101,49.5,-103,-108,1,0.7777777777777778,30.11111111111111,23.666666666666668,0.45304703466468177,0.5927720938427853,2.6666666666666665,0.2222222222222222,0.3333333333333333,27.0,27.88888888888889,0.38984426879163725,0.6508449883449884,1.5555555555555556,0.2222222222222222
2020,REG,11,CIN,9,WAS,20,11,29,0,110,-121,2.0,-109,-101,48.0,-106,-105,1,0.2222222222222222,20.0,24.22222222222222,0.3677242601262209,0.6217294325137462,3.111111111111111,-0.3333333333333333,0.3333333333333333,22.666666666666668,27.77777777777778,0.34671253048446027,0.5565852266832659,1.2222222222222223,-0.1111111111111111
2020,REG,11,MIA,13,DEN,20,7,33,0,-196,174,-4.0,-105,-105,46.0,-108,-103,1,0.3333333333333333,20.666666666666668,28.22222222222222,0.3499623923643531,0.6676929461243186,2.4444444444444446,-1.3333333333333333,0.6666666666666666,27.88888888888889,20.22222222222222,0.34776828110161445,0.6698198315845374,2.4444444444444446,0.5555555555555556
2020,REG,11,NYJ,28,LAC,34,6,62,0,351,-425,10.0,-110,-101,47.0,-104,-107,1,0.2222222222222222,25.11111111111111,27.22222222222222,0.41846462361168246,0.6242744909411576,1.7777777777777777,-0.1111111111111111,0.0,13.444444444444445,29.77777777777778,0.29544159544159543,0.6305811381791773,1.2222222222222223,0.0
2020,REG,11,GB,31,IND,34,3,65,1,109,-120,1.5,-104,-106,52.0,102,-114,1,0.6666666666666666,26.88888888888889,19.666666666666668,0.34565327460064305,0.6392720989212218,2.3333333333333335,0.4444444444444444,0.7777777777777778,30.77777777777778,24.88888888888889,0.4244834686011156,0.628941428941429,2.2222222222222223,0.2222222222222222
2020,REG,11,DAL,31,MIN,28,-3,59,0,261,-304,7.0,-110,-100,50.0,-111,-101,0,0.4444444444444444,26.22222222222222,27.444444444444443,0.3591399885517533,0.696016946016946,2.0,-0.7777777777777778,0.2222222222222222,22.666666666666668,32.22222222222222,0.3795159089276737,0.5758594719121035,1.8888888888888888,-1.4444444444444444
2020,REG,11,KC,35,LV,31,-4,66,0,-351,296,-7.5,-108,-102,56.5,-104,-107,0,0.6666666666666666,28.333333333333332,26.77777777777778,0.4569703931546037,0.5651684644331704,1.2222222222222223,-0.1111111111111111,0.8888888888888888,31.77777777777778,20.333333333333332,0.42678232261565596,0.6594089915168345,2.111111111111111,0.8888888888888888
2020,REG,11,LA,27,TB,24,-3,51,0,173,-195,4.0,-109,-102,47.5,-109,-102,0,0.7,29.6,22.6,0.39488983238983233,0.6550804669187024,3.2,0.5,0.6666666666666666,24.0,18.666666666666668,0.43342131724484667,0.6699277574277575,3.4444444444444446,0.2222222222222222
2020,REG,12,HOU,41,DET,25,-16,66,0,-155,139,-3.0,-104,-106,52.5,-110,-101,0,0.4,22.7,28.7,0.36142857142857143,0.5769808622749799,1.4,0.0,0.3,22.7,27.2,0.38562937062937064,0.5408828598302283,2.1,-0.2
2020,REG,12,BAL,14,PIT,19,5,33,0,416,-518,10.5,-109,-101,41.5,-104,-107,1,1.0,29.8,17.4,0.40752404372373413,0.6453573224161459,3.8,1.2,0.6,26.8,19.5,0.420097193827844,0.6874385482938115,2.7,0.3
2020,REG,12,SEA,23,PHI,17,-6,40,0,-274,237,-6.5,-106,-104,50.0,-108,-103,0,0.3,22.0,25.4,0.330107735401853,0.6461979407761141,3.4,-1.1,0.7,31.8,28.7,0.3522435897435897,0.5533731954320189,2.5,0.1
2020,REG,12,CHI,25,GB,41,16,66,0,293,-346,7.5,-116,105,44.0,-105,-106,1,0.7,30.8,25.8,0.422035121741004,0.6327139527139528,2.1,0.0,0.5,19.1,20.9,0.27573455139631603,0.6988029462797265,2.1,-0.1
2020,REG,12,KC,27,TB,24,-3,51,0,-166,149,-3.5,112,-124,56.0,-103,-108,0,0.6363636363636364,29.09090909090909,23.0,0.3987634839907566,0.6436560394448096,2.909090909090909,0.45454545454545453,0.9,32.1,21.4,0.43410409035409037,0.6389226378196966,1.9,0.8
2020,REG,12,SF,23,LA,20,-3,43,0,190,-215,5.0,-112,101,44.5,-101,-110,0,0.7,24.3,19.2,0.43713800904977373,0.6591849816849817,3.2,0.2,0.4,23.8,23.4,0.3782521645021645,0.6726330532212884,1.8,-0.3
2020,REG,12,NO,31,DEN,3,-28,34,0,-1350,906,-17.0,-103,-107,36.5,-109,-102,0,0.4,20.6,26.7,0.34573538389714853,0.6620347626229979,2.8,-1.3,0.8,29.5,22.2,0.4410756645315469,0.6201615511251735,3.2,0.3
2020,REG,12,MIA,20,NYJ,3,-17,23,0,-350,296,-7.5,-106,-104,46.0,100,-112,0,0.0,14.9,30.2,0.29367521367521365,0.6145818478906714,1.4,0.0,0.6,26.4,20.2,0.3518803418803419,0.6720686176568529,2.2,0.6
2020,REG,12,ARI,17,NE,20,3,37,0,-115,104,-1.0,-107,-103,51.0,-106,-105,1,0.4,20.9,23.8,0.4126367749897161,0.6081759906759907,1.3,0.0,0.6,28.7,23.8,0.39151391092567567,0.6450874452345041,2.5,-0.2
2020,REG,12,CAR,27,MIN,28,1,55,0,131,-145,3.0,-115,104,50.0,-104,-107,1,0.4,26.4,27.8,0.37777144424203246,0.6847485847485847,1.9,-0.8,0.36363636363636365,23.0,24.727272727272727,0.35552130578868546,0.5526316375246856,1.4545454545454546,0.18181818181818182
2020,REG,12,CLE,27,JAX,25,-2,52,0,-334,284,-7.5,102,-112,48.5,-112,100,0,0.1,20.2,29.8,0.3899755799755799,0.6243400390459215,0.9,-0.6,0.7,23.8,26.1,0.3686248911906807,0.5652813852813853,2.7,0.6
2020,REG,12,TEN,45,IND,26,-19,71,0,133,-147,3.0,-114,103,51.5,-107,-104,0,0.7,27.6,20.8,0.3444212804739121,0.6353448890290996,2.2,0.6,0.7,27.9,25.9,0.40081696081696083,0.5186377708978329,1.2,1.0
2020,REG,12,NYG,19,CIN,17,-2,36,0,-260,227,-6.5,-103,-107,45.0,-109,-102,0,0.3,21.3,27.0,0.33511820051293734,0.5723552754435108,1.3,-0.2,0.3,19.5,23.6,0.3613216440422323,0.6059478021978022,2.5,-0.4
2020,REG,12,LAC,17,BUF,27,10,44,0,189,-214,4.5,-107,-103,51.0,103,-114,1,0.7,27.2,26.5,0.4220309231532142,0.5845421245421244,2.7,0.3,0.3,26.0,27.3,0.42955933772110244,0.6340692640692641,1.7,-0.1
2020,REG,12,LV,6,ATL,43,37,49,0,-184,164,-3.5,-105,-105,53.0,-109,-102,1,0.3,25.2,27.5,0.36419317524580685,0.6524271561771562,1.7,0.1,0.6,28.6,27.6,0.4658188083845978,0.5586516179898533,1.1,-0.1
2020,REG,12,WAS,41,DAL,16,-25,57,0,122,-135,2.5,-104,-106,46.0,-105,-106,0,0.3,23.5,31.8,0.38323098470157296,0.5637280701754387,1.9,-1.2,0.3,20.0,22.7,0.3595232626850274,0.6364795661854485,3.2,-0.2
2020,REG,13,NYG,17,SEA,12,-5,29,0,413,-514,11.0,-114,104,48.5,-102,-110,0,0.7272727272727273,31.0,27.636363636363637,0.3353729603729603,0.5511948835478248,2.8181818181818183,0.18181818181818182,0.36363636363636365,19.454545454545453,23.0,0.36256513094748394,0.6169773408409772,2.4545454545454546,-0.18181818181818182
2020,REG,13,DET,34,CHI,30,-4,64,0,145,-161,3.0,-100,-110,44.0,-108,-104,0,0.45454545454545453,19.636363636363637,22.727272727272727,0.28097080429968124,0.6765977197584291,1.9090909090909092,-0.36363636363636365,0.36363636363636365,22.90909090909091,29.818181818181817,0.36493506493506495,0.5851341172196787,1.4545454545454546,-0.18181818181818182
2020,REG,13,DAL,17,BAL,34,17,51,0,326,-390,8.5,-103,-108,46.0,-108,-103,1,0.5454545454545454,25.636363636363637,19.454545454545453,0.40008835802531273,0.6768921867606078,2.4545454545454546,0.09090909090909091,0.2727272727272727,22.818181818181817,32.63636363636363,0.37636383224618525,0.5609649122807018,2.0,-1.1818181818181819
2020,REG,13,BUF,34,SF,24,-10,58,0,110,-122,1.5,-103,-107,48.0,-103,-108,0,0.45454545454545453,23.727272727272727,23.09090909090909,0.362047422274695,0.6744216567745979,1.8181818181818181,-0.18181818181818182,0.7272727272727273,27.181818181818183,25.636363636363637,0.4139675058968614,0.606268241562359,2.727272727272727,0.09090909090909091
2020,REG,13,WAS,23,PIT,17,-6,40,0,231,-265,5.5,-100,-110,43.5,-101,-110,0,1.0,28.818181818181817,17.09090909090909,0.40943744234625185,0.6594157476510417,3.727272727272727,1.2727272727272727,0.36363636363636365,21.90909090909091,22.09090909090909,0.3692635721379036,0.6415548503783798,3.272727272727273,-0.09090909090909091
2020,REG,13,DEN,16,KC,22,6,38,0,510,-660,13.0,-120,108,51.0,-101,-111,1,0.9090909090909091,31.636363636363637,21.636363636363637,0.43100371850371855,0.6444751252906333,1.8181818181818181,0.8181818181818182,0.36363636363636365,19.0,27.09090909090909,0.32339580354286235,0.6553257200316023,2.8181818181818183,-1.3636363636363635
2020,REG,13,NE,45,LAC,0,-45,45,0,117,-129,2.5,-109,-102,47.0,-112,100,0,0.2727272727272727,25.181818181818183,27.272727272727273,0.406551269586029,0.6370326643053916,1.8181818181818181,0.09090909090909091,0.45454545454545453,20.818181818181817,23.181818181818183,0.4054273712027722,0.6097054460690825,1.3636363636363635,-0.09090909090909091
2020,REG,13,PHI,16,GB,30,14,46,0,328,-393,8.0,-102,-108,50.0,-107,-104,1,0.7272727272727273,31.727272727272727,25.727272727272727,0.433255069351326,0.6358005630732905,2.1818181818181817,0.2727272727272727,0.2727272727272727,21.545454545454547,25.181818181818183,0.34287868993751347,0.6632102491904068,3.272727272727273,-1.0909090909090908
2020,REG,13,LA,38,ARI,28,-10,66,0,-144,130,-2.5,-114,103,49.0,-104,-107,0,0.5454545454545454,27.636363636363637,23.454545454545453,0.39001264629606874,0.647049192637428,2.5454545454545454,-0.09090909090909091,0.6363636363636364,23.90909090909091,19.545454545454547,0.4253702180172768,0.671986346986347,3.090909090909091,0.09090909090909091
2020,REG,13,CLE,41,TEN,35,-6,76,0,178,-200,4.0,-111,101,54.0,-107,-104,0,0.7272727272727273,29.454545454545453,25.90909090909091,0.39684658775567866,0.5299304410759519,1.2727272727272727,1.0,0.7272727272727273,24.09090909090909,26.0,0.37299232532486126,0.5723337268791814,2.4545454545454546,0.45454545454545453
2020,REG,13,LV,31,NYJ,28,-3,59,0,-349,295,-7.5,103,-113,48.0,104,-116,0,0.0,13.818181818181818,29.272727272727273,0.2879564879564879,0.6041653162642467,1.6363636363636365,0.0,0.5454545454545454,26.545454545454547,29.0,0.444450664965019,0.557865107263503,1.0909090909090908,-0.45454545454545453
2020,REG,13,JAX,24,MIN,27,3,51,1,365,-445,10.5,-118,107,51.0,103,-114,1,0.45454545454545453,26.545454545454547,27.727272727272727,0.3755141471719012,0.6744467653558561,1.7272727272727273,-0.7272727272727273,0.09090909090909091,20.636363636363637,29.545454545454547,0.38699078699078693,0.6206121567084134,1.0,-0.45454545454545453
2020,REG,13,CIN,7,MIA,19,12,26,0,397,-491,10.5,-115,105,43.0,-103,-109,1,0.6363636363636364,25.818181818181817,18.636363636363637,0.36534576534576535,0.680901540527209,2.272727272727273,0.5454545454545454,0.2727272727272727,20.90909090909091,26.272727272727273,0.32944629798696784,0.5771411594941007,1.1818181818181819,-0.36363636363636365
2020,REG,13,IND,26,HOU,20,-6,46,0,-176,157,-3.5,101,-112,50.0,-105,-106,0,0.36363636363636365,24.363636363636363,27.0,0.3808751854206399,0.5462571453002075,2.272727272727273,0.0,0.6363636363636364,27.454545454545453,23.0,0.3455777874438162,0.6360278211952853,2.090909090909091,0.45454545454545453
2020,REG,13,NO,21,ATL,16,-5,37,0,-141,127,-2.5,-113,102,46.0,-101,-110,0,0.36363636363636365,26.818181818181817,25.545454545454547,0.37199379567800617,0.6630456664547574,2.0,0.45454545454545453,0.8181818181818182,29.636363636363637,20.454545454545453,0.4384110319270747,0.6456014101137941,3.0,0.45454545454545453
2020,REG,14,DEN,32,CAR,27,-5,59,0,177,-199,4.0,-101,-109,46.0,-101,-110,0,0.3333333333333333,23.333333333333332,25.0,0.36160881602058076,0.5605005696917461,1.5,0.16666666666666666,0.3333333333333333,18.75,26.666666666666668,0.33811281991429043,0.6632152433623021,2.6666666666666665,-1.4166666666666667
2020,REG,14,HOU,7,CHI,36,29,43,0,-114,104,-1.0,-107,-103,46.0,101,-112,1,0.4166666666666667,20.5,23.666666666666668,0.28533434838581895,0.6678336240642743,1.9166666666666667,-0.3333333333333333,0.3333333333333333,24.0,26.916666666666668,0.37889749139749135,0.5632357165251902,2.3333333333333335,-0.16666666666666666
2020,REG,14,NE,3,LA,24,21,27,0,201,-228,5.0,-103,-107,43.5,-102,-110,1,0.6666666666666666,25.083333333333332,20.25,0.43679769984917044,0.6770985958485959,3.0,0.3333333333333333,0.5,22.833333333333332,21.25,0.4073560426501603,0.6098225848225849,1.5,0.08333333333333333
2020,REG,14,DAL,30,CIN,7,-23,37,0,-164,148,-3.0,-114,103,44.0,-106,-105,0,0.25,19.75,25.666666666666668,0.32122320905215646,0.6048036386271681,1.0833333333333333,-0.4166666666666667,0.25,22.333333333333332,32.75,0.37625017955900314,0.562828947368421,1.8333333333333333,-1.0833333333333333
2020,REG,14,TEN,31,JAX,10,-21,41,0,-364,307,-7.5,-106,-104,53.0,-112,101,0,0.08333333333333333,20.916666666666668,29.333333333333332,0.37696377696377686,0.6215260559300807,1.25,-0.5833333333333334,0.6666666666666666,29.916666666666668,27.166666666666668,0.3804427054427055,0.5228066080233263,1.1666666666666667,0.75
2020,REG,14,KC,33,MIA,27,-6,60,0,-330,281,-7.5,109,-121,51.5,-102,-109,0,0.6666666666666666,25.25,17.666666666666668,0.34247604247604246,0.688262309585839,2.5833333333333335,0.5833333333333334,0.9166666666666666,30.833333333333332,21.166666666666668,0.41592007529507535,0.6324355315164139,1.6666666666666667,0.9166666666666666
2020,REG,14,ARI,26,NYG,7,-19,33,0,-154,139,-3.0,-106,-104,47.0,-101,-111,0,0.4166666666666667,19.25,22.083333333333332,0.3515821392659628,0.6250863719613721,2.6666666666666665,-0.08333333333333333,0.5,27.666666666666668,24.666666666666668,0.3797338146602853,0.6295867599176423,2.4166666666666665,-0.3333333333333333
2020,REG,14,MIN,14,TB,26,12,40,0,271,-317,7.0,-106,-104,52.5,-116,104,1,0.5833333333333334,28.666666666666668,23.333333333333332,0.39053319365819356,0.6400180361577421,2.8333333333333335,0.3333333333333333,0.5,26.583333333333332,27.416666666666668,0.37492305596020764,0.6793539793539792,1.75,-0.5
2020,REG,14,IND,44,LV,27,-17,71,0,-130,118,-2.5,-104,-106,51.5,-103,-108,0,0.5833333333333334,26.916666666666668,28.916666666666668,0.4386631095512674,0.5484133853619148,1.25,-0.3333333333333333,0.6666666666666666,27.333333333333332,22.75,0.33761297182349814,0.6365969313337735,2.3333333333333335,0.5833333333333334
2020,REG,14,NYJ,3,SEA,40,37,43,0,734,-1032,16.5,-110,-100,49.5,105,-117,1,0.6666666666666666,29.416666666666668,26.75,0.3312347374847375,0.5693645406880701,2.75,0.08333333333333333,0.0,15.0,29.416666666666668,0.31025641025641026,0.6059015399088928,1.6666666666666667,-0.08333333333333333
2020,REG,14,GB,31,DET,24,-7,55,0,-345,292,-9.5,106,-117,55.5,-105,-106,0,0.4166666666666667,23.833333333333332,29.833333333333332,0.37023809523809526,0.591928496340261,1.5,-0.16666666666666666,0.75,31.583333333333332,24.916666666666668,0.43187270246093773,0.6439282939282941,2.5833333333333335,0.3333333333333333
2020,REG,14,ATL,17,LAC,20,3,37,0,107,-118,1.0,100,-110,49.0,-101,-111,1,0.25,23.083333333333332,28.75,0.405079404527934,0.6315656565656566,1.75,-0.08333333333333333,0.3333333333333333,25.916666666666668,25.166666666666668,0.3687720904826168,0.6560374749519488,2.0,0.4166666666666667
2020,REG,14,NO,21,PHI,24,3,45,0,-335,284,-7.5,-104,-106,43.0,-106,-105,1,0.25,21.083333333333332,25.583333333333332,0.3365276879982762,0.6565538395356506,3.1666666666666665,-1.0833333333333333,0.8333333333333334,28.916666666666668,20.083333333333332,0.4369644985647308,0.6473568481598668,3.0,0.4166666666666667
2020,REG,14,WAS,23,SF,15,-8,38,0,134,-149,3.0,-111,101,43.5,-104,-107,0,0.4166666666666667,23.75,24.0,0.37033834221334216,0.6712501550736844,1.75,-0.25,0.4166666666666667,22.0,21.666666666666668,0.35809945093033324,0.643647501735737,3.0,0.0
2020,REG,14,PIT,15,BUF,26,11,41,0,112,-124,2.0,-109,-102,48.5,-106,-105,1,0.75,27.75,25.5,0.40977324404181986,0.600617682970624,2.5,0.16666666666666666,0.9166666666666666,27.833333333333332,17.583333333333332,0.40309543326184194,0.6681899255428666,3.6666666666666665,1.0833333333333333
2020,REG,14,BAL,47,CLE,42,-5,89,0,-174,156,-3.0,-116,105,45.5,-100,-111,0,0.75,25.5,26.75,0.38820592784408575,0.5913059163059163,2.5,0.5833333333333334,0.5833333333333334,26.333333333333332,19.25,0.4014698837454256,0.6725678378638905,2.3333333333333335,0.08333333333333333
2020,REG,15,TB,31,ATL,27,-4,58,0,-258,225,-6.0,-104,-106,49.5,-103,-108,0,0.3076923076923077,25.23076923076923,24.76923076923077,0.39365944446916107,0.639226899955645,1.9230769230769231,0.23076923076923078,0.6153846153846154,28.46153846153846,22.615384615384617,0.3954572137264444,0.646341435085779,3.076923076923077,0.38461538461538464
2020,REG,15,JAX,14,BAL,40,26,54,0,564,-746,13.0,-118,107,49.5,-110,-101,1,0.6153846153846154,27.923076923076923,21.0,0.4090491234573159,0.6681691284424077,2.1538461538461537,0.15384615384615385,0.07692307692307693,20.076923076923077,29.46153846153846,0.37360758899220425,0.6249984106021258,1.2307692307692308,-0.5384615384615384
2020,REG,15,SF,33,DAL,41,8,74,0,-202,180,-4.0,-106,-104,46.0,-106,-105,1,0.3076923076923077,22.923076923076923,30.76923076923077,0.3768936568710325,0.5557335079780901,1.8461538461538463,-0.7692307692307693,0.38461538461538464,23.076923076923077,23.923076923076923,0.3599503249390127,0.6829639440499169,1.7692307692307692,-0.38461538461538464
2020,REG,15,HOU,20,IND,27,7,47,0,311,-370,7.5,-108,-102,52.5,-106,-105,1,0.6923076923076923,28.615384615384617,23.076923076923077,0.35010428168322905,0.6132689622568165,2.1538461538461537,0.7692307692307693,0.3076923076923077,22.692307692307693,27.615384615384617,0.3856489664181971,0.5737560460232525,2.3846153846153846,-0.15384615384615385
2020,REG,15,NE,12,MIA,22,10,34,0,-120,109,-1.5,-106,-104,40.0,100,-112,1,0.6153846153846154,25.384615384615383,18.846153846153847,0.349785577670193,0.6801908498741078,2.6153846153846154,0.7692307692307693,0.46153846153846156,21.307692307692307,21.46153846153846,0.39250447892981827,0.6233527156604081,1.4615384615384615,0.07692307692307693
2020,REG,15,CHI,33,MIN,27,-6,60,0,137,-152,2.5,111,-123,47.5,-111,-101,0,0.46153846153846156,25.615384615384617,27.307692307692307,0.36745034225386686,0.6690540229001767,1.6153846153846154,-0.5384615384615384,0.46153846153846156,21.692307692307693,22.384615384615383,0.28646247543306363,0.6574874478542019,2.3076923076923075,-0.3076923076923077
2020,REG,15,DET,25,TEN,46,21,71,0,325,-389,9.5,-113,102,54.5,-109,-103,1,0.6923076923076923,30.0,25.846153846153847,0.37681890758813835,0.5338727663805064,1.0769230769230769,0.6923076923076923,0.38461538461538464,23.846153846153847,29.923076923076923,0.37134404057480985,0.5759813338998859,1.3846153846153846,-0.15384615384615385
2020,REG,15,SEA,20,WAS,15,-5,35,0,-251,219,-6.0,-103,-107,44.5,-103,-108,0,0.46153846153846156,22.076923076923077,21.153846153846153,0.3441279999537918,0.6529596848601374,3.076923076923077,0.15384615384615385,0.6923076923076923,30.23076923076923,24.923076923076923,0.34125810087348546,0.5788217061972718,2.769230769230769,0.07692307692307693
2020,REG,15,PHI,26,ARI,33,7,59,0,226,-259,6.5,-114,103,49.5,-103,-108,1,0.5384615384615384,27.53846153846154,23.307692307692307,0.3788636021965386,0.640328606787883,2.8461538461538463,-0.07692307692307693,0.3076923076923077,21.307692307692307,25.23076923076923,0.3298717119984088,0.6533869761394171,3.3076923076923075,-0.9230769230769231
2020,REG,15,NYJ,23,LA,20,-3,43,0,957,-1601,17.5,-115,104,44.5,-102,-110,0,0.6923076923076923,25.0,18.923076923076923,0.4196813932673661,0.6854536489151875,3.230769230769231,0.3076923076923077,0.0,14.076923076923077,30.23076923076923,0.31005917159763313,0.6007138474898656,1.6153846153846154,-0.07692307692307693
2020,REG,15,KC,32,NO,29,-3,61,0,-137,124,-2.5,-113,102,53.5,101,-112,0,0.7692307692307693,28.307692307692307,20.384615384615383,0.4329376436455504,0.6552524752244924,2.769230769230769,0.3076923076923077,0.9230769230769231,31.0,21.615384615384617,0.4159775054005824,0.6270558752459204,1.8461538461538463,0.6153846153846154
2020,REG,15,CLE,20,NYG,6,-14,26,0,-271,235,-6.0,-108,-102,44.5,-100,-111,0,0.38461538461538464,18.307692307692307,22.384615384615383,0.34228883861236803,0.6255858008388373,2.5384615384615383,-0.3076923076923077,0.6923076923076923,26.76923076923077,28.307692307692307,0.38792973221110877,0.5842823842823843,2.6153846153846154,0.46153846153846156
2020,REG,15,PIT,17,CIN,27,10,44,0,-942,682,-14.5,-101,-109,40.5,-107,-104,1,0.23076923076923078,18.76923076923077,26.0,0.3372377133332123,0.6056175599162026,1.1538461538461537,-0.6153846153846154,0.8461538461538461,26.846153846153847,18.23076923076923,0.3797803999340079,0.6620395692793881,3.4615384615384617,1.0
2020,REG,15,LAC,30,LV,27,-3,57,1,156,-174,3.5,-123,111,52.0,-101,-110,0,0.5384615384615384,26.923076923076923,30.076923076923077,0.45620184471399045,0.5446892787956137,1.1538461538461537,-0.5384615384615384,0.3076923076923077,22.846153846153847,27.846153846153847,0.4171886811027083,0.6066523220369374,1.7692307692307692,0.07692307692307693
2020,REG,15,BUF,48,DEN,19,-29,67,0,-242,212,-5.5,-105,-105,49.0,-103,-108,0,0.38461538461538464,19.76923076923077,26.692307692307693,0.33518106453626806,0.6583525323344327,2.769230769230769,-1.3846153846153846,0.7692307692307693,27.615384615384617,24.692307692307693,0.4099264334141686,0.6236470919728837,2.3846153846153846,0.15384615384615385
2020,REG,15,CAR,16,GB,24,8,40,0,346,-419,9.5,-103,-107,53.0,-104,-107,1,0.7692307692307693,31.53846153846154,24.846153846153847,0.4459890034550668,0.6417326263480111,2.6923076923076925,0.3076923076923077,0.3076923076923077,23.615384615384617,25.53846153846154,0.36456198401899764,0.5712312951000734,1.4615384615384615,0.23076923076923078
2020,REG,16,DEN,16,LAC,19,3,35,0,113,-125,2.5,-111,100,47.5,-104,-108,1,0.35714285714285715,23.357142857142858,27.785714285714285,0.42585102805691044,0.6072760572760573,1.7142857142857142,0.14285714285714285,0.35714285714285715,19.714285714285715,28.214285714285715,0.34185180482449384,0.6368375555350345,2.642857142857143,-1.4285714285714286
2020,REG,16,SF,20,ARI,12,-8,32,0,242,-280,6.0,-108,-102,49.0,-104,-107,0,0.5714285714285714,27.928571428571427,23.5,0.3660876306110716,0.6422098967792246,3.0714285714285716,-0.2857142857142857,0.35714285714285715,23.785714285714285,25.142857142857142,0.3594496714769823,0.6770379480463513,1.7857142857142858,-0.5
2020,REG,16,MIN,33,NO,52,19,85,0,260,-302,6.5,-109,-102,49.0,-109,-102,1,0.7142857142857143,28.357142857142858,21.214285714285715,0.40850703273580324,0.6441630127084572,2.857142857142857,0.2857142857142857,0.42857142857142855,25.714285714285715,27.714285714285715,0.3650134130452573,0.6597259882974168,1.5714285714285714,-0.5
2020,REG,16,TB,47,DET,7,-40,54,0,-591,455,-12.0,101,-111,55.0,-107,-104,0,0.35714285714285715,23.928571428571427,31.071428571428573,0.3805337519623234,0.547826823036907,1.3571428571428572,-0.35714285714285715,0.6428571428571429,28.642857142857142,22.928571428571427,0.39578169846026984,0.6430313325796518,3.0714285714285716,0.35714285714285715
2020,REG,16,BUF,38,NE,9,-29,47,0,-313,268,-7.0,-102,-108,47.0,100,-112,0,0.42857142857142855,20.642857142857142,21.5,0.38034146059356144,0.6085894264465693,1.5,0.07142857142857142,0.7857142857142857,29.071428571428573,24.285714285714285,0.4265643412315239,0.6199171976482899,2.4285714285714284,0.2857142857142857
2020,REG,16,MIA,26,LV,25,-1,51,0,-125,113,-2.0,-104,-106,50.0,101,-112,0,0.5,26.928571428571427,30.071428571428573,0.45108852613551864,0.5387499347058171,1.1428571428571428,-0.5714285714285714,0.6428571428571429,25.142857142857142,18.357142857142858,0.36646756021756016,0.68716134472437,2.642857142857143,0.7142857142857143
2020,REG,16,NYG,13,BAL,27,14,40,0,348,-420,10.0,-116,105,43.5,-110,-101,1,0.6428571428571429,28.785714285714285,20.5,0.4206476554552627,0.6663611294720316,2.357142857142857,0.14285714285714285,0.35714285714285715,17.428571428571427,22.214285714285715,0.3503071683218742,0.6028791227569423,2.4285714285714284,-0.2857142857142857
2020,REG,16,CIN,37,HOU,31,-6,68,0,276,-324,7.5,-113,102,46.0,-105,-106,0,0.2857142857142857,22.5,27.571428571428573,0.3917160570521915,0.5652410037748384,2.2857142857142856,-0.2857142857142857,0.2857142857142857,19.357142857142858,25.357142857142858,0.33355746850328893,0.6169810115188267,1.1428571428571428,-0.35714285714285715
2020,REG,16,CHI,41,JAX,17,-24,58,0,-452,370,-9.5,-108,-103,47.0,-105,-106,0,0.07142857142857142,19.642857142857142,30.214285714285715,0.3724315367172509,0.6109679118856475,1.2142857142857142,-0.5,0.5,22.5,22.714285714285715,0.2989679030120206,0.6581431063408064,2.357142857142857,-0.2857142857142857
2020,REG,16,ATL,14,KC,17,3,31,0,409,-508,11.0,-110,-100,54.0,-106,-105,1,0.9285714285714286,31.071428571428573,22.142857142857142,0.42197911215768363,0.6472012348062767,1.7857142857142858,0.5714285714285714,0.2857142857142857,25.357142857142858,25.214285714285715,0.39411234129279243,0.6364249785302417,2.0,0.21428571428571427
2020,REG,16,CLE,16,NYJ,23,7,39,0,-303,260,-6.5,-114,103,45.0,-105,-106,1,0.07142857142857142,14.714285714285714,29.5,0.3173238526179703,0.6173295250501133,1.7142857142857142,0.0,0.7142857142857143,26.285714285714285,26.714285714285715,0.40967101507515047,0.581508967223253,2.5,0.42857142857142855
2020,REG,16,IND,24,PIT,28,4,52,0,-106,-104,-1.0,100,-111,43.0,-105,-106,1,0.7857142857142857,26.142857142857142,18.857142857142858,0.36945995119922587,0.66577143677984,3.357142857142857,0.7142857142857143,0.7142857142857143,28.5,22.857142857142858,0.36405787195260875,0.6072791624317498,2.357142857142857,0.8571428571428571
2020,REG,16,CAR,20,WAS,13,-7,33,0,-112,102,-1.0,-105,-105,41.0,102,-114,0,0.42857142857142855,21.571428571428573,21.071428571428573,0.36156423525121,0.6539387549891752,2.857142857142857,0.07142857142857142,0.2857142857142857,23.071428571428573,25.428571428571427,0.35893000556866106,0.5743851036918264,1.7142857142857142,0.14285714285714285
2020,REG,16,PHI,17,DAL,37,20,54,0,-166,149,-3.0,-115,104,50.0,-103,-108,1,0.35714285714285715,24.214285714285715,30.928571428571427,0.37854410995167304,0.5622567448031844,1.8571428571428572,-0.5714285714285714,0.2857142857142857,21.642857142857142,25.785714285714285,0.33011897066518914,0.6638593349866017,3.142857142857143,-0.6428571428571429
2020,REG,16,LA,9,SEA,20,11,29,0,115,-127,1.5,103,-114,48.0,-111,100,1,0.7142857142857143,29.5,24.214285714285715,0.34069204604918885,0.5668890633176348,2.857142857142857,0.14285714285714285,0.6428571428571429,24.642857142857142,19.214285714285715,0.4016089127958876,0.6785094807153632,3.142857142857143,0.21428571428571427
2020,REG,16,TEN,14,GB,40,26,54,0,159,-177,3.0,107,-118,52.5,-104,-107,1,0.7857142857142857,31.0,24.214285714285715,0.4416051735379467,0.6469149897721327,2.7142857142857144,0.35714285714285715,0.7142857142857143,31.142857142857142,25.785714285714285,0.4083448297734012,0.5314532830676131,1.0,0.8571428571428571
2020,REG,17,MIA,26,BUF,56,30,82,0,-153,138,-3.5,113,-125,42.5,102,-114,1,0.8,29.666666666666668,23.266666666666666,0.42590449626053345,0.6247432306255833,2.466666666666667,0.26666666666666666,0.6666666666666666,25.2,18.8,0.3642586117586117,0.7080172550760787,2.6666666666666665,0.7333333333333333
2020,REG,17,BAL,38,CIN,3,-35,41,0,-799,597,-13.5,106,-117,46.0,-109,-102,0,0.3333333333333333,20.533333333333335,25.733333333333334,0.3379869706030697,0.6128859811212752,1.1333333333333333,-0.26666666666666666,0.6666666666666666,28.666666666666668,20.0,0.4370489228693563,0.6834755157123578,2.6,0.06666666666666667
2020,REG,17,PIT,22,CLE,24,2,46,0,376,-460,10.5,-111,100,45.0,-112,101,1,0.6666666666666666,25.6,26.466666666666665,0.40458183629236266,0.5834824434824435,2.466666666666667,0.26666666666666666,0.8,26.266666666666666,19.2,0.3670515100081663,0.6624123153534917,3.466666666666667,0.8
2020,REG,17,MIN,37,DET,35,-2,72,0,-161,145,-3.0,-110,-100,54.0,-112,101,0,0.3333333333333333,22.8,32.13333333333333,0.36122544122544126,0.5574588809882927,1.4,-0.4666666666666667,0.4,26.2,29.333333333333332,0.3606791855089068,0.6453738853738853,1.4666666666666666,-0.3333333333333333
2020,REG,17,NYJ,14,NE,28,14,42,0,145,-161,3.0,-101,-110,41.0,-102,-109,1,0.4,19.866666666666667,22.6,0.3754981837334778,0.606905686905687,1.4,0.06666666666666667,0.13333333333333333,15.266666666666667,28.6,0.3220948550360315,0.6206186678245501,1.8666666666666667,0.13333333333333333
2020,REG,17,DAL,19,NYG,23,4,42,0,-121,109,-1.5,-106,-104,44.5,-109,-103,1,0.3333333333333333,17.133333333333333,22.533333333333335,0.332081562228621,0.5849094034620351,2.2666666666666666,-0.2,0.4,25.066666666666666,30.0,0.37997450262156157,0.5668782249742003,1.9333333333333333,-0.4
2020,REG,17,ATL,27,TB,44,17,71,0,276,-323,7.5,-123,111,51.0,-100,-111,1,0.6666666666666666,29.866666666666667,21.866666666666667,0.3899090724090723,0.6607686376804023,3.1333333333333333,0.4666666666666667,0.26666666666666666,24.6,24.666666666666668,0.39640961377803485,0.6368537894853684,1.8666666666666667,0.26666666666666666
2020,REG,17,NO,33,CAR,7,-26,40,0,-250,219,-6.0,100,-110,47.0,-108,-104,0,0.3333333333333333,22.866666666666667,24.6,0.36000133853075034,0.5735927634457046,1.8,0.13333333333333333,0.7333333333333333,29.933333333333334,22.0,0.4183102675904534,0.6478854785278934,2.8,0.13333333333333333
2020,REG,17,GB,35,CHI,16,-19,51,0,-207,184,-4.5,-103,-107,48.5,-112,100,0,0.5333333333333333,23.733333333333334,22.333333333333332,0.3123700428112192,0.6531557881403083,2.2666666666666666,-0.2,0.8,31.6,23.533333333333335,0.44179445826504654,0.6401509601509602,2.6666666666666665,0.4
2020,REG,17,LV,32,DEN,31,-1,63,0,-144,130,-2.5,-115,104,50.5,-103,-108,0,0.3333333333333333,19.466666666666665,27.6,0.3465126648950178,0.6467626708803179,2.6,-1.4666666666666666,0.4666666666666667,26.8,29.8,0.4210159577264841,0.5472777168365404,1.2666666666666666,-0.6
2020,REG,17,TEN,41,HOU,38,-3,79,0,-301,259,-7.0,101,-111,55.5,-113,101,0,0.26666666666666666,23.066666666666666,28.2,0.3952312828783417,0.5675582701898492,2.1333333333333333,-0.3333333333333333,0.6666666666666666,30.0,26.733333333333334,0.4114248714248714,0.5330601012334759,1.0,0.7333333333333333
2020,REG,17,JAX,14,IND,28,14,42,0,906,-1350,15.5,104,-115,48.0,-112,100,1,0.6666666666666666,28.2,23.2,0.36542837279679385,0.6112383293807443,2.2666666666666666,0.6666666666666666,0.06666666666666667,19.466666666666665,30.933333333333334,0.37538054538054527,0.603570051093271,1.2,-0.5333333333333333
2020,REG,17,LAC,38,KC,21,-17,59,0,-282,244,-7.0,106,-117,43.0,-103,-108,0,0.9333333333333333,30.133333333333333,21.6,0.4176566951566952,0.6421497239144297,1.9333333333333333,0.4666666666666667,0.4,23.066666666666666,27.0,0.4117466738054974,0.6060066730654966,1.7333333333333334,0.26666666666666666
2020,REG,17,ARI,7,LA,18,11,25,0,113,-125,1.0,105,-116,42.0,-107,-104,1,0.6,23.6,19.266666666666666,0.4048349852761618,0.670312552371376,3.2666666666666666,0.13333333333333333,0.5333333333333333,26.866666666666667,23.266666666666666,0.3557168762896317,0.6512477555124615,3.066666666666667,-0.3333333333333333
2020,REG,17,SEA,26,SF,23,-3,49,0,-310,266,-7.0,101,-112,45.0,-113,102,0,0.4,23.533333333333335,24.266666666666666,0.35030117485999834,0.6845336637906296,1.8666666666666667,-0.4,0.7333333333333333,28.866666666666667,23.2,0.3476088726088726,0.5657631257631258,2.8666666666666667,0.2
2020,REG,17,WAS,20,PHI,14,-6,34,0,-283,245,-6.5,-109,-101,43.5,101,-112,0,0.26666666666666666,21.333333333333332,26.533333333333335,0.3326724427962818,0.6596020459874948,3.066666666666667,-0.7333333333333333,0.4,21.0,21.0,0.366626619567796,0.6520095046565635,2.933333333333333,0.06666666666666667
2021,REG,1,CHI,14,LA,34,20,48,0,324,-387,9.5,-108,-102,46.0,-107,-104,1,,,,,,,,,,,,,,
2021,REG,1,PIT,23,BUF,16,-7,39,0,232,-267,6.5,-110,-100,48.0,-114,103,0,,,,,,,,,,,,,,
2021,REG,1,PHI,32,ATL,6,-26,38,0,161,-180,3.5,-109,-101,49.0,-108,-103,0,,,,,,,,,,,,,,
2021,REG,1,DAL,29,TB,31,2,60,0,351,-425,10.0,-121,110,52.5,-108,-103,1,,,,,,,,,,,,,,
2021,REG,1,SEA,28,IND,16,-12,44,0,-146,132,-3.0,106,-117,49.0,-105,-106,0,,,,,,,,,,,,,,
2021,REG,1,BAL,27,LV,33,6,60,1,-167,149,-3.0,-116,105,50.5,-111,-100,1,,,,,,,,,,,,,,
2021,REG,1,NYJ,14,CAR,19,5,33,0,164,-184,3.5,-108,-102,44.5,-107,-104,1,,,,,,,,,,,,,,
2021,REG,1,DEN,27,NYG,13,-14,40,0,-139,125,-3.0,109,-120,41.5,-105,-106,0,,,,,,,,,,,,,,
2021,REG,1,GB,3,NO,38,35,41,0,-181,162,-4.0,103,-114,49.0,-110,-102,1,,,,,,,,,,,,,,
2021,REG,1,MIA,17,NE,16,-1,33,0,155,-173,3.5,-113,102,43.5,-114,103,0,,,,,,,,,,,,,,
2021,REG,1,CLE,29,KC,33,4,62,0,211,-241,5.5,-101,-110,54.5,-107,-105,1,,,,,,,,,,,,,,
2021,REG,1,LAC,20,WAS,16,-4,36,0,117,-129,2.5,-109,-101,45.5,-115,103,0,,,,,,,,,,,,,,
2021,REG,1,ARI,38,TEN,13,-25,51,0,131,-146,2.5,105,-116,54.0,-103,-108,0,,,,,,,,,,,,,,
2021,REG,1,MIN,24,CIN,27,3,51,1,-135,122,-3.0,109,-120,47.0,102,-114,1,,,,,,,,,,,,,,
2021,REG,1,SF,41,DET,33,-8,74,0,-415,344,-9.5,-105,-105,46.0,-103,-108,0,,,,,,,,,,,,,,
2021,REG,1,JAX,21,HOU,37,16,58,0,-172,154,-3.5,103,-113,45.5,-107,-104,1,,,,,,,,,,,,,,
2021,REG,2,NYG,29,WAS,30,1,59,0,176,-198,4.0,-103,-107,42.0,-112,100,1,0.0,16.0,20.0,0.25,0.33333333333333337,2.0,1.0,0.0,13.0,27.0,0.42857142857142855,0.5333333333333333,2.0,0.0
2021,REG,2,NO,7,CAR,26,19,33,0,-145,131,-3.0,102,-113,45.0,-106,-105,1,1.0,19.0,14.0,0.2857142857142857,0.7142857142857143,6.0,0.0,1.0,38.0,3.0,0.4166666666666667,0.9166666666666666,2.0,3.0
2021,REG,2,CIN,17,CHI,20,3,37,0,114,-126,2.0,-105,-105,44.5,-107,-104,1,0.0,14.0,34.0,0.4166666666666667,0.5384615384615384,1.0,-2.0,1.0,27.0,24.0,0.2,0.6470588235294117,3.0,1.0
2021,REG,2,HOU,21,CLE,31,10,52,0,521,-675,13.5,-103,-107,48.5,103,-115,1,0.0,29.0,33.0,0.25,0.4375,2.0,-2.0,1.0,37.0,21.0,0.5714285714285714,0.7692307692307692,1.0,3.0
2021,REG,2,LA,27,IND,24,-3,51,0,-205,182,-4.0,-110,-100,48.0,-115,103,0,0.0,16.0,28.0,0.3125,0.6,3.0,0.0,1.0,34.0,14.0,0.46153846153846156,0.5833333333333333,3.0,2.0
2021,REG,2,DEN,23,JAX,13,-10,36,0,-241,211,-6.0,104,-115,45.0,-107,-104,0,0.0,21.0,37.0,0.23076923076923078,0.4285714285714286,1.0,-3.0,1.0,27.0,13.0,0.4666666666666667,0.5714285714285714,2.0,0.0
2021,REG,2,BUF,35,MIA,0,-35,35,0,-179,160,-3.5,103,-113,48.0,-103,-109,0,1.0,17.0,16.0,0.3333333333333333,0.3529411764705882,1.0,1.0,0.0,16.0,23.0,0.4444444444444444,0.7142857142857143,2.0,-1.0
2021,REG,2,NE,25,NYJ,6,-19,31,0,-235,207,-5.5,-105,-105,43.0,102,-113,0,0.0,14.0,19.0,0.2857142857142857,0.7142857142857143,1.0,0.0,0.0,16.0,17.0,0.6470588235294118,0.6666666666666667,2.0,-1.0
2021,REG,2,SF,17,PHI,11,-6,28,0,-144,130,-3.0,104,-115,49.0,-109,-102,0,1.0,32.0,6.0,0.46153846153846156,0.8125,3.0,0.0,1.0,41.0,33.0,0.3333333333333333,0.75,3.0,-1.0
2021,REG,2,LV,26,PIT,17,-9,43,0,201,-228,5.5,-109,-102,46.5,104,-116,0,1.0,23.0,16.0,0.2857142857142857,0.5555555555555556,3.0,1.0,1.0,33.0,27.0,0.3333333333333333,0.75,3.0,1.0
2021,REG,2,MIN,33,ARI,34,1,67,0,170,-191,4.0,-111,101,51.0,-111,-101,1,1.0,38.0,13.0,0.5,0.6428571428571428,6.0,2.0,0.0,24.0,27.0,0.35294117647058826,0.8,5.0,-1.0
2021,REG,2,ATL,25,TB,48,23,73,0,582,-772,13.5,-108,-102,52.0,-103,-108,1,1.0,31.0,29.0,0.45454545454545453,0.5714285714285714,1.0,-3.0,0.0,6.0,32.0,0.1875,0.5384615384615384,1.0,0.0
2021,REG,2,DAL,20,LAC,17,-3,37,0,135,-150,3.0,-109,-101,55.0,-101,-110,0,1.0,20.0,16.0,0.6666666666666666,0.75,1.0,-1.0,0.0,29.0,31.0,0.42857142857142855,0.5454545454545454,0.0,3.0
2021,REG,2,TEN,33,SEA,30,-3,63,1,247,-286,6.5,-100,-110,53.5,-102,-109,0,1.0,28.0,16.0,0.4,0.6875,3.0,0.0,0.0,13.0,38.0,0.35714285714285715,0.5,2.0,-2.0
2021,REG,2,KC,35,BAL,36,1,71,0,-171,153,-3.5,107,-118,53.5,-110,-101,1,0.0,27.0,33.0,0.25,0.6666666666666667,3.0,-1.0,1.0,33.0,29.0,0.5625,0.75,2.0,2.0
2021,REG,2,DET,17,GB,35,18,52,0,400,-494,11.5,-112,102,49.5,-101,-110,1,0.0,3.0,38.0,0.08333333333333333,0.5833333333333333,0.0,-3.0,0.0,33.0,41.0,0.25,0.6666666666666667,1.0,1.0
2021,REG,3,WAS,21,BUF,43,22,64,0,281,-330,7.5,-114,103,45.5,-105,-106,1,0.5,25.5,11.5,0.49145299145299143,0.6571428571428571,4.0,-1.0,0.5,23.0,24.5,0.2583333333333333,0.5490196078431373,3.0,0.0
2021,REG,3,BAL,19,DET,17,-2,36,0,-344,292,-7.5,-100,-110,51.0,-105,-106,0,0.0,25.0,38.0,0.3472222222222222,0.5833333333333334,2.0,-0.5,0.5,31.5,34.0,0.375,0.75,1.5,-0.5
2021,REG,3,ARI,31,JAX,19,-12,50,0,-360,304,-8.0,-101,-110,51.5,-104,-107,0,0.0,17.0,30.0,0.2403846153846154,0.6309523809523809,2.0,-2.5,1.0,36.0,23.0,0.38636363636363635,0.7305194805194805,3.5,0.0
2021,REG,3,LAC,30,KC,24,-6,54,0,237,-273,6.5,-100,-110,55.0,-108,-103,0,0.5,34.0,32.5,0.3645833333333333,0.625,1.5,1.0,0.5,18.5,18.0,0.5256410256410257,0.625,1.5,-1.0
2021,REG,3,NO,28,NE,13,-15,41,0,130,-144,3.0,-117,106,44.0,-114,102,0,0.5,20.5,11.5,0.4485294117647059,0.6410256410256411,3.0,1.5,0.5,22.5,14.5,0.28525641025641024,0.6916666666666667,2.0,1.0
2021,REG,3,ATL,17,NYG,14,-3,31,0,129,-143,3.0,-115,105,48.0,-110,-101,0,0.0,21.0,28.5,0.3319327731092437,0.6333333333333333,1.5,0.5,0.0,15.5,40.0,0.28125,0.6025641025641026,2.0,-1.0
2021,REG,3,CIN,24,PIT,10,-14,34,0,126,-140,2.5,103,-114,42.5,-112,101,0,0.5,20.0,21.0,0.35119047619047616,0.6215277777777778,2.5,0.0,0.5,22.0,22.0,0.3307692307692308,0.6656346749226005,3.0,-1.0
2021,REG,3,IND,16,TEN,25,9,41,0,175,-196,4.5,-113,103,47.0,-104,-107,1,0.5,23.0,34.0,0.3660714285714286,0.5833333333333334,2.5,-1.5,0.0,20.0,27.5,0.3485576923076923,0.6333333333333333,2.0,0.0
2021,REG,3,NYJ,0,DEN,26,26,26,0,470,-597,10.5,-109,-101,42.0,-107,-104,1,1.0,25.0,13.0,0.31666666666666665,0.6607142857142857,1.5,1.0,0.0,10.0,22.0,0.3351648351648352,0.7321428571428572,2.0,-2.0
2021,REG,3,MIA,28,LV,31,3,59,1,173,-194,4.0,-107,-103,45.0,-100,-111,1,1.0,29.5,22.0,0.32291666666666663,0.6666666666666666,2.5,1.0,0.5,8.5,25.5,0.3666666666666667,0.4072398190045249,1.0,1.0
2021,REG,3,TB,24,LA,34,10,58,0,-106,-104,-1.0,100,-110,55.0,-102,-109,1,1.0,30.5,19.0,0.39743589743589747,0.5993589743589743,3.0,1.0,1.0,39.5,27.0,0.3939393939393939,0.5982142857142857,1.0,-0.5
2021,REG,3,SEA,17,MIN,30,13,47,0,-120,109,-2.0,-101,-109,53.5,-104,-107,1,0.0,28.5,30.5,0.26737967914438504,0.7636363636363637,4.0,0.5,0.5,29.0,24.5,0.3666666666666667,0.65625,3.0,0.5
2021,REG,3,GB,30,SF,28,-2,58,0,160,-179,3.5,-113,103,50.5,-103,-108,0,1.0,29.0,22.0,0.3666666666666667,0.6826923076923077,2.5,-0.5,0.5,19.0,27.5,0.2916666666666667,0.5694444444444444,0.5,-0.5
2021,REG,3,CAR,24,HOU,9,-15,33,0,-420,348,-8.0,-115,104,43.0,-101,-110,0,0.5,29.0,26.0,0.5357142857142857,0.6623931623931624,1.5,2.5,1.0,22.5,10.5,0.4095238095238095,0.7802197802197802,5.0,0.5
2021,REG,3,PHI,21,DAL,41,20,62,0,168,-189,3.5,-103,-107,51.5,-110,-101,1,0.5,24.5,24.0,0.4642857142857143,0.5804195804195804,1.0,2.0,0.5,21.5,11.5,0.42307692307692313,0.70625,1.5,0.0
2021,REG,3,CHI,6,CLE,26,20,32,0,315,-375,7.5,-102,-108,45.0,-106,-105,1,0.5,30.0,27.0,0.3472222222222222,0.46875,1.5,-2.0,0.5,17.0,25.5,0.36622807017543857,0.5384615384615384,3.0,0.5
2021,REG,4,HOU,0,BUF,40,40,40,0,988,-1500,19.0,-108,-102,47.5,-106,-105,1,0.6666666666666666,31.333333333333332,14.666666666666666,0.5041059158706217,0.7158730158730159,3.0,0.3333333333333333,0.3333333333333333,22.333333333333332,25.333333333333332,0.3874458874458874,0.636039886039886,2.0,1.6666666666666667
2021,REG,4,JAX,21,CIN,24,3,45,0,313,-373,7.5,105,-116,46.0,101,-113,1,0.6666666666666666,22.666666666666668,18.0,0.32051282051282054,0.6520897832817337,3.3333333333333335,-0.3333333333333333,0.0,17.666666666666668,30.333333333333332,0.21581196581196582,0.7236652236652237,1.3333333333333333,-2.6666666666666665
2021,REG,4,WAS,34,ATL,30,-4,64,0,-117,106,-1.0,-111,100,47.5,-114,102,0,0.3333333333333333,16.0,31.333333333333332,0.2986111111111111,0.5977878330819508,2.0,-0.6666666666666666,0.3333333333333333,22.333333333333332,30.666666666666668,0.22777777777777775,0.5228758169934641,2.0,-1.0
2021,REG,4,DET,14,CHI,24,10,38,0,134,-148,3.0,-109,-101,42.0,-110,-101,1,0.3333333333333333,13.333333333333334,25.666666666666668,0.2679615705931495,0.5441595441595442,3.6666666666666665,0.3333333333333333,0.0,22.333333333333332,31.666666666666668,0.3314814814814815,0.6919191919191919,2.6666666666666665,0.0
2021,REG,4,CAR,28,DAL,36,8,64,0,186,-210,4.5,-106,-104,51.5,-114,102,1,0.6666666666666666,30.0,23.0,0.4523809523809524,0.6177156177156177,1.3333333333333333,1.6666666666666667,1.0,23.0,10.0,0.41190476190476194,0.8231768231768232,4.666666666666667,0.3333333333333333
2021,REG,4,IND,27,MIA,17,-10,44,0,130,-144,2.5,102,-113,41.5,-104,-107,0,0.3333333333333333,15.0,27.333333333333332,0.34970760233918136,0.4270487682252388,1.6666666666666667,1.0,0.0,18.666666666666668,26.666666666666668,0.3157051282051282,0.6017094017094017,1.6666666666666667,1.0
2021,REG,4,CLE,14,MIN,7,-7,21,0,-105,-106,-1.0,102,-113,52.0,102,-114,0,0.3333333333333333,29.0,26.0,0.37825311942959,0.7174242424242424,3.3333333333333335,0.3333333333333333,0.6666666666666666,28.666666666666668,20.0,0.3796296296296296,0.6220238095238095,4.0,-1.3333333333333333
2021,REG,4,NYG,27,NO,21,-6,48,1,286,-337,7.5,-118,107,43.0,103,-115,0,0.6666666666666666,24.333333333333332,14.0,0.34401709401709396,0.6716374269005847,2.0,1.6666666666666667,0.0,18.666666666666668,24.666666666666668,0.3585434173669468,0.6444444444444445,2.0,0.3333333333333333
2021,REG,4,TEN,24,NYJ,27,3,51,1,-234,206,-5.5,-104,-106,44.5,-106,-105,1,0.0,6.666666666666667,23.333333333333332,0.326007326007326,0.7261904761904763,2.0,-1.6666666666666667,0.6666666666666666,23.666666666666668,28.0,0.397893772893773,0.638888888888889,2.3333333333333335,-2.0
2021,REG,4,KC,42,PHI,30,-12,72,0,-349,296,-7.5,101,-112,53.5,-105,-106,0,0.3333333333333333,21.333333333333332,21.333333333333332,0.38461538461538464,0.6613095238095238,2.3333333333333335,-0.3333333333333333,0.3333333333333333,30.666666666666668,31.666666666666668,0.44305555555555554,0.638888888888889,1.3333333333333333,-0.6666666666666666
2021,REG,4,ARI,37,LA,20,-17,57,0,178,-200,3.5,100,-111,53.5,-101,-110,0,1.0,31.666666666666668,20.666666666666668,0.4871794871794872,0.6079059829059829,3.0,0.6666666666666666,1.0,34.333333333333336,21.666666666666668,0.2878787878787879,0.7647907647907647,3.3333333333333335,1.0
2021,REG,4,SEA,28,SF,21,-7,49,0,120,-133,2.5,-103,-107,52.0,-108,-103,0,0.6666666666666666,28.666666666666668,24.666666666666668,0.4239316239316239,0.6694139194139194,2.0,-1.0,0.3333333333333333,25.0,26.333333333333332,0.36944444444444446,0.5708333333333333,2.3333333333333335,0.3333333333333333
2021,REG,4,BAL,23,DEN,7,-16,30,0,107,-118,1.0,101,-111,44.0,-106,-105,0,1.0,25.333333333333332,8.666666666666666,0.3063492063492063,0.6712454212454212,2.6666666666666665,1.0,0.6666666666666666,27.333333333333332,28.333333333333332,0.28030303030303033,0.7333333333333334,1.6666666666666667,-0.6666666666666666
2021,REG,4,PIT,17,GB,27,10,44,0,239,-276,6.5,-104,-106,45.0,-103,-108,1,0.6666666666666666,22.666666666666668,27.666666666666668,0.3134920634920635,0.5334757834757835,1.6666666666666667,0.3333333333333333,0.3333333333333333,16.666666666666668,22.0,0.35912698412698413,0.6476851851851851,1.6666666666666667,-0.3333333333333333
2021,REG,4,TB,19,NE,17,-2,36,0,-255,223,-6.0,-105,-105,49.5,-110,-101,0,0.3333333333333333,18.0,17.0,0.4218266253869969,0.6068376068376069,3.0,0.0,0.6666666666666666,34.333333333333336,29.333333333333332,0.3876262626262626,0.5099206349206349,1.0,-0.3333333333333333
2021,REG,4,LV,14,LAC,28,14,42,0,144,-161,3.0,-101,-109,52.0,-108,-103,1,0.6666666666666666,22.333333333333332,20.0,0.4615384615384615,0.5499999999999999,1.6666666666666667,0.6666666666666666,1.0,30.0,24.0,0.39305555555555555,0.672514619883041,2.3333333333333335,0.3333333333333333
2021,REG,5,PHI,21,CAR,18,-3,39,0,126,-139,2.5,104,-114,46.0,-106,-105,0,0.75,24.25,16.5,0.38035714285714284,0.7840492840492841,3.5,-0.25,0.25,23.5,26.5,0.4134615384615385,0.5959821428571429,2.0,0.0
2021,REG,5,NE,25,HOU,22,-3,47,0,-339,288,-8.0,102,-112,39.5,-112,101,0,0.25,16.75,29.0,0.3155844155844156,0.6308760683760684,1.75,0.25,0.25,17.75,17.5,0.36636996904024766,0.5979853479853481,2.5,-0.5
2021,REG,5,TEN,37,JAX,19,-18,56,0,-191,170,-4.0,-100,-110,49.0,-102,-109,0,0.0,18.5,28.75,0.28685897435897434,0.6791125541125541,1.25,-2.0,0.5,23.75,27.75,0.35523851148851154,0.6220238095238095,2.0,-1.25
2021,REG,5,DET,17,MIN,19,2,36,0,346,-418,10.0,-110,-100,49.5,102,-113,1,0.25,23.5,23.0,0.349479313256403,0.6959629186602871,3.25,0.0,0.0,20.25,29.75,0.31527777777777777,0.7411616161616161,2.25,-0.25
2021,REG,5,DEN,19,PIT,27,8,46,0,-124,113,-2.0,-106,-104,40.0,101,-113,1,0.25,16.75,23.25,0.3526785714285714,0.5857638888888889,2.0,-0.5,0.75,20.75,12.25,0.2766369047619047,0.6613288027761712,2.75,0.5
2021,REG,5,MIA,17,TB,45,28,62,0,448,-564,11.0,-100,-110,48.0,-104,-107,1,0.75,30.5,26.25,0.3978625541125541,0.5824404761904762,1.75,0.25,0.25,15.5,27.25,0.324780701754386,0.482051282051282,1.75,0.5
2021,REG,5,NYJ,20,ATL,27,7,47,0,138,-153,3.0,-107,-103,45.5,102,-113,1,0.25,19.5,32.0,0.37101715686274506,0.5872297637003521,1.75,-0.5,0.25,11.75,23.5,0.3516483516483517,0.7378246753246753,3.25,-1.5
2021,REG,5,LA,26,SEA,17,-9,43,0,-135,122,-2.5,-116,105,53.5,-106,-105,0,0.5,25.75,25.0,0.3155448717948718,0.6424107142857143,2.25,0.75,0.75,28.75,24.75,0.5017482517482518,0.5725961538461538,3.0,0.0
2021,REG,5,GB,25,CIN,22,-3,47,1,-123,111,-2.0,-104,-106,50.0,-108,-104,0,0.75,23.0,18.75,0.35402097902097907,0.6140673374613003,2.75,-0.25,0.75,23.75,25.0,0.3851190476190476,0.5667735042735043,1.75,0.5
2021,REG,5,NO,33,WAS,22,-11,55,0,-130,117,-2.5,-106,-104,43.5,-101,-110,0,0.5,25.25,30.5,0.28194444444444444,0.4950980392156863,1.75,-0.75,0.5,23.5,17.25,0.40086996336996333,0.6628189792663476,1.5,1.25
2021,REG,5,CLE,42,LAC,47,5,89,0,117,-129,2.5,-106,-104,46.5,102,-114,1,0.75,23.75,18.5,0.41758241758241754,0.585576923076923,2.25,0.75,0.75,25.0,16.75,0.37682748538011696,0.6507283834586466,3.5,-0.75
2021,REG,5,CHI,20,LV,9,-11,29,0,215,-245,5.5,-102,-108,46.0,-111,-101,0,0.75,26.0,25.0,0.3717147435897436,0.6829573934837093,2.25,0.0,0.5,16.0,22.75,0.22874895572263992,0.5914529914529915,3.75,0.5
2021,REG,5,SF,10,ARI,17,7,27,0,231,-266,6.0,-110,-100,48.5,-105,-106,1,1.0,35.0,21.25,0.34924242424242424,0.6872294372294372,2.5,1.25,0.5,26.75,25.5,0.35366300366300363,0.7135989010989011,2.25,-1.25
2021,REG,5,NYG,20,DAL,44,24,64,0,285,-335,7.5,-112,102,53.0,104,-116,1,0.75,31.5,24.25,0.4226190476190476,0.6418581418581418,2.25,1.75,0.25,20.75,23.75,0.35981665393430096,0.5904761904761905,1.5,0.25
2021,REG,5,BUF,38,KC,20,-18,58,0,121,-134,2.5,-101,-109,57.0,103,-114,0,0.5,33.5,31.25,0.4822916666666667,0.6041666666666667,1.75,-0.75,0.75,33.5,11.0,0.47423328305681245,0.7619047619047619,3.0,1.25
2021,REG,5,IND,25,BAL,31,6,56,1,301,-356,7.5,-105,-105,46.5,-103,-108,1,0.75,26.25,23.0,0.30233253588516745,0.753125,2.5,-0.25,0.25,20.75,24.25,0.3250141402714932,0.6387820512820512,2.0,1.0
2021,REG,6,KC,31,WAS,13,-18,44,0,-255,223,-6.0,-105,-105,54.0,-106,-105,0,0.4,24.6,31.0,0.28805555555555556,0.5233511586452763,1.8,-0.6,0.4,30.8,32.6,0.444656862745098,0.611904761904762,1.4,-1.4
2021,REG,6,LV,34,DEN,24,-10,58,0,182,-205,5.0,-111,101,45.5,-111,-100,0,0.6,20.4,15.2,0.2520787545787545,0.6213707345286293,2.4,0.4,0.6,22.6,24.0,0.3561953242835596,0.6606516290726818,2.2,-0.2
2021,REG,6,TB,28,PHI,22,-6,50,0,-274,238,-7.0,103,-114,53.0,-107,-104,0,0.4,23.0,24.8,0.387912087912088,0.6142857142857143,2.2,0.2,0.8,33.4,24.4,0.4516233766233766,0.615952380952381,2.0,0.6
2021,REG,6,MIA,20,JAX,23,3,43,0,-122,110,-2.5,104,-115,47.5,-107,-105,1,0.0,18.6,30.4,0.284032634032634,0.6663669663669664,1.6,-2.0,0.2,15.8,30.8,0.3098245614035088,0.4523076923076923,1.8,0.0
2021,REG,6,LAC,6,BAL,34,28,40,0,149,-166,3.0,106,-116,50.5,105,-117,1,0.8,27.2,23.4,0.3085326953748006,0.7025,2.4,-0.2,0.8,28.4,23.2,0.40906593406593406,0.6069230769230769,2.0,0.4
2021,REG,6,MIN,34,CAR,28,-6,62,1,-134,121,-2.5,-110,-100,45.5,-110,-101,0,0.6,23.0,17.4,0.36678571428571427,0.7700965700965702,3.2,-0.4,0.4,22.6,21.8,0.35101202203369386,0.7106164887743835,3.4,0.0
2021,REG,6,GB,24,CHI,14,-10,38,0,-228,201,-5.5,-106,-104,44.0,-105,-106,0,0.6,16.8,20.0,0.2687134502923977,0.6143388637506284,3.6,0.6,0.8,24.0,24.4,0.36963369963369963,0.5819902319902319,2.0,0.6
2021,REG,6,CIN,34,DET,11,-23,45,0,-192,171,-3.5,-110,-100,46.5,-110,-101,0,0.0,19.6,27.6,0.2983760683760684,0.7215007215007214,2.2,-0.2,0.6,22.8,20.0,0.3546453546453547,0.6297154084305786,2.6,-0.4
2021,REG,6,HOU,3,IND,31,28,34,0,363,-442,10.5,-117,106,43.5,-111,-100,1,0.2,21.6,25.6,0.36001131221719457,0.6443589743589744,2.0,0.8,0.2,17.8,28.2,0.32746753246753246,0.6047008547008547,1.6,0.4
2021,REG,6,LA,38,NYG,11,-27,49,0,-328,280,-7.5,107,-118,49.5,-113,101,0,0.2,20.6,27.8,0.3449961802902979,0.5723809523809524,1.6,0.2,0.8,28.2,23.2,0.43776223776223777,0.5853496503496503,2.8,0.2
2021,REG,6,DAL,35,NE,29,-6,64,1,-189,169,-3.5,-108,-102,50.5,-106,-105,0,0.4,19.2,18.4,0.39309597523219814,0.6033882783882785,2.6,-0.6,0.8,34.0,23.4,0.43809523809523815,0.6563436563436563,1.8,1.4
2021,REG,6,SEA,20,PIT,23,3,43,1,189,-213,5.5,-104,-106,43.0,-104,-107,1,0.4,18.8,22.4,0.3898351648351648,0.6378418803418804,2.0,-0.4,0.4,24.0,25.2,0.3251631701631702,0.6775649350649351,2.0,0.4
2021,REG,6,BUF,31,TEN,34,3,65,0,-239,210,-6.0,-102,-108,53.5,-113,101,1,0.6,26.4,26.0,0.3611138861138862,0.6430735930735931,2.0,-0.6,0.8,34.4,12.8,0.4508151978740214,0.7507002801120448,2.8,1.8
2021,REG,6,ARI,37,CLE,14,-23,51,0,129,-143,3.0,-117,106,48.0,102,-114,0,0.6,28.4,22.8,0.3630004498425551,0.6455827067669173,3.2,-0.4,1.0,31.4,19.0,0.3393939393939394,0.6997835497835497,2.4,1.0
2021,REG,7,DEN,14,CLE,17,3,31,0,110,-121,2.0,-107,-103,40.5,-106,-105,1,0.5,26.0,25.166666666666668,0.34795492032334135,0.6213189223057644,3.0,-0.8333333333333334,0.5,21.0,18.333333333333332,0.2656211843711843,0.6289200565516356,2.3333333333333335,-0.3333333333333333
2021,REG,7,CIN,41,BAL,17,-24,58,0,236,-272,6.5,-109,-101,45.5,-102,-109,0,0.8333333333333334,28.333333333333332,20.5,0.3480196703880914,0.7163690476190476,2.3333333333333335,-0.3333333333333333,0.6666666666666666,24.666666666666668,18.5,0.3657132341342868,0.6319056975016727,2.3333333333333335,-0.3333333333333333
2021,REG,7,WAS,10,GB,24,14,34,0,331,-397,8.5,-105,-105,48.0,-117,105,1,0.8333333333333334,24.0,22.666666666666668,0.3413614163614163,0.5961029711029711,2.3333333333333335,0.6666666666666666,0.3333333333333333,22.666666666666668,31.0,0.32337962962962963,0.5063014041342214,2.0,-0.3333333333333333
2021,REG,7,ATL,30,MIA,28,-2,58,0,-129,117,-1.5,-113,103,48.5,-113,101,0,0.16666666666666666,16.5,29.5,0.34152046783625734,0.5051282051282051,1.8333333333333333,0.0,0.4,21.0,29.6,0.4026960784313725,0.5864504776269482,1.8,-0.6
2021,REG,7,NYJ,13,NE,54,41,67,0,261,-303,7.0,-108,-102,43.0,-112,100,1,0.3333333333333333,20.833333333333332,21.166666666666668,0.38313553491572067,0.6310286935286936,2.1666666666666665,-0.5,0.2,13.4,24.2,0.3646520146520147,0.6843773873185638,2.6,-1.0
2021,REG,7,CAR,3,NYG,25,22,28,0,-154,139,-3.0,-103,-107,42.5,-105,-106,1,0.16666666666666666,19.0,29.5,0.32671250318309136,0.6158730158730159,1.6666666666666667,-0.16666666666666666,0.5,23.833333333333332,20.166666666666668,0.32648809523809524,0.7397863574334163,2.6666666666666665,-0.6666666666666666
2021,REG,7,KC,3,TEN,27,24,30,0,-209,185,-4.0,-110,-100,57.5,-111,-101,1,0.6666666666666666,27.666666666666668,26.833333333333332,0.36759490509490517,0.629644660894661,2.1666666666666665,-0.5,0.5,30.833333333333332,29.333333333333332,0.46703861369109045,0.5932539682539683,1.1666666666666667,-1.3333333333333333
2021,REG,7,DET,19,LA,28,9,47,0,860,-1256,17.0,-116,105,51.0,-110,-101,1,0.8333333333333334,29.833333333333332,21.166666666666668,0.39257964257964256,0.6152423556835321,3.0,0.5,0.0,18.166666666666668,28.666666666666668,0.30817053317053317,0.6977418293207767,2.1666666666666665,-0.16666666666666666
2021,REG,7,NO,13,SEA,10,-3,23,0,-237,208,-6.0,-104,-106,42.0,-102,-109,0,0.3333333333333333,23.333333333333332,24.833333333333332,0.31263597513597513,0.6822845047109753,1.8333333333333333,0.3333333333333333,0.6,25.4,18.2,0.39342324342324336,0.667755183413078,1.6,1.0
2021,REG,7,PHI,22,LV,33,11,55,0,-102,-108,1.0,-109,-101,48.0,-106,-105,1,0.6666666666666666,24.5,24.0,0.3523849924585219,0.6616541353383459,2.6666666666666665,0.5,0.3333333333333333,22.833333333333332,25.333333333333332,0.3687146187146187,0.5888278388278388,1.8333333333333333,0.16666666666666666
2021,REG,7,HOU,5,ARI,31,26,36,0,1119,-1766,20.5,-111,100,47.0,101,-112,1,1.0,32.333333333333336,18.166666666666668,0.3661616161616162,0.7043650793650794,2.8333333333333335,1.3333333333333333,0.16666666666666666,15.333333333333334,28.666666666666668,0.3611249045072575,0.6289173789173789,1.6666666666666667,-0.16666666666666666
2021,REG,7,CHI,3,TB,38,35,41,0,501,-644,12.5,-114,103,47.0,-110,-101,1,0.8333333333333334,32.5,24.0,0.46609640359640353,0.6345057720057721,2.0,0.5,0.5,16.333333333333332,20.666666666666668,0.2794834307992203,0.6452823864588569,3.5,0.3333333333333333
2021,REG,7,IND,30,SF,18,-12,48,0,152,-169,3.5,-117,106,41.5,-102,-110,0,0.4,23.4,23.8,0.3329304029304029,0.7108791208791209,2.2,-1.0,0.3333333333333333,23.166666666666668,21.833333333333332,0.3416760935143288,0.6153971845148316,2.0,1.1666666666666667
2021,REG,8,JAX,7,SEA,31,24,38,0,171,-192,4.0,-105,-105,44.0,-101,-111,1,0.2857142857142857,21.428571428571427,23.142857142857142,0.3036879786879787,0.7086248135617884,1.8571428571428572,0.42857142857142855,0.16666666666666666,19.333333333333332,28.666666666666668,0.27515540015540013,0.6386391386391387,1.3333333333333333,-1.6666666666666667
2021,REG,8,NE,27,LAC,24,-3,51,0,163,-183,3.5,-101,-109,50.5,-106,-105,0,0.6666666666666666,24.666666666666668,25.0,0.3766025641025641,0.5815268065268066,2.1666666666666665,0.5,0.42857142857142855,25.571428571428573,20.0,0.39983045849918913,0.6123103087388803,2.142857142857143,0.0
2021,REG,8,CIN,31,NYJ,34,3,65,0,-510,411,-11.5,-105,-105,43.5,-109,-102,1,0.16666666666666666,13.333333333333334,29.166666666666668,0.3872100122100122,0.6536478227654698,2.3333333333333335,-1.3333333333333333,0.7142857142857143,27.0,18.285714285714285,0.3574245303568612,0.6424737911358874,2.7142857142857144,-0.42857142857142855
2021,REG,8,TEN,34,IND,31,-3,65,1,144,-160,3.0,-102,-108,51.0,-112,101,0,0.42857142857142855,24.142857142857142,21.285714285714285,0.34328539107950873,0.6584356819650938,2.0,1.2857142857142858,0.7142857142857143,27.571428571428573,23.428571428571427,0.38650991865277584,0.6306045145330861,2.4285714285714284,-0.14285714285714285
2021,REG,8,LA,38,HOU,22,-16,60,0,-1010,724,-17.0,107,-118,47.0,-108,-103,0,0.14285714285714285,13.857142857142858,29.0,0.32858325148241113,0.6247863247863247,2.0,-0.14285714285714285,0.8571428571428571,29.571428571428573,20.857142857142858,0.41685397935397933,0.6130648763001704,2.857142857142857,0.7142857142857143
2021,REG,8,PHI,44,DET,6,-38,50,0,-168,151,-3.0,-116,105,48.5,-110,-101,0,0.0,18.285714285714285,28.571428571428573,0.32128902843188556,0.6605644251320942,2.0,-0.42857142857142855,0.2857142857142857,22.714285714285715,26.428571428571427,0.37318395889824457,0.6047095761381476,1.5714285714285714,0.0
2021,REG,8,PIT,15,CLE,10,-5,25,0,196,-222,5.5,-108,-102,43.0,-105,-106,0,0.5714285714285714,24.714285714285715,23.571428571428573,0.3786042174200069,0.6104811541841616,2.857142857142857,-0.5714285714285714,0.5,19.5,22.0,0.37388224520577457,0.6565349002849002,2.5,-0.3333333333333333
2021,REG,8,SF,33,CHI,22,-11,55,0,-210,186,-4.5,-103,-107,40.0,102,-114,0,0.42857142857142855,14.428571428571429,23.142857142857142,0.26336675020885547,0.652000287294405,3.0,-0.2857142857142857,0.3333333333333333,22.5,24.833333333333332,0.2913308913308913,0.7002424046541694,2.0,-1.1666666666666667
2021,REG,8,MIA,11,BUF,26,15,37,0,709,-983,15.0,-108,-102,48.5,-103,-108,1,0.6666666666666666,33.833333333333336,16.333333333333332,0.44859599822835117,0.7255835667600373,2.3333333333333335,1.5,0.14285714285714285,18.142857142857142,29.571428571428573,0.3760651629072682,0.5145996860282575,1.7142857142857142,0.0
2021,REG,8,CAR,19,ATL,13,-6,32,0,117,-129,2.5,-109,-101,47.0,-111,100,0,0.5,22.5,29.333333333333332,0.4070086367880485,0.5581531758002346,1.6666666666666667,-0.5,0.42857142857142855,20.857142857142858,20.857142857142858,0.29889455782312924,0.7214041793873728,2.5714285714285716,-0.7142857142857143
2021,REG,8,GB,24,ARI,21,-3,45,0,242,-279,6.5,-104,-106,51.0,-105,-106,0,1.0,32.142857142857146,16.285714285714285,0.37099567099567105,0.7275510204081633,2.7142857142857144,1.1428571428571428,0.8571428571428571,24.0,20.857142857142858,0.35852956567242283,0.606183499040642,2.5714285714285716,0.7142857142857143
2021,REG,8,WAS,10,DEN,17,7,27,0,170,-191,4.0,-108,-102,45.0,-116,104,1,0.42857142857142855,20.0,18.142857142857142,0.29261036582465144,0.6015743341871163,2.142857142857143,-0.42857142857142855,0.2857142857142857,20.857142857142858,30.0,0.3248015873015873,0.5108957090381239,2.142857142857143,-0.42857142857142855
2021,REG,8,TB,27,NO,36,9,63,0,-188,168,-4.0,-101,-109,48.5,-109,-102,1,0.6666666666666666,23.333333333333332,16.833333333333332,0.35007492507492505,0.6814626528442318,2.1666666666666665,0.6666666666666666,0.8571428571428571,33.285714285714285,21.0,0.4434672470386755,0.6629097093382808,2.2857142857142856,1.0
2021,REG,8,DAL,20,MIN,16,-4,36,0,193,-219,4.5,-109,-101,49.5,-110,-101,0,0.5,24.5,22.833333333333332,0.3611374693418037,0.7380137406453197,3.5,0.3333333333333333,0.8333333333333334,34.166666666666664,24.333333333333332,0.4035409035409036,0.6580641580641581,1.8333333333333333,1.1666666666666667
2021,REG,8,NYG,17,KC,20,3,37,0,425,-530,10.5,-107,-103,53.0,-101,-110,1,0.42857142857142855,26.857142857142858,29.0,0.45226686368327235,0.5799319727891158,1.1428571428571428,-1.4285714285714286,0.2857142857142857,19.857142857142858,25.714285714285715,0.3355948439982053,0.6517006802721088,2.2857142857142856,0.0
2021,REG,9,HOU,9,MIA,17,8,26,0,166,-185,4.0,-112,101,45.0,-109,-102,1,0.125,17.25,29.125,0.3603070175438597,0.5252747252747252,1.5,-0.25,0.125,14.875,30.125,0.32917701171377645,0.6262334887334887,1.875,-0.25
2021,REG,9,BUF,6,JAX,9,3,15,0,-1101,776,-14.5,-120,109,48.0,-103,-108,1,0.14285714285714285,17.571428571428573,29.0,0.280490342990343,0.6545478331192617,1.5714285714285714,-1.5714285714285714,0.7142857142857143,32.714285714285715,15.571428571428571,0.44165371276715815,0.7290716286514606,2.2857142857142856,1.5714285714285714
2021,REG,9,DEN,30,DAL,16,-14,46,0,378,-462,10.5,-107,-103,50.0,-103,-108,0,0.8571428571428571,32.142857142857146,23.142857142857142,0.4125588697017269,0.6967080538509111,1.7142857142857142,0.7142857142857143,0.5,19.625,17.125,0.31853407009657003,0.6097108757470601,2.5,-0.25
2021,REG,9,CLE,41,CIN,16,-25,57,0,117,-129,2.5,-105,-105,47.5,-106,-105,0,0.625,27.5,20.25,0.35820100951679906,0.6294722595515938,2.625,-0.125,0.5,22.875,22.5,0.36536959933341506,0.6234567241968557,2.75,-0.625
2021,REG,9,NE,24,CAR,6,-18,30,0,-176,157,-3.5,-101,-109,41.5,100,-111,0,0.5,20.625,19.875,0.3273222117794486,0.7221377478730421,2.625,-0.5,0.5,25.75,20.5,0.40906217750258,0.6191048534798536,2.25,0.125
2021,REG,9,MIN,31,BAL,34,3,65,1,262,-305,7.5,-117,106,51.0,-109,-102,1,0.7142857142857143,26.714285714285715,23.428571428571427,0.3403193813410531,0.7129317111459968,2.142857142857143,-0.14285714285714285,0.42857142857142855,23.285714285714285,22.428571428571427,0.31975048392562766,0.708773682457893,3.4285714285714284,0.5714285714285714
2021,REG,9,NYJ,30,IND,45,15,75,0,410,-509,10.5,-108,-102,46.0,-111,-101,1,0.375,25.0,22.875,0.34898582830568126,0.6484996427720886,2.125,1.25,0.2857142857142857,16.285714285714285,29.428571428571427,0.39782836211407646,0.6511786532794936,2.4285714285714284,-1.4285714285714286
2021,REG,9,ATL,27,NO,25,-2,52,0,240,-277,7.0,-117,106,43.0,-101,-110,0,0.7142857142857143,25.142857142857142,18.285714285714285,0.3420810282154819,0.6390559002401108,2.2857142857142856,1.0,0.42857142857142855,21.142857142857142,27.857142857142858,0.3878255847793662,0.5460861807611034,1.4285714285714286,-0.5714285714285714
2021,REG,9,CHI,27,PIT,29,2,56,0,263,-306,7.0,-109,-101,40.0,-103,-108,1,0.5714285714285714,18.857142857142858,20.285714285714285,0.36128682242127613,0.6666403041403042,2.7142857142857144,-0.14285714285714285,0.375,15.375,24.375,0.28926943584451326,0.6538335847159377,2.625,-0.375
2021,REG,9,TEN,28,LA,16,-12,44,0,296,-350,7.0,103,-114,53.5,-111,-100,0,0.875,30.625,21.0,0.4102017773892774,0.6197651000959824,3.125,0.75,0.75,28.375,24.375,0.3908277577685473,0.6281678391053391,2.25,-0.25
2021,REG,9,ARI,31,SF,17,-14,48,0,207,-235,5.5,-105,-105,44.5,-109,-102,0,0.42857142857142855,24.0,24.428571428571427,0.29733124018838303,0.6758380275186998,2.2857142857142856,-0.8571428571428571,0.875,30.75,17.25,0.37462121212121213,0.7147321428571429,2.5,0.875
2021,REG,9,GB,7,KC,13,6,20,0,275,-322,7.0,-107,-104,48.0,-102,-109,1,0.5,26.0,27.5,0.4438104287997864,0.5939789377289378,1.375,-1.375,0.875,24.0,20.875,0.36058836996336996,0.6054105616605616,2.5,0.75
2021,REG,9,LAC,27,PHI,24,-3,51,0,-106,-104,-1.0,-101,-110,49.5,-105,-106,0,0.375,25.375,23.875,0.389035964035964,0.6124542124542125,2.125,0.125,0.5714285714285714,24.571428571428573,25.285714285714285,0.37042124542124544,0.5736395183763605,2.0,0.2857142857142857
2021,REG,9,LV,16,NYG,23,7,39,0,-152,137,-3.0,-102,-108,47.0,-108,-103,1,0.25,19.5,25.0,0.3321070269599681,0.6471611721611721,2.25,0.125,0.7142857142857143,25.714285714285715,23.714285714285715,0.34490142210730446,0.6528464017185822,2.5714285714285716,0.5714285714285714
2021,REG,10,CLE,7,NE,45,38,52,0,119,-132,2.5,-104,-106,45.5,-108,-103,1,0.5555555555555556,25.555555555555557,18.88888888888889,0.4112298720657854,0.6311235061235062,2.111111111111111,0.2222222222222222,0.5555555555555556,24.88888888888889,21.77777777777778,0.3550760074882881,0.639653840311735,3.0,-0.2222222222222222
2021,REG,10,PHI,30,DEN,13,-17,43,0,101,-111,1.0,-108,-102,44.5,-103,-108,0,0.5555555555555556,20.77777777777778,17.0,0.335428977340742,0.6133937943148471,2.4444444444444446,-0.2222222222222222,0.3333333333333333,25.22222222222222,24.22222222222222,0.4141858141858142,0.6092185592185593,1.8888888888888888,0.1111111111111111
2021,REG,10,LA,10,SF,31,21,41,0,-177,158,-3.5,-100,-110,50.0,-110,-102,1,0.375,23.125,25.25,0.3056193806193806,0.6616707740788623,2.25,-1.125,0.7777777777777778,29.0,21.77777777777778,0.3893151601484935,0.6323837926779103,3.111111111111111,0.5555555555555556
2021,REG,10,KC,41,LV,14,-27,55,0,-147,133,-2.5,-123,111,53.5,-108,-103,0,0.625,24.5,23.625,0.3434554110105581,0.6337406015037594,2.625,0.25,0.5555555555555556,24.555555555555557,25.22222222222222,0.42536235646400766,0.6205738705738706,1.3333333333333333,-1.2222222222222223
2021,REG,10,SEA,0,GB,17,17,17,0,151,-168,3.0,104,-115,49.5,-117,105,1,0.7777777777777778,22.11111111111111,20.0,0.339041514041514,0.6183896350563017,2.3333333333333335,0.6666666666666666,0.375,22.625,21.125,0.29697698135198136,0.7059842118665649,1.75,0.5
2021,REG,10,MIN,27,LAC,20,-7,47,0,160,-179,3.0,111,-123,53.5,-104,-107,0,0.625,24.875,25.125,0.3762019230769231,0.5500115016562386,1.875,0.25,0.375,24.25,23.875,0.32442453057778137,0.6983019721506564,3.375,0.75
2021,REG,10,CAR,34,ARI,10,-24,44,0,280,-329,7.0,-103,-107,42.0,-113,101,0,0.8888888888888888,30.77777777777778,17.22222222222222,0.3816077441077441,0.7060245310245311,2.7777777777777777,1.1111111111111112,0.4444444444444444,19.0,20.333333333333332,0.32125610744031796,0.7053922838236564,2.5555555555555554,-0.5555555555555556
2021,REG,10,TB,19,WAS,29,10,48,0,-435,359,-10.0,106,-117,51.0,-109,-102,1,0.25,19.5,28.375,0.3258680555555556,0.5095337454083584,2.375,-0.5,0.75,32.5,22.875,0.464956918081918,0.6682812897886428,2.125,0.5
2021,REG,10,NO,21,TEN,23,2,44,0,133,-147,3.0,-114,103,44.0,-109,-102,1,0.7777777777777778,28.333333333333332,23.444444444444443,0.3770320809794494,0.644791165624499,2.5555555555555554,-0.1111111111111111,0.625,25.125,19.375,0.33341180877945575,0.6395310555672398,2.25,0.75
2021,REG,10,DET,16,PIT,16,0,32,1,303,-359,9.0,-121,110,43.0,-114,102,0,0.625,20.125,21.125,0.36024361667744015,0.6725959804084805,2.75,0.25,0.0,16.75,30.5,0.32279456654456656,0.6404938719905825,1.75,-0.5
2021,REG,10,BUF,45,NYJ,17,-28,62,0,-685,527,-13.0,101,-111,47.0,104,-116,0,0.25,18.0,31.375,0.41952838827838834,0.632281321619557,2.25,-1.5,0.625,29.375,14.75,0.43644699867126335,0.7437069058392587,2.25,1.125
2021,REG,10,JAX,17,IND,23,6,40,0,358,-434,10.5,-115,104,47.5,-108,-103,1,0.4444444444444444,27.22222222222222,23.666666666666668,0.3657651807161611,0.6240631745275709,2.111111111111111,1.3333333333333333,0.25,16.5,26.125,0.26465981934731936,0.6477293539793539,1.875,-1.125
2021,REG,10,ATL,3,DAL,43,40,46,0,328,-392,8.0,-105,-105,55.0,-108,-103,1,0.75,30.125,24.0,0.4056318681318682,0.6757960177077824,2.0,0.625,0.5,21.875,27.5,0.38399024382480257,0.5687344990750564,1.375,-0.375
2021,REG,10,BAL,10,MIA,22,12,32,0,-390,326,-8.5,-106,-104,46.5,-106,-105,1,0.2222222222222222,17.22222222222222,26.88888888888889,0.37909643389519554,0.540984940984941,1.8888888888888888,-0.1111111111111111,0.75,27.625,24.375,0.3446544586734215,0.7041723901098902,1.875,-0.375
2021,REG,11,SF,30,JAX,10,-20,40,0,-281,243,-6.5,-106,-104,45.0,-103,-108,0,0.2222222222222222,16.555555555555557,25.77777777777778,0.2722902097902098,0.6590927590927591,1.7777777777777777,-1.1111111111111112,0.4444444444444444,24.0,23.555555555555557,0.3272172272172272,0.6659295769589888,2.2222222222222223,-0.7777777777777778
2021,REG,11,BAL,16,CHI,13,-3,29,0,-226,199,-5.0,-103,-107,43.0,-104,-107,0,0.3333333333333333,16.666666666666668,24.88888888888889,0.28887441916337686,0.6530808334729904,2.7777777777777777,-0.6666666666666666,0.6666666666666666,25.666666666666668,24.11111111111111,0.32024840770970797,0.7174342814048696,2.111111111111111,-0.5555555555555556
2021,REG,11,NYG,10,TB,30,20,40,0,423,-527,11.5,-113,102,49.5,-102,-109,1,0.6666666666666666,31.0,23.555555555555557,0.4577394827394827,0.6469378660555132,2.4444444444444446,0.3333333333333333,0.3333333333333333,19.88888888888889,24.0,0.35076180174219385,0.6493284493284492,2.111111111111111,0.3333333333333333
2021,REG,11,PIT,37,LAC,41,4,78,0,220,-251,5.5,103,-114,47.5,-105,-106,1,0.5555555555555556,24.333333333333332,25.333333333333332,0.38069800569800566,0.565288001472212,1.8888888888888888,0.2222222222222222,0.5555555555555556,19.666666666666668,20.555555555555557,0.3611522206723444,0.6867519825853159,2.888888888888889,-0.1111111111111111
2021,REG,11,ARI,23,SEA,13,-10,36,0,135,-150,2.5,111,-122,46.0,-113,101,0,0.3333333333333333,20.11111111111111,20.666666666666668,0.31583139083139083,0.6900415216591688,1.6666666666666667,0.3333333333333333,0.8,28.7,18.9,0.3720183982683983,0.691672077922078,2.5,1.0
2021,REG,11,DAL,9,KC,19,10,28,0,122,-134,2.5,-101,-110,56.0,-115,103,1,0.6,26.2,24.1,0.43282612081760685,0.6494255744255745,1.4,-0.8,0.7777777777777778,31.555555555555557,21.666666666666668,0.40500610500610507,0.7017176723059076,2.0,0.7777777777777778
2021,REG,11,CIN,32,LV,13,-19,45,0,-123,112,-1.0,-115,105,50.5,-110,-101,0,0.5555555555555556,23.333333333333332,25.555555555555557,0.3153947087770617,0.6188805346700084,2.3333333333333335,-0.1111111111111111,0.5555555555555556,26.22222222222222,22.555555555555557,0.3440419229892915,0.6403389781872754,2.5555555555555554,-0.4444444444444444
2021,REG,11,HOU,22,TEN,13,-9,35,0,377,-462,10.5,-110,-100,44.5,-110,-101,0,0.8,27.8,23.2,0.3593288728815045,0.6490620490620491,2.7,0.0,0.1111111111111111,14.222222222222221,28.666666666666668,0.32963882522706056,0.6089395716846697,2.111111111111111,-0.3333333333333333
2021,REG,11,NO,29,PHI,40,11,69,0,130,-144,2.5,106,-117,42.5,-111,-100,1,0.4,25.7,23.1,0.41892107892107894,0.63996336996337,1.8,0.1,0.5555555555555556,24.666666666666668,19.77777777777778,0.33108827447062733,0.6573609382819909,2.2222222222222223,0.5555555555555556
2021,REG,11,MIA,24,NYJ,17,-7,41,0,-181,162,-3.5,-103,-107,44.5,101,-112,0,0.2222222222222222,17.88888888888889,32.888888888888886,0.3951363451363452,0.6175833969951617,2.2222222222222223,-1.6666666666666667,0.3,17.7,25.2,0.35883384932920537,0.5743864468864468,2.1,0.1
2021,REG,11,GB,31,MIN,34,3,65,0,-111,101,-1.0,-105,-105,48.0,-113,102,1,0.4444444444444444,24.555555555555557,23.444444444444443,0.32309958273580563,0.6855276789487316,3.2222222222222223,0.6666666666666666,0.8,21.6,18.0,0.34888736263736264,0.6098840048840048,2.4,0.7
2021,REG,11,DET,10,CLE,13,3,23,0,465,-590,13.0,-106,-104,42.5,-103,-108,1,0.5,23.1,24.1,0.327260714431767,0.6056884562805614,2.9,-0.3,0.1111111111111111,16.666666666666668,28.88888888888889,0.3091507258173925,0.6395033248103423,1.5555555555555556,-0.1111111111111111
2021,REG,11,WAS,27,CAR,21,-6,48,0,154,-172,3.5,-114,103,43.0,-108,-103,0,0.5,20.5,19.3,0.33288049669628617,0.7062816268698622,2.7,-0.5,0.3333333333333333,20.555555555555557,27.333333333333332,0.3478615520282187,0.5195855514740964,2.111111111111111,-0.3333333333333333
2021,REG,11,IND,41,BUF,15,-26,56,0,274,-320,7.5,-116,105,49.5,-111,100,0,0.6666666666666666,31.11111111111111,15.0,0.4435084432633452,0.749961694079341,2.111111111111111,1.3333333333333333,0.5,26.8,23.0,0.354188662644545,0.6283235237414805,2.2,1.3
2021,REG,11,NE,25,ATL,0,-25,25,0,-329,280,-7.0,-111,101,47.5,-108,-103,0,0.4444444444444444,19.77777777777778,29.22222222222222,0.35142567127861235,0.5722084436222723,1.2222222222222223,-0.5555555555555556,0.6,27.5,17.7,0.4401068848592068,0.660318847818848,2.4,0.3
2021,REG,12,LAC,13,DEN,28,15,41,0,-141,127,-2.5,-114,103,47.5,-111,-100,1,0.5,20.0,18.3,0.31021941294000116,0.6059005687295163,2.4,-0.2,0.6,26.0,26.5,0.39647435897435895,0.5554258679916575,2.0,0.1
2021,REG,12,LA,28,GB,36,8,64,0,-120,108,-2.0,-100,-110,47.0,-109,-102,1,0.7272727272727273,22.454545454545453,19.454545454545453,0.3661213786213786,0.5908036408036408,2.3636363636363638,0.6363636363636364,0.7,27.1,22.7,0.3803836441336441,0.6191454134101193,2.9,0.3
2021,REG,12,MIN,26,SF,34,8,60,0,164,-183,3.5,-108,-102,49.0,-101,-110,1,0.5,24.6,22.2,0.3373526473526473,0.6538820738085445,2.3,-0.7,0.5,25.5,24.2,0.3507896244622251,0.6631287572077046,3.1,0.6
2021,REG,12,CLE,10,BAL,16,6,26,0,140,-156,3.0,-110,-102,47.0,-101,-110,1,0.7,24.7,23.0,0.32711245582762605,0.7303062378797673,2.2,-0.5,0.5454545454545454,22.181818181818183,22.818181818181817,0.32424770830695393,0.6188076875277831,2.6363636363636362,-0.2727272727272727
2021,REG,12,TEN,13,NE,36,23,49,0,262,-305,7.5,-118,106,43.0,-103,-108,1,0.6363636363636364,27.272727272727273,16.09090909090909,0.4280691960258523,0.6746700269427544,2.5454545454545454,0.5454545454545454,0.7272727272727273,26.454545454545453,23.09090909090909,0.363026248074095,0.6488799376499912,2.4545454545454546,-0.2727272727272727
2021,REG,12,SEA,15,WAS,17,2,32,0,-128,116,-1.0,-121,108,47.0,-116,104,1,0.4,21.2,26.7,0.3559325396825397,0.5454047741044644,2.0,-0.4,0.3,19.4,20.9,0.30424825174825176,0.682148480604363,1.7,0.3
2021,REG,12,TB,38,IND,31,-7,69,0,-149,135,-3.0,101,-112,53.0,-109,-102,0,0.5454545454545454,28.09090909090909,22.272727272727273,0.37393774526127466,0.6242335064316489,2.090909090909091,1.5454545454545454,0.7,30.9,22.2,0.4548226773226773,0.6731531703590528,2.4,0.5
2021,REG,12,PHI,7,NYG,13,6,20,0,-192,171,-4.0,100,-110,45.5,-107,-104,1,0.3,18.9,24.6,0.32477653065888357,0.6415384615384615,2.0,0.1,0.45454545454545453,27.0,23.636363636363637,0.43278539642176006,0.6337329337329337,1.6363636363636365,0.2727272727272727
2021,REG,12,ATL,21,JAX,14,-7,35,0,-115,105,-1.5,-102,-108,46.0,-108,-103,0,0.2,15.9,26.2,0.2905157342657343,0.6503263403263403,1.8,-1.0,0.4,17.8,28.8,0.3344649223325693,0.5842183684908143,1.4,-0.8
2021,REG,12,CAR,10,MIA,33,23,43,0,-119,108,-1.0,-110,-101,41.0,102,-113,1,0.36363636363636365,18.272727272727273,24.454545454545453,0.366616630703318,0.5676240426240425,2.090909090909091,0.09090909090909091,0.45454545454545453,20.545454545454547,20.0,0.32282065356228035,0.6940222581933813,2.727272727272727,-0.36363636363636365
2021,REG,12,CHI,16,DET,14,-2,30,0,-129,115,-2.0,-107,-104,41.5,-103,-108,0,0.1,16.0,27.3,0.30323565323565327,0.6461412276234257,1.5,-0.1,0.3,16.3,24.0,0.27537159263165456,0.6488838612368024,3.1,-0.6
2021,REG,12,LV,36,DAL,33,-3,69,0,269,-314,7.0,-106,-105,51.0,-103,-108,0,0.7,29.3,21.4,0.3922832722832723,0.7007766743060861,2.1,0.6,0.5,22.3,26.2,0.29814095218506986,0.6125480367585631,2.4,-0.2
2021,REG,12,BUF,31,NO,6,-25,37,0,-270,235,-7.0,100,-112,45.0,-110,-101,0,0.5,25.1,21.8,0.3408365898807074,0.6344819873109346,2.3,0.3,0.6,29.5,17.6,0.4408242656036774,0.7178226675285498,1.9,0.8
2021,REG,12,PIT,10,CIN,41,31,51,0,154,-172,3.5,-111,-100,43.5,-102,-110,1,0.6,26.8,21.6,0.3540821751348068,0.6620193660828335,2.5,-0.3,0.5,21.4,22.6,0.3783703319384433,0.6642306304806305,2.8,0.0
2021,REG,12,NYJ,21,HOU,14,-7,35,0,125,-138,3.0,-124,111,44.5,-103,-108,0,0.2,15.0,27.1,0.3319690603514133,0.6080456145162028,2.1,0.0,0.2,17.8,32.0,0.4056227106227107,0.6113806128512012,2.0,-1.5
2021,REG,13,DEN,9,KC,22,13,31,0,323,-387,8.5,-106,-105,46.5,-108,-103,1,0.6363636363636364,25.545454545454547,22.727272727272727,0.42145031962439783,0.656043451497997,1.7272727272727273,-0.6363636363636364,0.5454545454545454,20.727272727272727,17.818181818181817,0.34262370873333436,0.6042946346738917,2.4545454545454546,-0.09090909090909091
2021,REG,13,DAL,27,NO,17,-10,44,0,-254,222,-6.0,-110,100,46.0,-106,-105,0,0.45454545454545453,23.363636363636363,22.636363636363637,0.34231897781363013,0.6117668416113392,2.272727272727273,0.36363636363636365,0.6363636363636364,29.636363636363637,22.727272727272727,0.3736666111666112,0.7136247278380687,2.1818181818181817,0.5454545454545454
2021,REG,13,TB,30,ATL,17,-13,47,0,-475,387,-11.0,-103,-108,51.0,-107,-104,0,0.45454545454545453,18.09090909090909,27.454545454545453,0.33902405526737067,0.5708803349916494,1.3636363636363635,-0.6363636363636364,0.7272727272727273,31.545454545454547,23.0,0.4336771814044541,0.6649877306294418,2.4545454545454546,0.5454545454545454
2021,REG,13,ARI,33,CHI,22,-11,55,0,-373,314,-7.5,-116,104,43.5,-101,-110,0,0.36363636363636365,16.272727272727273,23.09090909090909,0.27874690239241323,0.6444398738516385,2.909090909090909,-0.5454545454545454,0.8181818181818182,28.181818181818183,18.363636363636363,0.37355207923389744,0.7015200708382527,2.6363636363636362,0.9090909090909091
2021,REG,13,LAC,41,CIN,22,-19,63,0,127,-141,2.5,104,-116,49.5,-101,-111,0,0.6363636363636364,28.09090909090909,20.545454545454547,0.3632152005357747,0.6437938293060724,2.5454545454545454,-0.09090909090909091,0.5454545454545454,24.818181818181817,26.636363636363637,0.39786439051144934,0.5352356375681735,1.9090909090909092,0.0
2021,REG,13,MIN,27,DET,29,2,56,0,-296,255,-7.0,-104,-107,47.5,-107,-104,1,0.09090909090909091,15.818181818181818,26.272727272727273,0.31203241203241205,0.6499011160212962,1.4545454545454546,-0.09090909090909091,0.45454545454545453,25.545454545454547,25.09090909090909,0.339101678804043,0.6587883806783328,3.0,0.45454545454545453
2021,REG,13,IND,31,HOU,0,-31,31,0,-408,339,-10.0,-105,-106,45.5,-107,-104,0,0.18181818181818182,14.909090909090908,26.545454545454547,0.3358809639558303,0.6296918173923521,2.272727272727273,0.0,0.5,28.333333333333332,23.583333333333332,0.37749848871172403,0.6370288623771596,2.0833333333333335,1.3333333333333333
2021,REG,13,NYG,9,MIA,20,11,29,0,253,-293,6.5,108,-120,40.0,100,-111,1,0.4166666666666667,19.5,23.25,0.36731524481137484,0.5798458485958485,2.3333333333333335,0.25,0.36363636363636365,18.363636363636363,23.0,0.31473191098859543,0.6410680228862047,1.9090909090909092,0.45454545454545453
2021,REG,13,PHI,33,NYJ,18,-15,51,0,-199,177,-5.0,102,-113,44.0,-102,-109,0,0.2727272727272727,18.09090909090909,30.363636363636363,0.3827339327339328,0.6126187389556373,2.272727272727273,-1.3636363636363635,0.4166666666666667,25.333333333333332,22.75,0.427022977022977,0.6463980463980464,1.5833333333333333,-0.08333333333333333
2021,REG,13,JAX,7,LA,37,30,44,0,597,-796,14.0,-103,-108,48.0,-109,-102,1,0.6363636363636364,27.181818181818183,23.90909090909091,0.3737753408207954,0.6202757346790558,2.727272727272727,0.09090909090909091,0.18181818181818182,15.727272727272727,25.727272727272727,0.315241576605213,0.6471498198770926,1.7272727272727273,-1.0
2021,REG,13,WAS,17,LV,15,-2,32,0,116,-128,1.0,108,-121,47.5,-114,103,0,0.5454545454545454,23.545454545454547,26.818181818181817,0.28539129624480036,0.6307254879623301,2.272727272727273,-0.18181818181818182,0.45454545454545453,20.818181818181817,25.636363636363637,0.35031300398947457,0.5587595848502125,2.0,-0.36363636363636365
2021,REG,13,BAL,19,PIT,20,1,39,0,-195,174,-4.0,-104,-107,44.0,-109,-102,1,0.45454545454545453,20.363636363636363,24.272727272727273,0.39292407798599743,0.6534328045691683,2.727272727272727,-0.18181818181818182,0.7272727272727273,23.90909090909091,21.818181818181817,0.33979920226753885,0.7288498266439443,2.272727272727273,-0.6363636363636364
2021,REG,13,SF,23,SEA,30,7,53,0,-138,125,-3.0,108,-120,44.5,-103,-108,1,0.2727272727272727,19.0,20.545454545454547,0.30456134774316596,0.6843061053622551,1.6363636363636365,0.2727272727272727,0.5454545454545454,25.454545454545453,22.545454545454547,0.34164925983107797,0.6651453196239293,2.1818181818181817,-0.5454545454545454
2021,REG,13,NE,14,BUF,10,-4,24,0,132,-146,3.0,-116,104,40.0,-102,-109,0,0.6363636363636364,29.636363636363637,16.545454545454547,0.4566933883110354,0.7110076198311492,1.9090909090909092,0.6363636363636364,0.6666666666666666,28.0,15.833333333333334,0.42269979332672825,0.6639020701520703,2.5,0.8333333333333334
2021,REG,14,SEA,33,HOU,13,-20,46,0,-401,334,-10.0,104,-116,40.5,105,-117,0,0.16666666666666666,13.666666666666666,26.916666666666668,0.3287242169595111,0.6156790377378613,2.1666666666666665,-0.08333333333333333,0.3333333333333333,19.916666666666668,20.75,0.30369103935280406,0.6856139299154006,1.5833333333333333,0.25
2021,REG,14,NO,30,NYJ,9,-21,39,0,-194,173,-4.5,103,-114,42.0,-112,100,0,0.25,18.083333333333332,30.583333333333332,0.37861721611721616,0.6091862249950485,2.25,-1.3333333333333333,0.4166666666666667,22.833333333333332,23.0,0.3435543010910657,0.6322148429056323,2.1666666666666665,0.08333333333333333
2021,REG,14,JAX,0,TEN,20,20,20,0,321,-384,8.5,-108,-103,44.5,-108,-103,1,0.6666666666666666,25.333333333333332,24.166666666666668,0.37065284861337494,0.647836912542795,2.4166666666666665,-0.5833333333333334,0.16666666666666666,15.0,26.666666666666668,0.3210227272727273,0.6418317793317793,1.6666666666666667,-1.0833333333333333
2021,REG,14,DAL,27,WAS,20,-7,47,0,-284,246,-6.5,-115,103,48.0,-108,-103,0,0.5,20.5,24.75,0.36000914254590727,0.5770111009275095,2.0,-0.4166666666666667,0.6666666666666666,29.416666666666668,22.25,0.35443248880748884,0.7077274290896582,2.1666666666666665,0.75
2021,REG,14,DET,10,DEN,38,28,48,0,495,-635,13.0,-109,-102,42.0,-106,-105,1,0.5,19.75,18.166666666666668,0.3362939552277788,0.6052187997331187,2.3333333333333335,-0.08333333333333333,0.16666666666666666,16.916666666666668,26.333333333333332,0.29885022385022386,0.640614484557983,1.5833333333333333,-0.16666666666666666
2021,REG,14,NYG,21,LAC,37,16,58,0,329,-395,9.5,-118,106,44.0,-108,-103,1,0.5833333333333334,26.166666666666668,26.25,0.39035005027652087,0.5382517153898733,2.25,0.08333333333333333,0.3333333333333333,17.583333333333332,22.75,0.31791601644542816,0.6376456876456876,1.9166666666666667,0.3333333333333333
2021,REG,14,SF,26,CIN,23,-3,49,1,-130,117,-2.5,-103,-108,49.0,-103,-108,0,0.5833333333333334,27.583333333333332,22.25,0.3686615528720792,0.647836651222874,2.6666666666666665,-0.16666666666666666,0.5,25.25,23.166666666666668,0.33817848817848817,0.6685400724003666,2.3333333333333335,-0.5
2021,REG,14,BUF,27,TB,33,6,60,1,161,-181,3.5,-106,-105,52.5,-101,-110,1,0.75,31.416666666666668,22.5,0.4488194675694676,0.6512387530769884,2.6666666666666665,0.5,0.5833333333333334,28.0,16.333333333333332,0.4394689392851158,0.7212014292896646,1.75,0.4166666666666667
2021,REG,14,CHI,30,GB,45,15,75,0,498,-639,11.5,-102,-109,43.0,103,-114,1,0.75,23.583333333333332,20.166666666666668,0.36631301812222866,0.5992623117623118,2.3333333333333335,0.75,0.3333333333333333,16.75,23.916666666666668,0.2832957716374899,0.6462921065862243,2.75,-0.8333333333333334
2021,REG,14,LA,30,ARI,23,-7,53,0,154,-172,3.0,104,-116,51.0,-106,-105,0,0.8333333333333334,28.583333333333332,18.666666666666668,0.3702005170755171,0.6986156204906205,2.6666666666666665,1.1666666666666667,0.6666666666666666,28.0,22.5,0.377349617974618,0.6198681414045191,2.6666666666666665,0.25
2021,REG,14,BAL,22,CLE,24,2,46,0,135,-150,3.0,-104,-107,44.0,-103,-108,1,0.5,21.166666666666668,22.25,0.32103658975756494,0.6116848246782457,2.5833333333333335,-0.08333333333333333,0.6666666666666666,23.5,21.666666666666668,0.3485196391156143,0.7193943923723335,2.1666666666666665,-0.6666666666666666
2021,REG,14,ATL,29,CAR,21,-8,50,0,123,-136,2.5,-104,-107,41.0,105,-116,0,0.4166666666666667,19.666666666666668,21.083333333333332,0.3197284562416141,0.6882704033439327,2.6666666666666665,-0.5,0.4166666666666667,18.0,27.666666666666668,0.35243871732842313,0.5553582557936273,1.25,-0.5833333333333334
2021,REG,14,PIT,28,MIN,36,8,64,0,157,-175,3.5,-117,105,45.0,-104,-107,1,0.4166666666666667,25.666666666666668,25.416666666666668,0.34930474403191125,0.674402169467959,3.0,0.5,0.5,20.333333333333332,23.833333333333332,0.39223168687177973,0.6452763671513672,3.0833333333333335,-0.08333333333333333
2021,REG,14,LV,9,KC,48,39,57,0,365,-444,10.0,-108,-103,48.0,-103,-108,1,0.6666666666666666,25.25,21.583333333333332,0.4183807417069801,0.6624842749842751,1.6666666666666667,-0.5833333333333334,0.5,22.833333333333332,26.0,0.28012720674291886,0.6226094750765804,2.1666666666666665,-0.08333333333333333
2021,REG,15,NO,9,TB,0,-9,9,0,417,-518,11.5,-101,-110,45.5,-101,-110,0,0.7692307692307693,31.53846153846154,22.846153846153847,0.4466835571086583,0.6670775303128245,2.6923076923076925,0.5384615384615384,0.46153846153846156,23.384615384615383,21.923076923076923,0.3478962779302145,0.6460829319128915,2.230769230769231,0.07692307692307693
2021,REG,15,KC,34,LAC,28,-6,62,1,-173,155,-3.0,-117,105,54.0,-113,101,0,0.6153846153846154,27.0,25.846153846153847,0.40174324167536835,0.5353092757444984,2.230769230769231,0.23076923076923078,0.6923076923076923,27.0,20.615384615384617,0.4226348546930829,0.6664690010843858,1.8461538461538463,-0.15384615384615385
2021,REG,15,NE,17,IND,27,10,44,0,-102,-109,-1.0,-101,-110,46.0,103,-115,1,0.5384615384615384,28.53846153846154,21.76923076923077,0.38988026176940205,0.6457189498866088,2.230769230769231,1.3076923076923077,0.6923076923076923,26.923076923076923,15.384615384615385,0.4030049374298005,0.6705249878326802,2.4615384615384617,0.9230769230769231
2021,REG,15,CAR,14,BUF,31,17,45,0,562,-739,14.0,102,-114,43.0,-107,-104,1,0.5384615384615384,27.923076923076923,17.615384615384617,0.41665264725219486,0.7102588092228483,1.7692307692307692,0.3076923076923077,0.38461538461538464,19.76923076923077,21.692307692307693,0.32310598757967174,0.678595756932861,2.4615384615384617,-0.6153846153846154
2021,REG,15,ARI,12,DET,30,18,42,0,-634,495,-13.0,-102,-109,48.0,-107,-104,1,0.15384615384615385,16.384615384615383,27.23076923076923,0.2999002066309759,0.6209222461008601,1.5384615384615385,-0.3076923076923077,0.7692307692307693,28.153846153846153,19.53846153846154,0.3801850926850927,0.6862960757191527,2.6923076923076925,0.9230769230769231
2021,REG,15,HOU,30,JAX,16,-14,46,0,224,-257,6.0,-111,-101,40.0,-105,-106,0,0.15384615384615385,13.846153846153847,26.153846153846153,0.3238011988011988,0.6405370270754887,1.8461538461538463,-1.3076923076923077,0.15384615384615385,13.615384615384615,27.384615384615383,0.31786081565493335,0.6038220703379074,2.0,-0.07692307692307693
2021,REG,15,NYJ,24,MIA,31,7,55,0,366,-445,10.5,-114,102,42.0,-104,-107,1,0.46153846153846156,19.53846153846154,22.153846153846153,0.36982945674896145,0.5850160774368919,2.3846153846153846,0.3076923076923077,0.23076923076923078,17.384615384615383,30.53846153846154,0.36391589180050726,0.6084795923031217,2.3076923076923075,-1.2307692307692308
2021,REG,15,DAL,21,NYG,6,-15,27,0,-534,428,-11.5,-120,108,43.0,104,-116,0,0.3076923076923077,17.846153846153847,23.846153846153847,0.3319224767188568,0.6240989779451317,1.9230769230769231,0.15384615384615385,0.6923076923076923,29.23076923076923,22.076923076923077,0.35164397568243727,0.7166352739108158,2.3846153846153846,0.8461538461538461
2021,REG,15,TEN,13,PIT,19,6,32,0,109,-121,1.0,102,-114,44.0,-105,-106,1,0.46153846153846156,20.923076923076923,24.76923076923077,0.3801595661621858,0.6469217748063902,2.8461538461538463,0.0,0.6923076923076923,24.923076923076923,22.307692307692307,0.37098724487388457,0.6474538533362063,2.4615384615384617,-0.23076923076923078
2021,REG,15,CIN,15,DEN,10,-5,25,0,140,-155,3.0,-110,-101,45.0,-123,110,0,0.5384615384615384,21.153846153846153,17.53846153846154,0.3577624675475354,0.611548122830571,2.3076923076923075,0.07692307692307693,0.5384615384615384,27.23076923076923,22.53846153846154,0.3622809938599412,0.652301705201205,2.8461538461538463,0.0
2021,REG,15,ATL,13,SF,31,18,44,0,319,-380,9.5,-114,102,48.0,-106,-105,1,0.5384615384615384,25.307692307692307,23.153846153846153,0.3347891927077447,0.6720589679300086,2.5384615384615383,-0.6153846153846154,0.46153846153846156,18.846153846153847,27.153846153846153,0.35898189291854443,0.5615894389143973,1.2307692307692308,-0.38461538461538464
2021,REG,15,GB,31,BAL,30,-1,61,0,-354,299,-9.5,104,-116,45.5,-109,-102,0,0.6153846153846154,23.384615384615383,21.846153846153847,0.3281206925169773,0.7080124061458902,2.0,-0.6923076923076923,0.7692307692307693,25.23076923076923,20.923076923076923,0.3689043244205188,0.602615760308068,2.3076923076923075,0.9230769230769231
2021,REG,15,WAS,17,PHI,27,10,44,0,380,-465,10.0,-101,-110,39.5,-110,-101,1,0.46153846153846156,25.923076923076923,22.384615384615383,0.4271420886805502,0.6479571710340941,1.6153846153846154,0.0,0.46153846153846156,20.46153846153846,24.923076923076923,0.3458907922143216,0.5850731840729458,2.1538461538461537,-0.5384615384615384
2021,REG,15,SEA,10,LA,20,10,30,0,298,-352,7.5,-120,108,47.0,-101,-110,1,0.6923076923076923,28.153846153846153,22.53846153846154,0.3838256828641444,0.6106475151426329,2.769230769230769,0.38461538461538464,0.38461538461538464,20.923076923076923,20.153846153846153,0.3217503085150144,0.6953743968449851,1.6153846153846154,0.23076923076923078
2021,REG,15,MIN,17,CHI,9,-8,26,0,-320,274,-7.0,-114,102,48.0,-114,103,0,0.3076923076923077,17.76923076923077,25.53846153846154,0.2889763166763643,0.6427311753103608,2.769230769230769,-1.0,0.46153846153846156,26.46153846153846,25.615384615384617,0.3480761739781745,0.6813486089206499,3.1538461538461537,0.38461538461538464
2021,REG,15,LV,16,CLE,14,-2,30,0,-147,131,-3.0,-102,-109,41.0,-100,-111,0,0.5384615384615384,21.384615384615383,22.23076923076923,0.32930850043555443,0.6351449663696627,2.6923076923076925,0.0,0.46153846153846156,21.76923076923077,27.692307692307693,0.28055698204840857,0.6152022684917422,2.230769230769231,-0.46153846153846156
2021,REG,16,CHI,25,SEA,24,-1,49,0,268,-313,7.0,-103,-108,41.0,-109,-102,0,0.35714285714285715,20.142857142857142,20.142857142857142,0.31305385790679907,0.6885619399274862,1.7857142857142858,0.21428571428571427,0.2857142857142857,17.142857142857142,24.928571428571427,0.27932416218849215,0.6484091072326367,2.857142857142857,-0.9285714285714286
2021,REG,16,SF,17,TEN,20,3,37,0,-171,154,-3.5,108,-120,45.5,-116,104,1,0.6428571428571429,24.071428571428573,22.071428571428573,0.37623418770035316,0.6607309590502869,2.5,-0.5,0.5714285714285714,25.714285714285715,22.428571428571427,0.34658996465719155,0.6744749240022349,2.5714285714285716,-0.5714285714285714
2021,REG,16,CLE,22,GB,24,2,46,0,343,-430,7.5,101,-112,46.5,-100,-111,1,0.7857142857142857,25.642857142857142,21.571428571428573,0.3750215480008713,0.5925388103959532,2.2142857142857144,0.8571428571428571,0.5,20.857142857142858,21.785714285714285,0.33435789326158627,0.6326346116289725,2.642857142857143,0.14285714285714285
2021,REG,16,IND,22,ARI,16,-6,38,0,143,-161,3.0,102,-114,48.0,-106,-105,0,0.7142857142857143,27.0,20.285714285714285,0.38244077934203985,0.6780912539841112,2.642857142857143,0.8571428571428571,0.5714285714285714,28.428571428571427,21.428571428571427,0.3763173859287305,0.6472152153708987,2.142857142857143,1.2857142857142858
2021,REG,16,DET,16,ATL,20,4,36,0,309,-373,7.5,-106,-105,42.5,102,-113,1,0.42857142857142855,18.428571428571427,27.428571428571427,0.35434873249999294,0.5571901932776546,1.1428571428571428,-0.35714285714285715,0.21428571428571427,17.357142857142858,26.142857142857142,0.30909100819815105,0.6185874638163449,1.5714285714285714,-0.2857142857142857
2021,REG,16,TB,32,CAR,6,-26,38,0,-503,399,-11.5,105,-117,44.5,-113,101,0,0.35714285714285715,19.357142857142858,22.357142857142858,0.3294387531727204,0.6747674885805138,2.5714285714285716,-0.5714285714285714,0.7142857142857143,29.285714285714285,21.857142857142858,0.43733397972119775,0.6774648495761941,2.642857142857143,0.35714285714285715
2021,REG,16,BAL,21,CIN,41,20,62,0,306,-369,7.5,-102,-109,43.0,102,-114,1,0.5714285714285714,26.357142857142858,21.642857142857142,0.35681194327810867,0.6508215082131491,2.857142857142857,0.07142857142857142,0.5714285714285714,23.857142857142858,22.5,0.3431450386558745,0.6964011303822227,2.0714285714285716,-0.6428571428571429
2021,REG,16,LAC,29,HOU,41,12,70,0,-661,500,-13.5,102,-114,46.0,-108,-103,1,0.21428571428571427,14.785714285714286,26.571428571428573,0.33275045664198694,0.6178347795994855,2.0714285714285716,-0.14285714285714285,0.5714285714285714,27.071428571428573,26.428571428571427,0.40365954073937266,0.5268348036675105,2.142857142857143,0.21428571428571427
2021,REG,16,LA,30,MIN,23,-7,53,0,-177,158,-3.5,-103,-108,48.5,-100,-111,0,0.5,25.785714285714285,24.428571428571427,0.3430548599638604,0.6931204115801639,3.142857142857143,0.35714285714285715,0.7142857142857143,27.571428571428573,21.642857142857142,0.3849809912309913,0.624172692632445,2.7857142857142856,0.35714285714285715
2021,REG,16,BUF,33,NE,21,-12,54,0,102,-114,1.0,-106,-105,43.5,-105,-106,0,0.6428571428571429,26.214285714285715,16.214285714285715,0.39802839428005277,0.6797732029874889,2.357142857142857,0.7857142857142857,0.5714285714285714,28.142857142857142,17.357142857142858,0.41367745816275237,0.7015428438581911,1.9285714285714286,0.2857142857142857
2021,REG,16,JAX,21,NYJ,26,5,47,0,114,-125,2.5,-111,100,42.5,106,-118,1,0.21428571428571427,17.857142857142858,30.571428571428573,0.3557790423861853,0.6066834309481368,2.2142857142857144,-1.0,0.14285714285714285,14.0,26.428571428571427,0.3149582560296846,0.6286189687505477,1.7857142857142858,-1.1428571428571428
2021,REG,16,NYG,10,PHI,34,24,44,0,416,-529,11.0,-108,-103,41.0,-105,-106,1,0.5,26.0,22.0,0.43509347795062076,0.6424908424908425,1.6428571428571428,-0.14285714285714285,0.2857142857142857,17.0,23.642857142857142,0.33342381241540897,0.6128538128538128,2.0,-0.07142857142857142
2021,REG,16,PIT,10,KC,36,26,46,0,328,-400,10.5,-114,102,44.0,-103,-109,1,0.7142857142857143,27.5,21.142857142857142,0.4341133174531007,0.6596803989661133,1.7142857142857142,-0.14285714285714285,0.5,20.785714285714285,23.928571428571427,0.36491007334107733,0.6403956162884734,2.9285714285714284,0.2857142857142857
2021,REG,16,DEN,13,LV,17,4,30,0,-109,-102,-1.0,-101,-110,42.0,-113,101,1,0.5,21.357142857142858,26.714285714285715,0.28908862618780795,0.6141163921709035,2.0714285714285716,-0.5714285714285714,0.5,20.357142857142858,17.357142857142858,0.3585237950535385,0.6188865222202241,2.357142857142857,0.0
2021,REG,16,WAS,14,DAL,56,42,70,0,367,-457,10.5,-113,101,45.5,101,-112,1,0.7142857142857143,28.642857142857142,20.928571428571427,0.36462178694321556,0.7116655274550012,2.2857142857142856,1.0,0.42857142857142855,20.214285714285715,25.071428571428573,0.351796551954115,0.5762492753204826,2.2142857142857144,-0.35714285714285715
2021,REG,16,MIA,20,NO,3,-17,23,0,-160,143,-3.0,-110,-101,37.5,-105,-106,0,0.5,22.357142857142858,20.357142857142858,0.3364394009351992,0.6488063315130984,2.357142857142857,0.21428571428571427,0.5,20.357142857142858,22.285714285714285,0.3731749717430833,0.5968006433342568,2.642857142857143,0.14285714285714285
2021,REG,17,DET,29,SEA,51,22,80,0,327,-399,8.5,103,-114,41.5,-111,-101,1,0.3333333333333333,20.4,20.466666666666665,0.31036541889483066,0.6801578105989871,1.9333333333333333,0.2,0.2,17.266666666666666,25.733333333333334,0.31593592137709786,0.6273482995619218,1.6666666666666667,-0.26666666666666666
2021,REG,17,LA,20,BAL,19,-1,39,0,-313,264,-7.0,-110,-101,47.0,-108,-103,0,0.5333333333333333,23.666666666666668,23.733333333333334,0.3536020360788162,0.6863380247203775,2.1333333333333333,-0.6666666666666666,0.7333333333333333,27.733333333333334,21.733333333333334,0.3926489251489252,0.6389714362005384,2.8,0.2
2021,REG,17,ATL,15,BUF,29,14,44,0,625,-871,14.0,-101,-111,46.5,-103,-108,1,0.6,28.466666666666665,17.6,0.41943229428523554,0.7153793815403723,1.8666666666666667,0.4,0.4666666666666667,18.533333333333335,26.666666666666668,0.3473921503333267,0.5592598666669875,1.0666666666666667,-0.3333333333333333
2021,REG,17,NYG,3,CHI,29,26,32,0,245,-287,7.0,-115,104,36.5,-102,-109,1,0.3333333333333333,17.666666666666668,24.866666666666667,0.28986921804259264,0.653666681901976,2.8,-0.8666666666666667,0.26666666666666666,16.533333333333335,24.333333333333332,0.33543798249680595,0.6164413364413364,1.9333333333333333,-0.2
2021,REG,17,KC,31,CIN,34,3,65,0,-178,157,-3.5,-103,-108,51.0,-102,-110,1,0.6,27.333333333333332,21.6,0.3633275106959317,0.6407667409989392,2.7333333333333334,0.13333333333333333,0.7333333333333333,28.066666666666666,20.4,0.4256852501357145,0.6585588485588486,1.7333333333333334,0.06666666666666667
2021,REG,17,LV,23,IND,20,-3,43,0,325,-397,8.5,100,-112,46.5,101,-113,0,0.6,28.0,21.066666666666666,0.3845628935334818,0.644067534346172,2.0,1.2,0.5333333333333333,21.066666666666666,25.8,0.30058528187785155,0.6337813599655705,2.066666666666667,-0.7333333333333333
2021,REG,17,JAX,10,NE,50,40,60,0,727,-1056,17.5,-109,-102,42.0,-108,-103,1,0.6,25.866666666666667,17.333333333333332,0.377553774055322,0.6677883227883229,2.2,0.6,0.13333333333333333,14.466666666666667,26.4,0.32473026973026975,0.6328648836543572,1.7333333333333334,-1.1333333333333333
2021,REG,17,TB,28,NYJ,24,-4,52,0,-868,623,-14.5,-101,-110,48.0,-104,-107,0,0.26666666666666666,18.4,29.933333333333334,0.3525732600732601,0.6021353047823635,2.1333333333333333,-0.8666666666666667,0.7333333333333333,29.466666666666665,20.8,0.44151171440645126,0.6730412670118553,2.933333333333333,0.4
2021,REG,17,MIA,3,TEN,34,31,37,0,151,-170,3.0,106,-118,41.0,-104,-107,1,0.6666666666666666,23.8,21.733333333333334,0.3886519085203296,0.663348895113601,2.466666666666667,-0.3333333333333333,0.5333333333333333,20.333333333333332,21.0,0.3679044834307993,0.6236806004453063,3.0,0.2
2021,REG,17,PHI,20,WAS,16,-4,36,0,-238,206,-6.5,103,-115,44.5,102,-113,0,0.4,19.8,27.133333333333333,0.34262916277622163,0.5600548791880061,2.2666666666666666,-0.4666666666666667,0.5333333333333333,26.533333333333335,21.2,0.42830946830946826,0.6420823620823621,1.6666666666666667,0.0
2021,REG,17,DEN,13,LAC,34,21,47,0,285,-340,8.0,-117,105,45.5,-108,-103,1,0.5333333333333333,27.2,27.4,0.41674890469008113,0.5122253039358303,2.066666666666667,0.0,0.4666666666666667,19.866666666666667,17.333333333333332,0.340682814777242,0.6135248566363117,2.3333333333333335,0.2
2021,REG,17,HOU,7,SF,23,16,30,0,463,-602,14.0,-113,101,44.0,-102,-109,1,0.5333333333333333,25.133333333333333,22.266666666666666,0.34348396701337874,0.6586765957354193,2.6666666666666665,-0.6666666666666666,0.26666666666666666,16.533333333333335,26.733333333333334,0.35672093901970064,0.6033124609595198,2.0,0.06666666666666667
2021,REG,17,ARI,25,DAL,22,-3,47,0,225,-262,6.5,-103,-108,53.0,-104,-107,0,0.7333333333333333,30.466666666666665,20.466666666666665,0.38475811225811235,0.7166021113389536,2.466666666666667,1.0666666666666667,0.6666666666666666,26.266666666666666,20.4,0.38361139405257055,0.6662185037185038,2.6,0.8
2021,REG,17,CAR,10,NO,18,8,28,0,238,-279,7.0,-110,-101,37.0,100,-112,1,0.4666666666666667,21.066666666666666,20.333333333333332,0.31401010753951925,0.6526113996083036,2.4,0.13333333333333333,0.3333333333333333,18.466666666666665,23.0,0.33340209555379835,0.6631163226751462,2.4,-0.6
2021,REG,17,MIN,10,GB,37,27,47,0,525,-702,13.0,-116,105,42.0,-100,-111,1,0.8,25.533333333333335,21.6,0.36820192964929804,0.5808140008140008,2.4,1.0666666666666667,0.4666666666666667,25.6,24.8,0.33044094622268,0.6802457174748197,2.933333333333333,0.4666666666666667
2021,REG,17,CLE,14,PIT,26,12,40,0,-117,105,-1.0,-110,-101,43.5,-111,-100,1,0.4666666666666667,20.066666666666666,24.733333333333334,0.36439225892786264,0.6438564213564213,2.8666666666666667,0.06666666666666667,0.4666666666666667,20.933333333333334,21.933333333333334,0.35095625593303603,0.638943819338556,2.466666666666667,-0.13333333333333333
2021,REG,18,TEN,28,HOU,25,-3,53,0,-575,410,-10.5,-105,-115,43.0,-110,-110,0,0.25,15.9375,26.5,0.3517869914420805,0.6057840035781212,1.9375,0.0625,0.6875,24.4375,20.5625,0.391704914237809,0.669966512245924,2.5625,-0.1875
2021,REG,18,NE,24,MIA,33,9,57,0,-250,200,-6.0,-110,-110,41.0,-110,-110,1,0.5,19.25,21.8125,0.35933353013945124,0.6198568129174746,2.875,0.0625,0.625,27.375,16.875,0.40395666317686435,0.6677182192807194,2.1875,0.75
2021,REG,18,LAC,32,LV,35,3,67,1,-180,155,-3.5,-110,-110,48.0,-110,-110,1,0.5625,21.1875,25.4375,0.3052362017604858,0.6422469480446453,2.0,-0.8125,0.5625,27.625,26.5,0.42820209814695104,0.5270862224398409,2.0,-0.0625
2021,REG,18,CAR,17,TB,41,24,58,0,375,-510,11.0,-110,-110,43.0,-105,-115,1,0.75,29.375,21.0,0.451417232256048,0.6593852787327052,2.8125,0.375,0.3125,17.9375,22.6875,0.337564464581686,0.661850123936521,2.375,-0.6875
2021,REG,18,SF,27,LA,24,-3,51,1,150,-170,3.0,-105,-115,46.5,-115,-105,0,0.75,27.25,21.5625,0.38685836732711737,0.6468298390850635,2.9375,0.125,0.5625,25.0,21.3125,0.3443376476464711,0.6626481973908444,2.6875,-0.625
2021,REG,18,NYJ,10,BUF,27,17,37,0,750,-1250,16.0,-110,-110,43.0,-110,-110,1,0.625,28.5,17.4375,0.4296761092257416,0.725355670194099,2.0625,0.25,0.25,18.75,29.8125,0.36462834040959047,0.5895018482334659,2.0625,-0.8125
2021,REG,18,KC,28,DEN,24,-4,52,0,-600,435,-11.5,-110,-110,44.5,-110,-110,0,0.4375,19.4375,18.375,0.33501513885366435,0.6001795530965423,2.1875,0.25,0.6875,28.25,21.25,0.43032992200223236,0.6620417776667776,1.875,0.0625
2021,REG,18,NO,30,ATL,20,-10,50,0,-213,186,-4.5,-111,-100,40.0,102,-113,0,0.4375,18.3125,26.8125,0.3334926409374938,0.5503477916669673,1.0625,-0.1875,0.5,20.875,19.6875,0.31670590438972784,0.6493231871327846,2.6875,0.25
2021,REG,18,SEA,38,ARI,30,-8,68,0,190,-235,5.5,-110,-110,48.0,100,-120,0,0.6875,26.1875,20.5,0.3815106819242849,0.6753610972360973,2.5,0.8125,0.375,22.3125,21.0,0.32742591354723705,0.6741062807698838,1.8125,0.375
2021,REG,18,WAS,22,NYG,7,-15,29,0,-238,206,-6.0,-102,-109,36.0,-100,-111,0,0.25,15.6875,24.625,0.32015492677257373,0.6169762529137528,1.9375,-0.3125,0.375,19.5625,26.6875,0.35871484010270777,0.5696943063816128,2.1875,-0.5
2021,REG,18,CHI,17,MIN,31,14,48,0,160,-190,3.5,-110,-110,45.5,-110,-110,1,0.4375,24.625,25.5625,0.31871695851233395,0.6665765139787972,2.75,0.4375,0.375,18.375,23.5,0.2951898919149306,0.6696306961012842,2.875,-0.6875
2021,REG,18,IND,11,JAX,26,15,37,0,-1000,650,-14.0,-110,-110,43.0,-110,-110,1,0.125,14.1875,27.875,0.3252679612054612,0.6058108284259599,1.625,-1.25,0.5625,27.5,21.1875,0.3749507896107161,0.6428758134495363,2.0,1.25
2021,REG,18,DAL,51,PHI,26,-25,77,0,-300,235,-6.5,-110,-110,46.0,-110,-110,0,0.5625,26.125,20.875,0.41939726939726935,0.6269522144522145,1.75,0.0625,0.6875,29.9375,20.75,0.3724294802419803,0.712439479380269,2.375,0.9375
2021,REG,18,PIT,16,BAL,13,-3,29,1,135,-155,3.0,-110,-110,41.0,-115,-105,0,0.5,23.375,23.5,0.34620779117683137,0.6871918981753539,2.0625,-0.5625,0.5,20.4375,24.0625,0.3572427427448712,0.6512344426406926,3.25,0.125
2021,REG,18,CIN,16,CLE,21,5,37,0,215,-265,6.5,-110,-110,38.0,-110,-110,1,0.4375,20.5,22.1875,0.3439024423181737,0.6458848306298963,2.4375,-0.1875,0.625,27.75,22.1875,0.35847668413457884,0.6319688196865054,2.5625,0.125
2021,REG,18,GB,30,DET,37,7,67,0,-195,165,-4.0,-110,-110,45.0,-115,-105,1,0.1875,18.0,27.3125,0.32223159295769593,0.6141806975059684,1.625,-0.4375,0.8125,26.25,20.875,0.37884315520006306,0.5980845543345543,2.375,1.0
2022,REG,1,BUF,31,LA,10,-21,41,0,-117,106,-1.0,-112,101,51.5,-101,-111,0,,,,,,,,,,,,,,
2022,REG,1,DEN,16,SEA,17,1,33,0,-253,221,-6.0,-107,-103,44.0,-115,102,1,,,,,,,,,,,,,,
2022,REG,1,NO,27,ATL,26,-1,53,0,-228,201,-6.0,-103,-107,43.5,-104,-108,0,,,,,,,,,,,,,,
2022,REG,1,CLE,26,CAR,24,-2,50,0,114,-125,2.5,-112,102,42.5,-113,100,0,,,,,,,,,,,,,,
2022,REG,1,SF,10,CHI,19,9,29,0,-248,217,-6.5,100,-111,38.0,-103,-109,1,,,,,,,,,,,,,,
2022,REG,1,PIT,23,CIN,20,-3,43,1,264,-308,7.5,-119,107,44.5,101,-113,0,,,,,,,,,,,,,,
2022,REG,1,PHI,38,DET,35,-3,73,0,-240,211,-6.0,-110,-100,49.0,-117,104,0,,,,,,,,,,,,,,
2022,REG,1,IND,20,HOU,20,0,40,1,-290,250,-7.0,-103,-107,46.0,-110,-102,0,,,,,,,,,,,,,,
2022,REG,1,NE,7,MIA,20,13,27,0,140,-155,3.0,-104,-106,47.0,-109,-103,1,,,,,,,,,,,,,,
2022,REG,1,BAL,24,NYJ,9,-15,33,0,-265,231,-6.5,-103,-107,44.0,-109,-103,0,,,,,,,,,,,,,,
2022,REG,1,JAX,22,WAS,28,6,50,0,143,-159,3.0,-101,-110,43.5,-110,-102,1,,,,,,,,,,,,,,
2022,REG,1,KC,44,ARI,21,-23,65,0,-252,221,-6.0,-107,-104,54.0,-110,-102,0,,,,,,,,,,,,,,
2022,REG,1,LV,19,LAC,24,5,43,0,161,-180,3.5,-106,-104,52.5,-103,-109,1,,,,,,,,,,,,,,
2022,REG,1,GB,7,MIN,23,16,30,0,113,-125,2.5,-116,105,47.0,-114,101,1,,,,,,,,,,,,,,
2022,REG,1,NYG,21,TEN,20,-1,41,0,209,-239,5.5,-108,-102,43.5,-101,-111,0,,,,,,,,,,,,,,
2022,REG,1,TB,19,DAL,3,-16,22,0,-133,120,-2.5,-108,-102,49.5,-102,-110,0,,,,,,,,,,,,,,
2022,REG,2,MIN,7,PHI,24,17,31,0,127,-141,2.5,106,-117,49.5,-115,102,1,1.0,38.0,35.0,0.5,0.4375,1.0,1.0,1.0,23.0,7.0,0.2857142857142857,0.6666666666666667,4.0,2.0
2022,REG,2,ATL,27,LA,31,4,58,0,385,-473,10.5,-113,103,46.5,-116,103,1,0.0,10.0,31.0,0.4,0.25,2.0,1.0,0.0,26.0,27.0,0.3333333333333333,0.6923076923076923,4.0,-1.0
2022,REG,2,CIN,17,DAL,20,3,37,0,-303,260,-7.5,110,-122,42.0,-104,-108,1,0.0,3.0,19.0,0.1875,0.6666666666666667,2.0,0.0,0.0,20.0,23.0,0.42105263157894735,0.7777777777777778,1.0,-5.0
2022,REG,2,LAC,24,KC,27,3,51,0,167,-188,4.0,-113,102,52.5,-101,-111,1,1.0,44.0,21.0,0.5555555555555556,0.75,3.0,-1.0,1.0,24.0,19.0,0.4,0.5454545454545454,6.0,3.0
2022,REG,2,MIA,42,BAL,38,-4,80,0,148,-164,3.0,103,-114,44.0,-114,101,0,1.0,24.0,9.0,0.38461538461538464,0.8823529411764706,3.0,1.0,1.0,20.0,7.0,0.4,0.6363636363636364,2.0,3.0
2022,REG,2,NYJ,31,CLE,30,-1,61,0,207,-235,6.5,-111,100,38.5,-107,-105,0,1.0,26.0,24.0,0.38095238095238093,0.6923076923076923,4.0,1.0,0.0,9.0,24.0,0.11764705882352941,0.6153846153846154,2.0,-1.0
2022,REG,2,WAS,27,DET,36,9,63,0,-114,103,-1.0,-107,-103,48.5,-114,101,1,0.0,35.0,38.0,0.5625,0.5,1.0,-1.0,1.0,28.0,22.0,0.5384615384615384,0.75,2.0,-2.0
2022,REG,2,IND,0,JAX,24,24,24,0,-157,142,-3.0,-107,-103,43.5,-104,-108,1,0.0,22.0,28.0,0.25,0.46153846153846156,1.0,2.0,1.0,20.0,20.0,0.375,0.6875,3.0,-1.0
2022,REG,2,TB,20,NO,10,-10,30,0,-138,124,-2.5,-109,-102,44.0,-117,104,0,1.0,27.0,26.0,0.3076923076923077,0.6666666666666667,0.0,1.0,1.0,19.0,3.0,0.3333333333333333,0.8125,4.0,0.0
2022,REG,2,CAR,16,NYG,19,3,35,0,-114,103,-1.0,-106,-104,44.0,-102,-110,1,1.0,21.0,20.0,0.18181818181818182,0.8,1.0,-3.0,0.0,24.0,26.0,0.3076923076923077,0.6190476190476191,1.0,-1.0
2022,REG,2,NE,17,PIT,14,-3,31,0,-150,135,-3.0,-102,-109,40.0,-101,-111,0,1.0,23.0,20.0,0.2222222222222222,0.5789473684210527,7.0,5.0,0.0,7.0,20.0,0.36363636363636365,0.6,3.0,-3.0
2022,REG,2,SEA,7,SF,27,20,34,0,318,-379,8.5,-113,102,40.0,-112,-100,1,0.0,10.0,19.0,0.42105263157894735,0.6666666666666667,2.0,-1.0,1.0,17.0,16.0,0.5,0.5,2.0,1.0
2022,REG,2,HOU,9,DEN,16,7,25,0,391,-481,10.5,-114,103,46.0,-110,-102,1,0.0,16.0,17.0,0.5,0.5,2.0,-1.0,0.0,20.0,20.0,0.3125,0.625,2.0,1.0
2022,REG,2,ARI,29,LV,23,-6,52,1,197,-223,5.5,-110,100,51.5,-105,-107,0,0.0,19.0,24.0,0.45454545454545453,0.6,0.0,-3.0,0.0,21.0,44.0,0.25,0.4444444444444444,0.0,1.0
2022,REG,2,CHI,10,GB,27,17,37,0,348,-420,10.5,-111,100,42.0,-104,-108,1,0.0,7.0,23.0,0.3333333333333333,0.7142857142857143,1.0,-2.0,1.0,19.0,10.0,0.3333333333333333,0.5789473684210527,2.0,1.0
2022,REG,2,TEN,7,BUF,41,34,48,0,329,-395,10.0,-115,104,47.5,-108,-104,1,1.0,31.0,10.0,0.75,0.6,7.0,-1.0,0.0,20.0,21.0,0.2,0.8181818181818181,5.0,3.0
2022,REG,3,DET,24,MIN,28,4,52,0,232,-266,6.5,-101,-110,52.0,-117,104,1,0.5,15.0,15.5,0.30952380952380953,0.6145833333333334,3.5,0.0,0.5,35.5,32.5,0.43509615384615385,0.53125,3.0,0.0
2022,REG,3,BUF,19,MIA,21,2,40,0,-196,175,-4.0,-104,-106,54.0,-103,-109,1,1.0,31.0,22.5,0.5181818181818182,0.6681818181818182,1.0,0.5,1.0,36.0,8.5,0.53125,0.6461538461538461,4.5,0.5
2022,REG,3,KC,17,IND,20,3,37,0,-199,177,-4.5,103,-114,51.0,-105,-107,1,0.5,10.0,22.0,0.27840909090909094,0.64375,1.5,-2.0,1.0,35.5,22.5,0.43162393162393164,0.7279411764705882,2.5,0.0
2022,REG,3,HOU,20,CHI,23,3,43,0,141,-156,3.0,-107,-103,40.0,-107,-105,1,0.5,14.5,18.5,0.23809523809523808,0.5394736842105263,2.5,0.5,0.0,14.5,18.0,0.22291666666666665,0.7053571428571428,2.5,1.0
2022,REG,3,NO,14,CAR,22,8,36,0,-123,112,-2.0,-102,-109,41.0,-112,-100,1,0.0,20.0,22.5,0.23076923076923078,0.6595238095238095,2.0,-1.5,0.5,18.5,23.0,0.2967032967032967,0.7017543859649124,0.5,-1.5
2022,REG,3,PIT,17,CLE,29,12,46,0,183,-206,4.5,-111,101,38.0,-107,-105,1,0.5,28.0,27.5,0.5238095238095237,0.5961538461538461,3.0,0.5,0.5,18.5,18.5,0.37777777777777777,0.5526315789473685,3.5,3.0
2022,REG,3,BAL,37,NE,26,-11,63,0,-143,129,-2.5,-114,104,45.5,-109,-103,0,0.5,12.0,17.0,0.41866028708133973,0.5333333333333333,3.0,-2.0,0.5,31.0,25.5,0.3423076923076923,0.6229946524064172,2.0,1.5
2022,REG,3,LV,22,TEN,24,2,46,0,-130,117,-1.5,-113,103,45.5,-109,-103,1,0.0,13.5,31.0,0.25384615384615383,0.7528409090909091,3.0,0.5,0.0,21.0,26.5,0.458041958041958,0.6928571428571428,0.5,-1.5
2022,REG,3,PHI,24,WAS,8,-16,32,0,-240,210,-6.0,102,-112,47.0,-101,-111,0,0.5,27.5,29.0,0.4879807692307692,0.7211538461538461,2.5,-1.5,1.0,31.0,21.0,0.46875,0.5520833333333334,1.5,1.5
2022,REG,3,JAX,38,LAC,10,-28,48,0,220,-252,6.5,-106,-104,46.0,-112,-100,0,0.5,24.0,23.0,0.34705882352941175,0.6188811188811189,3.5,1.0,0.5,23.0,14.0,0.325,0.6398601398601398,3.0,2.5
2022,REG,3,LA,20,ARI,12,-8,32,0,-171,153,-3.5,104,-115,49.0,-114,102,0,0.5,25.0,33.5,0.23214285714285715,0.49145299145299143,0.5,0.5,0.5,20.5,29.0,0.5,0.5,2.5,0.5
2022,REG,3,ATL,27,SEA,23,-4,50,0,-104,-106,1.0,-112,102,43.0,103,-115,0,0.5,12.0,21.5,0.375,0.5833333333333334,1.5,0.0,0.0,26.5,29.0,0.29166666666666663,0.5461538461538462,2.5,-0.5
2022,REG,3,GB,14,TB,12,-2,26,0,112,-123,1.0,105,-115,41.5,-103,-109,0,1.0,19.5,6.5,0.2982456140350877,0.7633928571428572,5.0,2.0,0.5,17.0,16.5,0.41666666666666663,0.7857142857142858,2.0,-1.0
2022,REG,3,SF,10,DEN,11,1,21,0,-110,-101,-1.0,-102,-108,44.0,101,-114,1,0.5,16.0,13.0,0.35714285714285715,0.6833333333333333,2.5,-1.0,0.5,18.5,13.0,0.3771929824561403,0.7083333333333334,2.0,0.0
2022,REG,3,DAL,23,NYG,16,-7,39,0,109,-120,1.0,103,-113,38.5,-102,-110,0,1.0,20.0,18.0,0.2409090909090909,0.823076923076923,1.5,-0.5,0.5,11.5,18.0,0.20089285714285715,0.6666666666666667,4.0,-0.5
2022,REG,3,CIN,27,NYJ,12,-15,39,0,-247,220,-6.5,104,-115,46.0,-106,-106,0,0.5,20.0,27.0,0.3088235294117647,0.4743589743589744,1.5,-0.5,0.0,18.5,21.5,0.3771929824561403,0.7817460317460317,1.0,-2.0
2022,REG,4,BUF,23,BAL,20,-3,43,0,-172,154,-3.0,-117,106,50.0,-103,-109,0,0.6666666666666666,33.0,25.666666666666668,0.3564102564102564,0.674589027530204,2.3333333333333335,1.6666666666666667,0.6666666666666666,30.333333333333332,12.666666666666666,0.5578703703703703,0.652991452991453,3.6666666666666665,0.0
2022,REG,4,MIN,28,NO,25,-3,53,0,-199,177,-4.0,-103,-107,42.0,-110,-102,0,0.3333333333333333,17.0,22.666666666666668,0.3089133089133089,0.712280701754386,1.3333333333333333,-2.0,0.6666666666666666,19.333333333333332,18.333333333333332,0.273015873015873,0.6805555555555557,2.3333333333333335,0.0
2022,REG,4,LA,9,SF,24,15,33,0,112,-124,1.0,106,-116,42.0,-109,-103,1,0.3333333333333333,15.666666666666666,12.333333333333334,0.27923976608187134,0.7185990338164251,2.6666666666666665,-1.0,0.6666666666666666,20.333333333333332,23.333333333333332,0.4444444444444444,0.5614035087719298,2.3333333333333335,0.0
2022,REG,4,KC,41,TB,31,-10,72,0,113,-125,1.0,107,-118,46.5,102,-115,0,0.6666666666666666,17.0,9.0,0.2501124606387764,0.7089285714285715,3.6666666666666665,1.3333333333333333,0.6666666666666666,29.333333333333332,21.666666666666668,0.3877492877492878,0.6936274509803922,3.3333333333333335,0.3333333333333333
2022,REG,4,DEN,23,LV,32,9,55,0,124,-137,2.5,-101,-109,45.5,-110,-102,1,0.0,21.333333333333332,25.666666666666668,0.3291708291708291,0.6285714285714286,0.6666666666666666,-1.0,0.6666666666666666,14.333333333333334,12.0,0.3250517598343685,0.7611111111111111,3.0,0.3333333333333333
2022,REG,4,NE,24,GB,27,3,51,1,358,-435,10.0,-120,109,40.5,-111,-101,1,0.6666666666666666,16.0,15.0,0.41111111111111115,0.805860805860806,2.3333333333333335,-0.6666666666666666,0.3333333333333333,16.666666666666668,23.666666666666668,0.35318093212830054,0.5606837606837607,3.3333333333333335,-2.0
2022,REG,4,ARI,26,CAR,16,-10,42,0,102,-113,1.0,-104,-106,44.0,-113,100,0,0.3333333333333333,20.666666666666668,19.666666666666668,0.24273504273504276,0.6619047619047619,1.6666666666666667,0.0,0.3333333333333333,20.666666666666668,29.0,0.2600250626566416,0.5498575498575499,0.6666666666666666,0.6666666666666666
2022,REG,4,NYJ,24,PIT,20,-4,44,0,145,-161,3.0,-102,-108,41.0,102,-115,0,0.3333333333333333,18.0,22.0,0.28215488215488216,0.5841073271413829,3.0,1.6666666666666667,0.3333333333333333,17.333333333333332,27.0,0.32868937048503616,0.5123177476118653,1.6666666666666667,-1.3333333333333333
2022,REG,4,JAX,21,PHI,29,8,50,0,223,-256,6.5,-109,-102,44.0,-102,-111,1,1.0,28.666666666666668,16.666666666666668,0.4236111111111111,0.6013888888888889,4.0,1.3333333333333333,0.6666666666666666,28.0,12.666666666666666,0.39444444444444443,0.6317016317016316,2.3333333333333335,2.3333333333333335
2022,REG,4,CHI,12,NYG,20,8,32,0,130,-144,3.0,-120,109,39.0,-103,-110,1,0.6666666666666666,18.666666666666668,19.666666666666668,0.2272727272727273,0.7709401709401709,1.0,-0.6666666666666666,0.6666666666666666,17.333333333333332,19.0,0.2920634920634921,0.6160593792172739,2.0,0.3333333333333333
2022,REG,4,TEN,24,IND,17,-7,41,0,182,-205,4.5,-105,-105,43.0,-102,-110,0,0.6666666666666666,13.333333333333334,20.333333333333332,0.3106060606060606,0.6625,1.3333333333333333,-1.6666666666666667,0.3333333333333333,17.0,28.0,0.33589743589743587,0.8114177489177489,2.3333333333333335,0.3333333333333333
2022,REG,4,LAC,34,HOU,24,-10,58,0,-234,205,-5.5,-106,-104,45.0,102,-115,0,0.0,16.333333333333332,19.666666666666668,0.22553418803418804,0.6702380952380952,3.3333333333333335,0.6666666666666666,0.3333333333333333,19.333333333333332,28.0,0.35957767722473605,0.568142968142968,2.3333333333333335,0.0
2022,REG,4,SEA,48,DET,45,-3,93,0,151,-169,3.0,103,-113,48.5,-112,-101,0,0.3333333333333333,31.666666666666668,31.0,0.3525641025641026,0.6208333333333333,2.3333333333333335,0.0,0.3333333333333333,15.666666666666666,23.333333333333332,0.4264705882352941,0.5555555555555556,2.0,0.3333333333333333
2022,REG,4,WAS,10,DAL,25,15,35,0,140,-155,3.0,-110,-101,40.5,-101,-111,1,0.6666666666666666,15.333333333333334,17.333333333333332,0.24503968253968256,0.7111111111111112,4.333333333333333,0.0,0.3333333333333333,21.0,27.333333333333332,0.4253205128205128,0.702991452991453,2.6666666666666665,-1.3333333333333333
2022,REG,4,MIA,15,CIN,27,12,42,0,169,-190,4.0,-107,-103,48.5,-103,-109,1,0.3333333333333333,21.333333333333332,18.333333333333332,0.3887168902648779,0.7316903369534948,2.0,-0.3333333333333333,1.0,27.666666666666668,21.333333333333332,0.45656565656565656,0.5750841750841751,2.0,0.6666666666666666
2022,REG,4,CLE,20,ATL,23,3,43,0,-107,-103,-1.0,-101,-109,48.0,-100,-112,1,0.3333333333333333,26.666666666666668,27.0,0.3611111111111111,0.5209653092006034,2.3333333333333335,-0.6666666666666666,0.6666666666666666,28.333333333333332,24.0,0.46685340802987857,0.7004662004662005,2.3333333333333335,0.6666666666666666
2022,REG,5,NYG,27,GB,22,-5,49,0,331,-397,8.5,104,-115,42.0,-110,-102,0,0.75,18.75,17.25,0.4083333333333333,0.7862137862137863,2.75,-0.75,0.75,19.0,17.75,0.2704545454545455,0.7500801282051281,2.25,-0.25
2022,REG,5,LV,29,KC,30,1,59,0,275,-321,7.5,-125,113,51.5,-109,-103,1,0.75,32.25,24.0,0.4574786324786325,0.6548359728506787,2.75,0.5,0.25,24.0,25.0,0.37187812187812186,0.6532467532467532,1.25,-0.5
2022,REG,5,IND,12,DEN,9,-3,21,1,159,-178,3.5,-114,104,42.0,-106,-106,0,0.5,16.5,17.0,0.31197063805759456,0.6958333333333333,2.75,0.0,0.5,14.25,21.25,0.3496212121212121,0.6507211538461539,1.75,-2.0
2022,REG,5,PIT,3,BUF,38,35,41,0,568,-749,14.0,-108,-102,44.0,-103,-110,1,0.75,28.5,14.5,0.5017361111111112,0.6326007326007326,3.25,0.0,0.25,18.5,22.5,0.327000777000777,0.5998452012383901,2.5,0.75
2022,REG,5,LAC,30,CLE,28,-2,58,0,-114,103,-1.0,-106,-104,47.0,-114,102,0,0.5,26.25,23.75,0.43942577030812324,0.6920163170163169,2.0,0.25,0.5,23.0,27.0,0.3873303167420814,0.6046786546786547,2.75,0.25
2022,REG,5,HOU,13,JAX,6,-7,19,0,261,-304,7.0,-113,102,44.0,-112,-101,0,0.5,26.25,16.75,0.3672619047619048,0.6571095571095571,2.25,0.75,0.0,18.25,23.25,0.24057921245421246,0.635031512605042,2.75,0.25
2022,REG,5,CHI,22,MIN,29,7,51,0,322,-385,10.0,-116,105,44.0,-106,-106,1,0.75,21.5,20.0,0.26726190476190476,0.6834935897435899,2.25,-0.25,0.5,16.0,19.25,0.29717261904761905,0.6120445344129555,1.75,0.0
2022,REG,5,DET,0,NE,29,29,29,0,133,-148,3.0,-113,102,46.5,101,-114,1,0.25,18.5,24.5,0.33306751727804357,0.5705128205128205,2.75,-1.25,0.25,35.0,35.25,0.36442307692307696,0.5425480769230769,1.75,-0.75
2022,REG,5,SEA,32,NO,39,7,71,0,201,-229,5.5,-106,-104,45.5,-113,100,1,0.25,19.0,24.0,0.3086080586080586,0.7217105263157895,1.75,-1.25,0.5,23.75,28.75,0.49292986425339363,0.5666666666666667,1.75,1.0
2022,REG,5,MIA,17,NYJ,40,23,57,0,-162,146,-3.0,-110,100,46.0,-101,-111,1,0.5,19.0,25.25,0.3347523219814242,0.5188536953242836,2.0,-0.5,0.75,24.5,22.75,0.3878787878787879,0.5563131313131313,1.75,0.0
2022,REG,5,ATL,15,TB,21,6,36,0,355,-430,10.5,-113,102,46.0,101,-113,1,0.5,20.5,17.0,0.30296896086369773,0.615029761904762,3.5,0.75,0.5,25.75,25.25,0.35416666666666663,0.5514382676147382,2.0,-0.25
2022,REG,5,TEN,21,WAS,17,-4,38,0,-110,-100,-1.0,-102,-108,43.0,-106,-106,0,0.25,18.25,26.75,0.3971153846153846,0.6991185897435898,2.25,-1.5,0.5,18.75,25.25,0.34807692307692306,0.741896645021645,2.5,1.0
2022,REG,5,SF,37,CAR,15,-22,52,0,-234,206,-6.0,-102,-109,40.0,-104,-108,0,0.25,19.5,21.25,0.22750582750582754,0.6526785714285714,1.5,-0.5,0.5,17.75,11.5,0.31359649122807015,0.7108242753623188,3.75,-0.25
2022,REG,5,PHI,20,ARI,17,-3,37,0,-222,196,-5.5,101,-111,48.5,101,-113,0,0.5,22.0,25.75,0.2887687969924812,0.6169386169386168,1.0,1.0,1.0,28.75,17.75,0.38437499999999997,0.6296130952380953,4.0,2.0
2022,REG,5,DAL,22,LA,10,-12,32,0,195,-220,5.5,-112,102,42.0,-106,-106,0,0.5,17.5,23.5,0.4114583333333333,0.5668859649122806,1.75,-0.5,0.75,17.75,15.5,0.2619047619047619,0.7052083333333334,3.75,0.5
2022,REG,5,CIN,17,BAL,19,2,36,0,151,-168,3.0,103,-114,47.5,-104,-108,1,0.5,29.75,25.0,0.37445054945054945,0.6726084373143197,2.0,1.25,0.5,22.75,17.5,0.4165376676986584,0.7533132072605757,1.75,0.25
2022,REG,6,SF,14,ATL,28,14,42,0,-185,166,-3.5,-100,-110,46.0,-109,-103,1,0.4,23.6,24.4,0.3583333333333333,0.5464137719865274,1.6,-0.2,0.6,21.6,12.2,0.3675438596491228,0.7333653026427962,4.2,-0.2
2022,REG,6,WAS,12,CHI,7,-5,19,0,-120,109,-1.0,-112,102,38.5,-105,-107,0,0.4,17.2,21.2,0.310465367965368,0.5484591569421291,1.6,0.0,0.2,18.0,25.6,0.33587412587412585,0.71223604826546,2.8,-1.4
2022,REG,6,DEN,16,LAC,19,3,35,1,166,-186,3.5,-103,-107,45.5,-115,102,1,0.6,24.4,27.2,0.3598642533936651,0.611015651015651,2.2,0.4,0.4,15.0,16.0,0.2762431771127423,0.7122222222222222,3.4,0.0
2022,REG,6,DAL,17,PHI,26,9,43,0,252,-292,6.5,109,-120,42.5,-104,-108,1,1.0,27.0,17.6,0.39980769230769225,0.5970238095238096,3.4,1.8,0.8,18.6,14.4,0.27202380952380956,0.6975000000000001,4.0,1.0
2022,REG,6,BUF,24,KC,20,-4,44,0,-146,132,-2.5,-116,105,54.0,-105,-107,0,0.8,31.8,25.0,0.4593162393162394,0.6572021116138764,2.6,0.4,0.8,30.4,12.2,0.5125,0.6394139194139195,3.2,0.0
2022,REG,6,ARI,9,SEA,19,10,28,0,-136,123,-2.5,-106,-104,50.0,-102,-110,1,0.4,25.4,30.8,0.4125257095845331,0.5592156862745098,1.6,1.0,0.4,21.0,24.6,0.33768170426065164,0.6012432012432012,1.2,0.6
2022,REG,6,CAR,10,LA,24,14,34,0,343,-413,10.0,-112,102,41.5,-109,-103,1,0.4,16.0,23.2,0.3958333333333333,0.5910087719298245,2.0,-1.0,0.2,18.6,24.4,0.21729877965172087,0.6054761904761905,1.6,-0.4
2022,REG,6,TB,18,PIT,20,2,38,0,-386,323,-10.0,103,-113,47.0,-117,104,1,0.2,15.4,25.6,0.32826728826728824,0.5687650498796011,2.0,0.6,0.6,20.6,16.6,0.33711201079622133,0.6170238095238096,3.8,0.6
2022,REG,6,BAL,20,NYG,24,4,44,0,-234,206,-5.5,-107,-103,46.0,-110,-102,1,0.8,20.6,18.6,0.30867132867132874,0.7200641025641026,2.2,-0.2,0.6,27.6,23.4,0.3828937728937729,0.6714200831847892,2.2,1.0
2022,REG,6,CIN,30,NO,26,-4,56,0,-164,148,-3.0,-110,100,42.5,-104,-108,0,0.4,23.0,25.6,0.3410040939452704,0.7591866028708134,2.0,-1.2,0.4,21.6,17.8,0.39989680082559337,0.7193172324751271,1.6,0.2
2022,REG,6,MIN,24,MIA,16,-8,40,0,-175,157,-3.0,-120,109,45.0,-107,-105,0,0.6,23.0,26.2,0.36744588744588746,0.5541414141414142,1.8,-0.4,0.8,23.0,20.4,0.3549859943977591,0.6740675990675992,2.2,-0.2
2022,REG,6,JAX,27,IND,34,7,61,0,110,-122,1.0,103,-114,41.0,100,-113,1,0.6,13.8,18.8,0.3241414141414142,0.6939102564102565,2.2,-1.6,0.4,22.2,16.0,0.3688095238095238,0.6590209790209791,2.0,0.2
2022,REG,6,NYJ,27,GB,10,-17,37,0,305,-362,7.5,-101,-109,44.5,-101,-111,0,0.6,19.4,19.2,0.4066666666666666,0.7366633366633367,2.4,-0.6,0.6,23.2,23.6,0.35871094849423024,0.5579400991165697,2.0,0.0
2022,REG,6,NE,38,CLE,15,-23,53,0,127,-140,2.5,101,-111,43.0,-104,-108,0,0.4,26.6,25.0,0.4242678889737713,0.7036130536130536,1.8,0.0,0.4,20.6,19.6,0.3331206804891015,0.5948717948717949,2.6,-0.8
2022,REG,7,CLE,20,BAL,23,3,43,0,244,-282,6.5,100,-110,46.0,-100,-112,1,0.5,26.333333333333332,23.5,0.37968420468420466,0.6532667359873243,2.5,0.6666666666666666,0.3333333333333333,24.666666666666668,27.166666666666668,0.39522324081147614,0.6916073692389482,1.8333333333333333,-0.16666666666666666
2022,REG,7,CHI,33,NE,14,-19,47,0,327,-392,9.5,-110,-100,40.0,-106,-106,0,0.5,23.5,18.833333333333332,0.33900407584618103,0.6207264957264957,2.8333333333333335,-0.5,0.3333333333333333,15.5,19.666666666666668,0.3182449494949495,0.5980749384774152,1.8333333333333333,0.0
2022,REG,7,NO,34,ARI,42,8,76,0,126,-140,2.5,-101,-109,44.0,-114,101,1,0.3333333333333333,19.0,23.666666666666668,0.32061710649171954,0.626036001036001,1.8333333333333333,0.3333333333333333,0.3333333333333333,23.5,26.333333333333332,0.35083674495439204,0.6993221690590112,2.1666666666666665,-1.1666666666666667
2022,REG,7,TB,3,CAR,21,18,24,0,-680,524,-13.0,-103,-107,39.5,-116,103,1,0.16666666666666666,17.166666666666668,24.333333333333332,0.21441564970976737,0.6087301587301587,1.5,-0.3333333333333333,0.5,20.166666666666668,17.166666666666668,0.3253711201079622,0.6122257236227825,3.5,0.5
2022,REG,7,ATL,17,CIN,35,18,52,0,235,-271,6.5,-100,-110,47.5,100,-112,1,0.5,23.0,19.166666666666668,0.4332473340213278,0.699431027062606,1.5,0.3333333333333333,0.5,24.333333333333332,22.666666666666668,0.4057539682539682,0.566455921099884,1.3333333333333333,0.3333333333333333
2022,REG,7,DET,6,DAL,24,18,30,0,241,-278,7.0,-112,102,49.5,-102,-110,1,0.6666666666666666,18.333333333333332,16.333333333333332,0.2872925685425685,0.68125,4.0,0.3333333333333333,0.2,28.0,34.0,0.3530769230769231,0.5673717948717949,1.4,-0.8
2022,REG,7,NYG,23,JAX,17,-6,40,0,148,-165,3.0,102,-112,44.0,-105,-107,0,0.3333333333333333,23.0,19.0,0.3767857142857143,0.6178116001645414,1.6666666666666667,0.0,0.8333333333333334,21.166666666666668,18.833333333333332,0.33014277389277397,0.7061140248640249,2.1666666666666665,0.0
2022,REG,7,IND,10,TEN,19,9,29,0,129,-143,2.5,-102,-108,43.0,-104,-109,1,0.6,19.2,23.6,0.32552036199095025,0.7753354978354978,2.6,1.0,0.6666666666666666,17.166666666666668,20.166666666666668,0.36815706080411964,0.6754807692307693,2.5,-1.1666666666666667
2022,REG,7,GB,21,WAS,23,2,44,0,-195,173,-4.0,-102,-108,41.5,-105,-107,1,0.3333333333333333,17.0,22.5,0.30553613053613055,0.7006728973640738,3.1666666666666665,-1.1666666666666667,0.5,17.833333333333332,20.5,0.37397660818713446,0.7666638916638918,2.3333333333333335,-0.6666666666666666
2022,REG,7,NYJ,16,DEN,9,-7,25,0,-127,115,-2.0,-106,-104,37.0,-114,101,0,0.3333333333333333,15.166666666666666,16.5,0.2718693142606186,0.6947089947089946,3.1666666666666665,0.3333333333333333,0.6666666666666666,23.833333333333332,21.333333333333332,0.3128146793007474,0.5965290299655625,2.3333333333333335,0.16666666666666666
2022,REG,7,HOU,20,LV,38,18,58,0,278,-325,7.0,104,-115,46.0,-104,-108,1,0.2,25.0,26.0,0.3641691641691641,0.6292640692640692,1.6,-0.4,0.2,17.2,19.8,0.25913003663003664,0.6330252100840336,2.2,0.6
2022,REG,7,SEA,37,LAC,23,-14,60,0,193,-219,5.5,-111,101,51.5,-114,101,0,0.6666666666666666,23.5,25.333333333333332,0.36536306830424475,0.6341797091797091,2.5,0.0,0.5,24.333333333333332,27.166666666666668,0.38543809132044426,0.5934640522875817,2.3333333333333335,1.0
2022,REG,7,KC,44,SF,23,-21,67,0,-106,-104,-1.0,102,-112,49.0,-114,101,0,0.5,20.333333333333332,14.833333333333334,0.3618421052631579,0.6706615617261397,3.8333333333333335,-0.6666666666666666,0.6666666666666666,29.833333333333332,24.833333333333332,0.4303825803825804,0.6537290324055031,2.3333333333333335,0.16666666666666666
2022,REG,7,PIT,10,MIA,16,6,26,0,255,-297,7.5,-119,108,44.5,-107,-105,1,0.5,21.833333333333332,25.833333333333332,0.35064935064935066,0.6046416546416546,2.0,-0.8333333333333334,0.3333333333333333,16.166666666666668,24.333333333333332,0.3421835245364657,0.5961930971218897,2.0,0.5
2022,REG,8,CIN,13,CLE,32,19,45,0,-163,147,-3.0,-112,102,45.0,-102,-110,1,0.2857142857142857,24.0,26.571428571428573,0.3607407998164301,0.6731634593476699,2.0,-0.2857142857142857,0.5714285714285714,24.714285714285715,18.857142857142858,0.4546881910659,0.6852265946250907,1.7142857142857142,0.2857142857142857
2022,REG,8,GB,17,BUF,27,10,44,0,365,-445,10.5,-110,100,47.0,-104,-108,1,0.8333333333333334,29.333333333333332,13.5,0.487689393939394,0.6518925518925519,3.1666666666666665,0.16666666666666666,0.42857142857142855,18.285714285714285,20.857142857142858,0.32055137844611525,0.7411740920144282,2.142857142857143,-0.2857142857142857
2022,REG,8,NYG,13,SEA,27,14,40,0,147,-164,3.0,-100,-110,44.5,-110,-102,1,0.5714285714285714,26.142857142857142,26.571428571428573,0.39531057178116,0.6039215686274509,2.4285714285714284,0.8571428571428571,0.8571428571428571,21.428571428571427,18.571428571428573,0.34420401027543884,0.6821636696636696,1.8571428571428572,0.14285714285714285
2022,REG,8,SF,31,LA,14,-17,45,0,-104,-106,-1.0,103,-114,42.0,-103,-109,0,0.5,17.333333333333332,21.0,0.3923611111111111,0.6258406432748537,2.0,-0.8333333333333334,0.42857142857142855,20.714285714285715,19.0,0.3863408521303258,0.6517758441169109,3.4285714285714284,-1.0
2022,REG,8,WAS,17,IND,16,-1,33,0,136,-151,3.0,-114,103,40.5,-110,-102,0,0.5714285714285714,16.142857142857142,20.0,0.35637952150557195,0.6623168498168498,2.4285714285714284,-1.2857142857142858,0.42857142857142855,17.857142857142858,22.285714285714285,0.32071164129987656,0.743433912026349,2.7142857142857144,-1.2857142857142858
2022,REG,8,TEN,17,HOU,10,-7,27,0,-115,104,-1.0,-107,-103,39.0,-102,-110,0,0.16666666666666666,17.666666666666668,22.833333333333332,0.31594169719169723,0.6201136009959539,2.0,0.3333333333333333,0.6666666666666666,19.166666666666668,21.333333333333332,0.34071141277023625,0.7651605339105338,2.6666666666666665,1.1666666666666667
2022,REG,8,PIT,13,PHI,35,22,48,0,397,-490,11.0,102,-112,43.0,-110,-102,1,1.0,26.833333333333332,17.5,0.39983974358974356,0.6035804473304474,2.8333333333333335,2.0,0.2857142857142857,15.285714285714286,23.142857142857142,0.3290144496026849,0.6157845594378103,1.7142857142857142,0.0
2022,REG,8,NE,22,NYJ,17,-5,39,0,-155,140,-3.0,-103,-107,40.0,-102,-110,0,0.7142857142857143,22.714285714285715,19.571428571428573,0.2949125822577835,0.6121509332477931,2.142857142857143,0.2857142857142857,0.42857142857142855,22.142857142857142,20.857142857142858,0.3555099870889344,0.5876068376068376,3.0,-0.8571428571428571
2022,REG,8,LV,0,NO,24,24,24,0,-119,108,-1.0,-111,101,48.5,-111,-101,1,0.2857142857142857,25.0,28.571428571428573,0.3619416997568258,0.7093091119406909,2.142857142857143,-1.4285714285714286,0.3333333333333333,27.166666666666668,25.0,0.3775483775483775,0.5910533910533909,1.5,-0.16666666666666666
2022,REG,8,ARI,26,MIN,34,8,60,0,177,-199,4.0,-105,-105,48.5,-106,-106,1,0.8333333333333334,23.166666666666668,19.666666666666668,0.31963118580765637,0.6839452214452214,2.8333333333333335,0.3333333333333333,0.42857142857142855,22.285714285714285,25.142857142857142,0.30778169567422115,0.618234939663511,1.5714285714285714,0.7142857142857143
2022,REG,8,MIA,31,DET,27,-4,58,0,-190,169,-3.5,-112,102,52.0,-108,-104,0,0.16666666666666666,24.333333333333332,32.333333333333336,0.33589743589743587,0.5894764957264957,1.5,-1.3333333333333333,0.5714285714285714,21.0,23.571428571428573,0.3386518243661101,0.6254071325499897,2.0,-0.2857142857142857
2022,REG,8,CHI,29,DAL,49,20,78,0,355,-430,10.5,-121,109,43.0,-108,-104,1,0.7142857142857143,19.142857142857142,14.857142857142858,0.28910791589363016,0.6910714285714287,4.142857142857143,0.8571428571428571,0.42857142857142855,18.0,18.857142857142858,0.3600829725829726,0.5905577394741481,1.7142857142857142,0.42857142857142855
2022,REG,8,CAR,34,ATL,37,3,71,1,178,-201,4.5,-110,-100,41.0,-106,-106,1,0.42857142857142855,23.285714285714285,24.428571428571427,0.4049319727891156,0.5450574561808529,1.5714285714285714,0.2857142857142857,0.2857142857142857,17.714285714285715,21.285714285714285,0.23140389022741964,0.64421768707483,1.4285714285714286,-0.2857142857142857
2022,REG,8,DEN,21,JAX,17,-4,38,0,-103,-107,1.0,-112,101,41.0,-103,-109,0,0.2857142857142857,22.142857142857142,19.571428571428573,0.38889324960753535,0.6111854532022599,1.5714285714285714,-0.14285714285714285,0.2857142857142857,14.285714285714286,16.428571428571427,0.27504764751750505,0.7115362811791383,3.142857142857143,0.14285714285714285
2022,REG,8,BAL,27,TB,22,-5,49,0,116,-128,2.0,-104,-106,46.0,-102,-110,0,0.42857142857142855,17.714285714285715,17.714285714285715,0.2992976947864166,0.6200030012004802,3.142857142857143,0.42857142857142855,0.5714285714285714,25.857142857142858,23.0,0.3879436040150326,0.6808220374396845,2.857142857142857,0.7142857142857143
2022,REG,9,MIN,20,WAS,17,-3,37,0,-169,151,-3.0,-119,108,43.5,-106,-106,0,0.5,17.75,21.5,0.3014560194707253,0.723421339689722,2.625,-1.0,0.8571428571428571,24.714285714285715,20.571428571428573,0.33111244497799114,0.6882795775652919,3.0,0.2857142857142857
2022,REG,9,GB,9,DET,15,6,24,0,-191,170,-4.0,-107,-103,49.5,-107,-105,1,0.14285714285714285,24.714285714285715,32.142857142857146,0.34505494505494505,0.5602106227106227,1.5714285714285714,-1.0,0.375,18.125,21.625,0.33817476383265854,0.7457495527348469,2.125,-0.125
2022,REG,9,BAL,27,NO,13,-14,40,0,-124,112,-1.0,-117,106,46.0,-108,-104,0,0.375,24.875,25.0,0.38400667959491486,0.7039788062814379,2.375,-1.125,0.625,26.0,22.875,0.39302208208458206,0.6850049970454383,2.875,0.5
2022,REG,9,TEN,17,KC,20,3,37,1,530,-689,14.0,-107,-103,45.0,-106,-106,1,0.7142857142857143,31.857142857142858,24.571428571428573,0.4348334205477063,0.627005837299955,2.7142857142857144,0.5714285714285714,0.7142857142857143,18.857142857142858,19.714285714285715,0.3396574014221073,0.7783008658008657,2.7142857142857144,1.1428571428571428
2022,REG,9,LA,13,TB,16,3,29,0,142,-158,3.0,-104,-106,43.0,-108,-104,1,0.375,18.25,18.875,0.29759976865240023,0.6139311974789916,3.125,0.5,0.42857142857142855,16.857142857142858,22.428571428571427,0.4179421768707483,0.5999269005847953,2.142857142857143,-0.7142857142857143
2022,REG,9,SEA,31,ARI,21,-10,52,0,116,-128,1.5,102,-113,49.5,-115,103,0,0.375,22.75,26.25,0.3050232694292292,0.6159555722055721,1.75,0.625,0.625,26.25,24.875,0.3747429041546689,0.6139576883384933,2.75,0.375
2022,REG,9,BUF,17,NYJ,20,3,37,0,-494,400,-11.0,103,-114,46.0,-102,-110,1,0.625,22.0,19.875,0.3026913666184177,0.6211583823812926,2.625,0.0,0.8571428571428571,29.0,14.0,0.4497655122655123,0.6356881214024072,3.0,0.0
2022,REG,9,IND,3,NE,26,23,29,0,188,-212,5.0,-115,104,40.0,-109,-103,1,0.5,22.125,20.375,0.35054492291334394,0.5945131257631258,2.875,-0.5,0.5,16.125,19.625,0.36391541465070876,0.6836939102564102,2.375,-1.25
2022,REG,9,LV,20,JAX,27,7,47,0,-129,116,-2.5,-102,-108,47.5,105,-118,1,0.25,21.5,19.75,0.3857361388611389,0.6405565023212082,1.75,-0.25,0.2857142857142857,23.285714285714285,24.857142857142858,0.37123194266051407,0.5725512582655439,1.2857142857142858,-0.2857142857142857
2022,REG,9,CAR,21,CIN,42,21,63,0,282,-331,7.0,-100,-110,43.0,-114,101,1,0.5,23.25,20.5,0.443306712637208,0.6476501933738774,1.75,0.25,0.25,19.75,23.25,0.24414507061565885,0.6309981684981685,1.5,-0.125
2022,REG,9,PHI,29,HOU,17,-12,46,0,-702,539,-14.0,102,-113,45.5,-112,-101,0,0.14285714285714285,16.571428571428573,22.0,0.2912153322867609,0.626764038948913,2.142857142857143,0.14285714285714285,1.0,28.0,16.857142857142858,0.4196428571428571,0.6492228010085154,3.2857142857142856,2.0
2022,REG,9,LAC,20,ATL,17,-3,37,0,-143,130,-2.5,-114,103,49.5,-105,-107,0,0.5,25.0,25.625,0.41200778388278386,0.5602586074915796,1.5,0.125,0.5714285714285714,23.428571428571427,27.0,0.36078739187982883,0.6215046857904001,2.4285714285714284,0.0
2022,REG,9,MIA,35,CHI,32,-3,67,0,-193,172,-4.0,-103,-107,46.0,-104,-108,0,0.375,19.375,22.625,0.3567392676767677,0.5394652947671523,1.625,0.375,0.625,22.25,24.0,0.37324342324342324,0.6222312409812409,1.875,-0.375
2022,REG,10,JAX,17,KC,27,10,44,0,333,-399,10.0,-120,109,51.5,-110,-102,1,0.75,30.375,23.625,0.42809829059829063,0.6632134409707939,2.75,0.375,0.3333333333333333,22.11111111111111,19.77777777777778,0.4053765678765679,0.6527168909521851,1.7777777777777777,-0.2222222222222222
2022,REG,10,WAS,32,PHI,21,-11,53,0,405,-501,11.0,-107,-103,43.0,-103,-109,0,1.0,28.125,16.875,0.42400568181818177,0.6703426781551782,3.25,1.875,0.4444444444444444,17.666666666666668,21.333333333333332,0.29573868397397807,0.7084006679594914,2.5555555555555554,-0.8888888888888888
2022,REG,10,ATL,15,CAR,25,10,40,0,-132,119,-2.5,-103,-107,41.5,-106,-106,1,0.2222222222222222,19.88888888888889,25.333333333333332,0.24170919857194365,0.6164428164428164,1.5555555555555556,-0.4444444444444444,0.4444444444444444,24.11111111111111,25.0,0.41673419173419174,0.5535632066591819,1.3333333333333333,0.2222222222222222
2022,REG,10,SEA,16,TB,21,5,37,0,124,-138,2.5,103,-114,45.0,-104,-108,1,0.4444444444444444,18.0,18.22222222222222,0.3099876731455679,0.6290499533146592,3.2222222222222223,0.4444444444444444,0.6666666666666666,26.77777777777778,24.444444444444443,0.40254924813748344,0.6198142414860681,3.0,0.3333333333333333
2022,REG,10,MIN,33,BUF,30,-3,63,1,230,-264,6.5,-104,-106,47.0,-105,-107,0,0.75,27.5,14.75,0.4704679001554002,0.6331501831501831,2.875,-0.125,0.875,24.125,20.125,0.34119397759103637,0.6959946303696304,3.0,0.25
2022,REG,10,CLE,17,MIA,39,22,56,0,158,-177,3.0,112,-123,49.0,-102,-110,1,0.6666666666666666,23.666666666666668,24.88888888888889,0.38732748732748734,0.5988460704146978,1.8888888888888888,-0.3333333333333333,0.375,25.0,24.875,0.39257127676245324,0.6685634814746657,2.375,-0.25
2022,REG,10,HOU,16,NYG,24,8,40,0,195,-221,5.5,-112,102,41.5,-109,-103,1,0.75,20.375,19.625,0.34065219320153534,0.693047057109557,2.0,0.5,0.125,16.625,22.875,0.27754068847818847,0.6166003522621171,2.375,0.0
2022,REG,10,NO,10,PIT,20,10,30,0,105,-116,1.0,-103,-107,39.5,-104,-109,1,0.25,15.0,24.625,0.29750302801773393,0.5965037972003917,1.875,-0.25,0.3333333333333333,23.555555555555557,25.22222222222222,0.3691170485288132,0.6702033833612782,2.4444444444444446,-1.1111111111111112
2022,REG,10,DEN,10,TEN,17,7,27,0,122,-135,2.5,-105,-105,40.0,-107,-105,1,0.625,18.625,19.75,0.3076168929110106,0.7583942099567098,2.875,1.125,0.375,15.125,16.5,0.2598974608085861,0.7021397005772005,3.0,0.25
2022,REG,10,IND,25,LV,20,-5,45,0,177,-199,4.5,-112,101,41.0,101,-114,0,0.25,22.875,25.125,0.3560779498279498,0.5556698509823509,1.125,-0.25,0.4444444444444444,14.666666666666666,20.333333333333332,0.3234803685784078,0.6818019943019943,2.5555555555555554,-1.1111111111111112
2022,REG,10,DAL,28,GB,31,3,59,1,-199,177,-3.5,-113,102,44.5,-104,-108,1,0.3333333333333333,17.11111111111111,20.88888888888889,0.3598590493327335,0.7263805548119273,1.8888888888888888,-0.3333333333333333,0.75,22.875,16.625,0.35524215367965367,0.6880208333333334,4.125,0.75
2022,REG,10,ARI,27,LA,17,-10,44,0,160,-183,3.5,-110,-102,38.0,-108,-104,0,0.375,16.375,21.625,0.39694940476190477,0.5987996743753322,2.0,-0.625,0.3333333333333333,22.555555555555557,26.77777777777778,0.30816883208524076,0.5891827308493974,1.7777777777777777,0.5555555555555556
2022,REG,10,LAC,16,SF,22,6,38,0,302,-357,8.5,-105,-105,45.5,101,-113,1,0.5,22.0,18.375,0.40749269005847955,0.6238752921737256,3.25,-0.875,0.625,23.0,25.75,0.37818896789485024,0.6119984182484182,2.375,-0.125
2022,REG,10,DET,31,CHI,30,-1,61,0,143,-159,3.0,-105,-105,48.5,-114,101,0,0.3333333333333333,20.77777777777778,24.0,0.382461048392421,0.5350802620152465,1.4444444444444444,0.3333333333333333,0.25,23.5,29.25,0.35549450549450545,0.5485176282051282,1.5,-0.625
2022,REG,11,TEN,27,GB,17,-10,44,0,153,-171,3.0,106,-117,40.5,-109,-103,0,0.4,18.5,21.6,0.37002699055330635,0.7204091659974013,1.9,-0.1,0.6666666666666666,18.444444444444443,18.666666666666668,0.3104742751801576,0.7605479397146062,3.2222222222222223,1.0
2022,REG,11,CHI,24,ATL,27,3,51,0,125,-138,3.0,-122,110,48.5,-108,-104,1,0.4,23.2,25.0,0.40006077256077255,0.5607068859932637,1.3,0.1,0.3,21.7,24.7,0.3942149435531789,0.5361176903591763,1.5,0.2
2022,REG,11,CAR,3,BAL,13,10,16,0,503,-647,13.0,-117,106,42.0,-112,-100,1,0.6666666666666666,26.11111111111111,21.77777777777778,0.4160196285196285,0.6922266640403896,3.0,0.5555555555555556,0.3,20.4,24.3,0.25503827871474927,0.6297985347985348,1.9,-0.3
2022,REG,11,CLE,23,BUF,31,8,54,0,298,-353,7.5,-103,-108,50.5,-103,-109,1,0.6666666666666666,27.77777777777778,16.77777777777778,0.47004554087887424,0.630701397368064,3.0,-0.3333333333333333,0.3333333333333333,24.11111111111111,26.444444444444443,0.3886347856936092,0.6447837007047534,2.2222222222222223,-0.3333333333333333
2022,REG,11,WAS,23,HOU,10,-13,33,0,-150,135,-3.0,-100,-110,41.0,-106,-106,0,0.1111111111111111,16.555555555555557,23.0,0.27448061198061197,0.60734846127003,2.4444444444444446,-0.2222222222222222,0.5,19.1,21.3,0.3183387286200585,0.6750606011635423,2.4,-0.6
2022,REG,11,PHI,17,IND,16,-1,33,0,-270,235,-6.5,-108,-102,45.5,-103,-109,0,0.5,15.7,20.3,0.3456777862660215,0.6779075091575091,2.5,-1.1,0.8888888888888888,27.333333333333332,18.555555555555557,0.4463383838383838,0.649000254978516,3.2222222222222223,1.4444444444444444
2022,REG,11,NYJ,3,NE,10,7,13,0,163,-182,3.5,-109,-102,38.5,-103,-109,1,0.5555555555555556,22.555555555555557,18.444444444444443,0.34863252407112055,0.6395672229005562,3.5555555555555554,-0.4444444444444444,0.6666666666666666,21.77777777777778,19.555555555555557,0.31179403528474736,0.5948758270739695,2.888888888888889,0.1111111111111111
2022,REG,11,LA,20,NO,27,7,47,0,112,-124,2.5,-115,104,39.5,-106,-106,1,0.3,22.2,24.7,0.3572053436759319,0.6558146239725188,2.8,-1.2,0.3333333333333333,16.444444444444443,22.22222222222222,0.378484940984941,0.6125132908027644,2.0,-0.7777777777777778
2022,REG,11,DET,31,NYG,18,-13,49,0,143,-159,3.0,-104,-107,44.0,103,-116,0,0.7777777777777778,20.77777777777778,19.22222222222222,0.3546538013643277,0.6993751618751618,2.2222222222222223,0.6666666666666666,0.3333333333333333,24.333333333333332,29.333333333333332,0.3665001665001665,0.5431267806267805,1.6666666666666667,-0.4444444444444444
2022,REG,11,LV,22,DEN,16,-6,38,1,131,-145,2.5,106,-117,41.5,-113,100,0,0.3333333333333333,14.555555555555555,16.555555555555557,0.25571132318787904,0.6981982523649191,2.7777777777777777,0.2222222222222222,0.2222222222222222,22.555555555555557,25.11111111111111,0.35619627286293953,0.5444338069338068,1.1111111111111112,-0.1111111111111111
2022,REG,11,SF,38,ARI,10,-28,48,0,-422,350,-10.0,103,-113,43.5,-114,101,0,0.4,23.0,25.8,0.30512972665449445,0.6071875346875346,1.9,0.7,0.5555555555555556,22.0,18.11111111111111,0.42103925390819097,0.6240002597099783,3.2222222222222223,-0.7777777777777778
2022,REG,11,KC,30,LAC,27,-3,57,0,-231,203,-5.5,-102,-108,52.5,-102,-110,0,0.5555555555555556,22.22222222222222,25.333333333333332,0.3778346381287558,0.5962861756979403,2.2222222222222223,-0.1111111111111111,0.7777777777777778,30.0,22.88888888888889,0.45123888457221795,0.6688881380057851,3.0,0.0
2022,REG,11,CIN,37,PIT,30,-7,67,0,-182,163,-3.5,101,-111,39.0,100,-112,0,0.3333333333333333,15.555555555555555,23.0,0.31707871496313195,0.6135589308447926,1.8888888888888888,0.0,0.5555555555555556,25.333333333333332,20.555555555555557,0.44960596678862935,0.6621088138631996,1.5555555555555556,0.5555555555555556
2022,REG,11,DAL,40,MIN,3,-37,43,0,-131,118,-1.5,-115,104,48.5,-109,-103,0,0.8888888888888888,25.11111111111111,21.22222222222222,0.34649341217968666,0.677921152921153,2.888888888888889,0.4444444444444444,0.6666666666666666,23.444444444444443,18.22222222222222,0.3528078403078403,0.671403133903134,3.888888888888889,0.4444444444444444
2022,REG,12,BUF,28,DET,25,-3,53,0,-412,342,-10.0,105,-116,54.0,-102,-110,0,0.4,25.0,28.2,0.3698501498501498,0.5554807692307693,1.7,-0.1,0.7,28.1,17.4,0.4480409867909868,0.6368620268620269,2.8,-0.2
2022,REG,12,NYG,20,DAL,28,8,48,0,363,-441,10.5,-114,104,45.5,-106,-106,1,0.7,25.1,16.7,0.38811529157117397,0.6971199633699634,4.2,0.5,0.7,20.5,20.4,0.3525217545612283,0.6894376456876457,2.0,0.3
2022,REG,12,NE,26,MIN,33,7,59,0,123,-136,2.5,-102,-108,42.5,-106,-106,1,0.8,22.9,23.1,0.31898692810457513,0.6395408023349199,2.6,0.3,0.6,21.3,16.9,0.3387692716640085,0.6568605006105006,3.6,-0.4
2022,REG,12,DEN,10,CAR,23,13,33,0,-116,105,-1.0,-109,-101,36.5,-111,-101,1,0.2727272727272727,18.818181818181817,23.272727272727273,0.2500347988315903,0.6331501831501831,2.0,-0.45454545454545453,0.3,14.7,17.1,0.2532171139460142,0.7033784271284271,2.6,0.2
2022,REG,12,TB,17,CLE,23,6,40,1,-169,151,-3.0,-118,107,42.0,-103,-109,1,0.3,24.0,26.9,0.3805405378934791,0.6553053306342781,2.2,-0.4,0.5,18.3,18.0,0.34565557249767775,0.6561449579831933,3.2,0.3
2022,REG,12,BAL,27,JAX,28,1,55,0,-164,147,-3.5,111,-123,43.0,-102,-111,1,0.3,21.6,20.5,0.39341033966033967,0.6238088382206028,1.6,0.1,0.7,24.8,19.9,0.407750999000999,0.7030039976363506,3.1,0.7
2022,REG,12,HOU,15,MIA,30,15,45,0,613,-822,14.0,-101,-109,47.0,-103,-109,1,0.7,25.2,24.1,0.4031401931401931,0.6032471776589423,2.0,-0.2,0.1,15.9,23.0,0.26131826506826505,0.6235366920661038,2.2,-0.4
2022,REG,12,CHI,10,NYJ,31,21,41,0,315,-375,8.5,-107,-103,36.5,-103,-109,1,0.6,19.9,18.6,0.29936463175627265,0.6103882443665725,3.2,0.1,0.2727272727272727,21.90909090909091,24.90909090909091,0.4038317668665263,0.5617598837975983,1.3636363636363635,0.09090909090909091
2022,REG,12,CIN,20,TEN,16,-4,36,0,-105,-105,-1.0,102,-113,43.0,-118,105,0,0.7,19.3,18.5,0.33327300150829564,0.7344931457431456,3.0,0.8,0.6,26.5,21.5,0.4346453701097664,0.6558979324768797,1.6,0.3
2022,REG,12,ATL,13,WAS,19,6,32,0,163,-183,3.5,-110,-100,40.5,-114,101,1,0.5454545454545454,19.454545454545453,20.272727272727273,0.3103778651790742,0.6916135335252982,2.6363636363636362,-0.36363636363636365,0.45454545454545453,23.545454545454547,24.90909090909091,0.38022053703871883,0.5551880781756943,1.5454545454545454,0.18181818181818182
2022,REG,12,LAC,25,ARI,24,-1,49,0,-136,123,-2.5,-108,-102,48.5,-100,-112,0,0.36363636363636365,21.818181818181817,26.90909090909091,0.3228452060495404,0.5933109819473454,1.7272727272727273,0.45454545454545453,0.5,22.7,25.8,0.3933845076492135,0.5912030126736008,2.1,-0.2
2022,REG,12,LV,40,SEA,34,-6,74,1,174,-196,4.0,-107,-103,47.5,-103,-109,0,0.6,25.7,24.1,0.37229432332373513,0.5911661506707946,2.7,0.4,0.3,22.5,24.2,0.3455766455766456,0.5669135031635031,1.3,-0.1
2022,REG,12,LA,10,KC,26,16,36,0,768,-1088,16.5,-115,105,42.0,-108,-104,1,0.8,30.0,23.3,0.4515695415695416,0.6486659908718733,3.2,0.1,0.3,16.8,22.7,0.3739697802197802,0.6148983253588517,2.2,-0.7
2022,REG,12,NO,0,SF,13,13,13,0,327,-392,9.5,-113,103,44.0,-116,103,1,0.6,23.6,17.3,0.43348078306282645,0.6116002337389805,3.2,-0.5,0.36363636363636365,22.636363636363637,24.272727272727273,0.35778998185415295,0.6568011733083504,2.909090909090909,-1.0909090909090908
2022,REG,12,GB,33,PHI,40,7,73,0,241,-278,6.5,-105,-105,46.0,-106,-106,1,0.9,26.3,18.3,0.4350378787878787,0.6507668961473311,3.3,1.2,0.36363636363636365,18.363636363636363,22.09090909090909,0.38184271868482395,0.6968754655920432,2.0,0.0
2022,REG,12,PIT,24,IND,17,-7,41,0,116,-128,2.5,-110,-100,40.0,-114,101,0,0.45454545454545453,15.727272727272727,20.0,0.3445555632721408,0.6768856143856143,2.5454545454545454,-0.9090909090909091,0.3,17.0,24.4,0.3253708434668187,0.6222030377603134,1.9,0.2
2022,REG,13,PIT,19,ATL,16,-3,35,0,-113,103,-1.0,-105,-105,43.0,-108,-104,0,0.4166666666666667,22.666666666666668,24.416666666666668,0.3788385225885225,0.5602044562764377,1.4166666666666667,0.16666666666666666,0.36363636363636365,17.636363636363637,23.727272727272727,0.34124622133347154,0.6355691951667185,2.0,0.36363636363636365
2022,REG,13,NO,16,TB,17,1,33,0,169,-190,3.5,-105,-105,41.0,-107,-105,1,0.45454545454545453,18.181818181818183,18.454545454545453,0.33337109461511377,0.6621519820049232,3.272727272727273,0.36363636363636365,0.3333333333333333,20.75,23.333333333333332,0.35178367384249737,0.6556391707707498,2.75,-1.1666666666666667
2022,REG,13,IND,19,DAL,54,35,73,0,376,-460,11.0,-109,-101,44.5,-104,-108,1,0.7272727272727273,25.363636363636363,17.0,0.39260481051924906,0.7036754911754912,4.090909090909091,0.2727272727272727,0.4166666666666667,15.833333333333334,20.333333333333332,0.3350733688968983,0.6621451465201466,2.5833333333333335,-1.0
2022,REG,13,LAC,20,LV,27,7,47,0,125,-139,2.5,-102,-109,49.0,102,-114,1,0.36363636363636365,24.09090909090909,25.09090909090909,0.3661086388359116,0.5790122756031846,1.4545454545454546,-0.09090909090909091,0.5454545454545454,22.90909090909091,25.636363636363637,0.3965833186421422,0.5859421327335764,2.0,0.0
2022,REG,13,KC,24,CIN,27,3,51,0,-132,120,-2.5,-108,-102,53.0,-107,-105,1,0.6363636363636364,25.90909090909091,21.0,0.4235412455543331,0.6497467835351313,1.5454545454545454,0.2727272727272727,0.8181818181818182,29.636363636363637,22.09090909090909,0.44839655294200753,0.6456404112821226,3.1818181818181817,0.2727272727272727
2022,REG,13,MIA,17,SF,33,16,50,0,196,-222,4.5,101,-111,46.0,-110,-102,1,0.6363636363636364,22.636363636363637,15.727272727272727,0.4265409716155565,0.6209352774250472,3.0,-0.2727272727272727,0.7272727272727273,25.636363636363637,23.272727272727273,0.3892183574001756,0.626328603066571,2.272727272727273,0.0
2022,REG,13,SEA,27,LA,23,-4,50,0,-292,252,-7.0,107,-118,41.0,101,-114,0,0.2727272727272727,16.181818181818183,23.0,0.37493756243756243,0.612028780629259,2.0,-0.8181818181818182,0.5454545454545454,26.454545454545453,25.545454545454547,0.36572211211248645,0.576384812298125,2.5454545454545454,0.36363636363636365
2022,REG,13,TEN,10,PHI,35,25,45,0,189,-213,5.0,-109,-101,44.5,101,-114,1,0.9090909090909091,27.545454545454547,19.636363636363637,0.44397382920110184,0.6695283471469243,3.272727272727273,1.1818181818181819,0.6363636363636364,19.0,18.636363636363637,0.3404086109968463,0.7302210415846779,2.8181818181818183,0.7272727272727273
2022,REG,13,WAS,20,NYG,20,0,40,1,-124,113,-2.5,105,-116,40.0,-104,-108,0,0.6363636363636364,20.454545454545453,21.09090909090909,0.34145334330741034,0.6778978597160414,1.8181818181818181,0.45454545454545453,0.5833333333333334,19.416666666666668,19.666666666666668,0.31656432513210003,0.687009375428493,2.5,-0.3333333333333333
2022,REG,13,NYJ,22,MIN,27,5,49,0,132,-146,3.0,-117,106,44.0,-108,-104,1,0.8181818181818182,23.818181818181817,23.363636363636363,0.33039215686274503,0.6475164318747206,2.6363636363636362,0.18181818181818182,0.6363636363636364,20.90909090909091,17.818181818181817,0.32517996826327816,0.6178354669066743,3.090909090909091,0.18181818181818182
2022,REG,13,CLE,27,HOU,14,-13,41,0,-329,280,-7.5,-108,-102,47.0,-119,106,0,0.09090909090909091,15.818181818181818,23.636363636363637,0.25054907213998123,0.6350333564237308,2.4545454545454546,-0.5454545454545454,0.36363636363636365,23.90909090909091,26.0,0.37119846879205165,0.6675024536866643,2.272727272727273,-0.45454545454545453
2022,REG,13,JAX,14,DET,40,26,54,0,107,-118,1.0,-100,-110,51.5,-114,101,1,0.36363636363636365,25.0,28.181818181818183,0.37031831804559073,0.5469405594405594,1.8181818181818181,-0.18181818181818182,0.36363636363636365,22.181818181818183,21.09090909090909,0.3836197893016075,0.6095231862611542,1.5454545454545454,0.18181818181818182
2022,REG,13,GB,28,CHI,19,-9,47,0,-182,163,-4.0,105,-116,45.0,-114,101,0,0.25,20.916666666666668,25.416666666666668,0.3958201452686747,0.5496687823700207,1.3333333333333333,0.0,0.3333333333333333,19.583333333333332,23.583333333333332,0.3619272540325172,0.6776913990149285,2.0,-0.08333333333333333
2022,REG,13,DEN,9,BAL,10,1,19,0,294,-347,9.5,-124,112,40.5,100,-113,1,0.6363636363636364,25.0,20.636363636363637,0.419167574849393,0.7040296082408383,3.1818181818181817,0.5454545454545454,0.2727272727272727,14.272727272727273,17.636363636363637,0.2561714022885843,0.7151925095106914,2.3636363636363638,-0.09090909090909091
2022,REG,13,BUF,24,NE,10,-14,34,0,-185,165,-3.5,-105,-105,43.5,-103,-109,0,0.5454545454545454,21.727272727272727,18.363636363636363,0.33276545357885073,0.6476509601509601,3.3636363636363638,-0.2727272727272727,0.7272727272727273,28.09090909090909,18.09090909090909,0.45626103694285514,0.6357836607836608,2.727272727272727,-0.09090909090909091
2022,REG,14,NYJ,12,BUF,20,8,32,0,332,-398,10.0,-108,-102,43.5,-104,-108,1,0.75,27.75,17.416666666666668,0.4623569309231074,0.6469042531542532,2.5833333333333335,-0.16666666666666666,0.5833333333333334,21.0,18.583333333333332,0.31370663757467165,0.6080158446644515,3.0,0.0
2022,REG,14,NE,27,ARI,13,-14,40,0,-125,113,-2.0,-104,-106,44.0,-103,-110,0,0.3333333333333333,22.0,26.75,0.3348303277676343,0.5914874477374475,1.9166666666666667,0.25,0.5,20.75,18.833333333333332,0.3242657683447157,0.6328957330795566,3.25,-0.16666666666666666
2022,REG,14,MIA,17,LAC,23,6,40,0,-163,146,-3.0,-113,102,54.5,-102,-110,1,0.5,22.666666666666668,25.75,0.38957637542196366,0.5996136216724451,1.8333333333333333,0.08333333333333333,0.6666666666666666,24.916666666666668,24.083333333333332,0.35678349428349426,0.625721854398325,2.4166666666666665,-0.25
2022,REG,14,TB,7,SF,35,28,42,0,175,-196,3.5,-107,-103,38.0,104,-117,1,0.6666666666666666,23.5,15.833333333333334,0.4227419223936251,0.6525240043062933,3.0,0.0,0.5,18.083333333333332,18.25,0.34725683673052093,0.6642643168378463,3.1666666666666665,0.16666666666666666
2022,REG,14,CAR,30,SEA,24,-6,54,0,178,-200,3.5,106,-117,44.5,-109,-104,0,0.5833333333333334,26.5,25.333333333333332,0.37312405731523374,0.5878765541304242,2.6666666666666665,0.3333333333333333,0.3333333333333333,19.166666666666668,22.166666666666668,0.2430874544845133,0.6399114774114775,2.0833333333333335,-0.16666666666666666
2022,REG,14,KC,34,DEN,28,-6,62,0,-394,329,-8.5,-108,-103,44.5,-112,-100,0,0.25,13.833333333333334,17.0,0.24871267432009117,0.7210693241943242,2.5,0.08333333333333333,0.75,29.166666666666668,22.5,0.45269684019684026,0.6265592658975013,3.0,0.16666666666666666
2022,REG,14,JAX,36,TEN,22,-14,58,0,151,-169,3.0,106,-117,42.0,-112,-101,0,0.5833333333333334,18.25,20.0,0.3328745600804424,0.7379967390996803,2.75,0.6666666666666666,0.3333333333333333,21.5,22.666666666666668,0.37088224275724274,0.5865073651838357,1.5833333333333333,0.08333333333333333
2022,REG,14,BAL,16,PIT,14,-2,30,0,112,-124,1.5,-101,-109,37.0,-114,101,0,0.4166666666666667,17.75,23.083333333333332,0.3512705746838874,0.6451050955694919,1.9166666666666667,0.4166666666666667,0.6666666666666666,23.75,19.666666666666668,0.40209408646908645,0.7148049186652128,3.0833333333333335,0.3333333333333333
2022,REG,14,PHI,48,NYG,22,-26,70,0,-302,260,-7.5,104,-115,44.5,-109,-103,0,0.5833333333333334,20.416666666666668,21.0,0.3386399236728184,0.6880730380730381,2.0833333333333335,0.4166666666666667,0.9166666666666666,28.166666666666668,18.833333333333332,0.4216818924539512,0.676234318218014,3.5,1.0833333333333333
2022,REG,14,MIN,23,DET,34,11,57,0,119,-132,2.5,-108,-102,51.5,-110,-102,1,0.4166666666666667,26.25,27.0,0.39501401376401374,0.5654647435897436,1.8333333333333333,-0.08333333333333333,0.8333333333333334,24.083333333333332,23.25,0.3445261437908496,0.6612650625518273,2.5,0.3333333333333333
2022,REG,14,HOU,23,DAL,27,4,50,0,918,-1365,17.0,104,-115,44.5,-108,-104,1,0.75,27.75,17.166666666666668,0.40155440964264494,0.7027281746031746,4.0,0.5833333333333334,0.08333333333333333,15.666666666666666,23.916666666666668,0.23661442723942724,0.6432250211661977,2.3333333333333335,-0.5
2022,REG,14,CLE,10,CIN,23,13,33,0,181,-204,4.5,-108,-102,47.0,-108,-105,1,0.6666666666666666,26.0,21.25,0.43685725286924976,0.6372678849072037,1.5833333333333333,0.3333333333333333,0.4166666666666667,24.166666666666668,25.0,0.3624874852816029,0.6882661381016645,2.0833333333333335,-0.4166666666666667
2022,REG,14,LV,16,LA,17,1,33,0,-283,245,-6.5,-112,101,42.5,-115,102,1,0.25,16.75,23.333333333333332,0.3675022893772894,0.606480927698033,2.1666666666666665,-0.75,0.4166666666666667,24.333333333333332,24.666666666666668,0.35643291893291895,0.5880529193029193,1.75,-0.16666666666666666
2022,REG,15,NYG,20,WAS,12,-8,32,0,180,-203,4.5,-114,103,40.5,-104,-108,0,0.6153846153846154,19.46153846153846,19.692307692307693,0.307597838583477,0.6874169382653545,2.6153846153846154,-0.3076923076923077,0.5384615384615384,20.53846153846154,23.076923076923077,0.3345687207529313,0.673605881298189,2.230769230769231,0.3076923076923077
2022,REG,15,TEN,14,LAC,17,3,31,0,142,-158,3.0,-108,-102,46.5,-101,-112,1,0.5384615384615384,22.692307692307693,25.076923076923077,0.39107749339649794,0.6126610945615469,1.8461538461538463,0.07692307692307693,0.5384615384615384,18.53846153846154,21.23076923076923,0.3422338596546741,0.7251838031249795,2.5384615384615383,0.3076923076923077
2022,REG,15,LA,12,GB,24,12,36,0,301,-356,8.0,-111,101,39.5,-101,-111,1,0.38461538461538464,20.23076923076923,23.23076923076923,0.36958965460989757,0.6605263263634306,1.8461538461538463,0.15384615384615385,0.3076923076923077,16.76923076923077,22.76923076923077,0.3597457030149338,0.607165826750847,2.0,-0.6153846153846154
2022,REG,15,CIN,34,TB,23,-11,57,0,-167,150,-3.5,108,-120,47.0,101,-114,0,0.46153846153846156,17.23076923076923,19.53846153846154,0.339775541597404,0.6644491129785248,2.923076923076923,0.0,0.6923076923076923,25.76923076923077,20.384615384615383,0.43040217006935266,0.645939586068188,1.6153846153846154,0.3076923076923077
2022,REG,15,SF,21,SEA,13,-8,34,0,-169,152,-3.0,-115,104,43.0,-109,-103,0,0.5384615384615384,26.307692307692307,25.692307692307693,0.37738923971955646,0.5840753990789713,2.6153846153846154,0.15384615384615385,0.6923076923076923,24.384615384615383,15.153846153846153,0.4158643386197565,0.6600221578211939,2.769230769230769,0.15384615384615385
2022,REG,15,IND,36,MIN,39,3,75,1,168,-188,3.5,-103,-107,46.5,-107,-105,1,0.7692307692307693,24.0,24.076923076923077,0.345996160702043,0.6536677500478406,2.3076923076923075,0.15384615384615385,0.38461538461538464,16.076923076923077,22.923076923076923,0.3329671334196221,0.6496724429416738,2.4615384615384617,-1.2307692307692308
2022,REG,15,BAL,3,CLE,13,10,16,0,139,-155,2.5,113,-125,39.5,-107,-105,1,0.38461538461538464,23.076923076923077,24.846153846153847,0.3538346017984027,0.6850963446730296,2.076923076923077,-0.38461538461538464,0.6923076923076923,23.153846153846153,19.23076923076923,0.394832411178565,0.7025549676567776,3.0,0.5384615384615384
2022,REG,15,MIA,29,BUF,32,3,61,0,273,-320,7.0,-104,-106,44.0,106,-119,1,0.7692307692307693,27.153846153846153,17.0,0.43704742341620173,0.6378663694274553,2.6923076923076925,0.0,0.6153846153846154,24.307692307692307,24.0,0.3470900893977817,0.6230439495145377,2.5384615384615383,-0.23076923076923078
2022,REG,15,PIT,24,CAR,16,-8,40,0,130,-145,2.5,-100,-110,36.5,101,-114,0,0.38461538461538464,20.0,22.307692307692307,0.2598913781040478,0.6346435615666385,2.1538461538461537,0.0,0.38461538461538464,17.46153846153846,22.53846153846154,0.3584377954346995,0.6487360645493534,1.9230769230769231,0.15384615384615385
2022,REG,15,PHI,25,CHI,20,-5,45,0,-386,323,-8.5,-104,-106,48.0,-110,-103,0,0.23076923076923078,20.76923076923077,25.615384615384617,0.407330483744511,0.5488066866847529,1.2307692307692308,-0.23076923076923078,0.9230769230769231,29.692307692307693,19.076923076923077,0.42770636226518577,0.6791613486847601,3.769230769230769,1.0769230769230769
2022,REG,15,KC,30,HOU,24,-6,54,1,-755,572,-14.5,109,-120,48.5,-109,-103,0,0.07692307692307693,16.23076923076923,24.153846153846153,0.25206716360562514,0.6296436092816184,2.230769230769231,-0.5384615384615384,0.7692307692307693,29.53846153846154,22.923076923076923,0.45633554479708327,0.6281361549461099,3.230769230769231,0.07692307692307693
2022,REG,15,DAL,34,JAX,40,6,74,1,-188,168,-4.0,100,-110,48.5,-103,-110,1,0.38461538461538464,22.615384615384617,22.615384615384617,0.37531987243525705,0.5833494559738903,1.7692307692307692,0.38461538461538464,0.7692307692307693,27.692307692307693,17.615384615384617,0.41169124992654405,0.6919413919413919,3.6923076923076925,0.6153846153846154
2022,REG,15,ATL,18,NO,21,3,39,0,203,-231,5.0,103,-113,43.5,-109,-103,1,0.3076923076923077,20.384615384615383,22.846153846153847,0.3487618527776899,0.6436669268653076,2.6153846153846154,-0.9230769230769231,0.38461538461538464,22.153846153846153,24.0,0.36892786700479,0.5585319241368301,1.3076923076923077,0.07692307692307693
2022,REG,15,DET,20,NYJ,17,-3,37,0,120,-132,2.0,-100,-110,44.0,-109,-103,0,0.5384615384615384,20.307692307692307,18.692307692307693,0.3257744527838598,0.6279120617415449,3.0,-0.15384615384615385,0.46153846153846156,26.846153846153847,26.692307692307693,0.3982821665513973,0.5709185045723507,2.0,0.07692307692307693
2022,REG,15,ARI,15,DEN,24,9,39,0,110,-121,1.5,-104,-106,37.5,-110,-103,1,0.23076923076923078,14.923076923076923,18.307692307692307,0.25673025140859096,0.7040639915639916,2.4615384615384617,0.15384615384615385,0.3076923076923077,21.307692307692307,26.76923076923077,0.32717369621989767,0.6051600109292415,1.8461538461538463,0.15384615384615385
2022,REG,15,NE,24,LV,30,6,54,0,117,-129,1.0,111,-122,45.0,-105,-108,1,0.38461538461538464,23.692307692307693,24.076923076923077,0.3586008009084933,0.5992283357667972,1.9230769230769231,-0.23076923076923078,0.5384615384615384,21.23076923076923,18.384615384615383,0.3170737269927554,0.6430349753313555,3.4615384615384617,-0.07692307692307693
2022,REG,16,LV,10,PIT,13,3,23,0,127,-141,2.5,-108,-102,38.5,-110,-102,1,0.42857142857142855,17.928571428571427,22.071428571428573,0.3779478777156796,0.6500168218434472,2.0714285714285716,0.14285714285714285,0.42857142857142855,24.142857142857142,24.071428571428573,0.3567959817959818,0.6176508015793729,1.7857142857142858,-0.21428571428571427
2022,REG,16,JAX,19,NYJ,3,-16,22,0,123,-136,2.5,-104,-106,36.5,-106,-106,0,0.5,20.071428571428573,18.785714285714285,0.3358381823469174,0.6321683430457202,2.7857142857142856,-0.21428571428571427,0.42857142857142855,23.857142857142858,23.428571428571427,0.392467354074497,0.5752950830681922,1.8571428571428572,0.2857142857142857
2022,REG,16,ATL,9,BAL,17,8,26,0,238,-274,6.5,-108,-102,35.0,-105,-107,1,0.6428571428571429,21.714285714285715,18.785714285714285,0.39214030017601437,0.7027926380342346,3.0,0.35714285714285715,0.35714285714285715,21.857142857142858,23.785714285714285,0.3827544479330193,0.5603034533651516,1.3571428571428572,0.07142857142857142
2022,REG,16,DET,23,CAR,37,14,60,0,-129,117,-2.5,101,-111,43.5,-112,-100,1,0.35714285714285715,19.714285714285715,22.428571428571427,0.26513723204899675,0.6156276680712771,2.0714285714285716,0.0,0.5,26.357142857142858,26.0,0.3921548689405832,0.5682338494838495,2.142857142857143,0.14285714285714285
2022,REG,16,BUF,35,CHI,13,-22,48,0,-360,304,-8.0,-110,-100,40.0,102,-115,0,0.21428571428571427,20.714285714285715,25.571428571428573,0.4020449730008554,0.5408562090644133,1.2142857142857142,-0.07142857142857142,0.7857142857142857,27.5,17.857142857142858,0.4375757820610762,0.6399235335159704,2.642857142857143,-0.07142857142857142
2022,REG,16,NO,17,CLE,10,-7,27,0,162,-181,3.0,111,-123,32.0,-108,-104,0,0.42857142857142855,22.357142857142858,23.285714285714285,0.34956910503128985,0.6820792588290377,2.142857142857143,-0.21428571428571427,0.35714285714285715,20.428571428571427,22.5,0.3536121966269025,0.6289407178034999,2.7142857142857144,-0.8571428571428571
2022,REG,16,SEA,10,KC,24,14,34,0,367,-447,10.5,-107,-103,50.5,-105,-107,1,0.7857142857142857,29.571428571428573,23.0,0.4594544344544345,0.6356502391166258,3.0714285714285716,0.0,0.5,25.357142857142858,25.357142857142858,0.3694804845014929,0.5852128705733305,2.5,0.07142857142857142
2022,REG,16,NYG,24,MIN,27,3,51,0,191,-215,4.5,-102,-108,48.0,-109,-104,1,0.7857142857142857,25.071428571428573,24.928571428571427,0.3436035777947542,0.6558493769241227,2.357142857142857,0.0,0.5714285714285714,20.5,22.285714285714285,0.3249566692705791,0.6914252414252414,2.2857142857142856,0.42857142857142855
2022,REG,16,CIN,22,NE,18,-4,40,0,-151,136,-3.0,100,-110,42.0,-109,-103,0,0.5,21.428571428571427,19.214285714285715,0.30462968526878303,0.6447229532838776,3.4285714285714284,-0.07142857142857142,0.7142857142857143,26.357142857142858,20.571428571428573,0.4251693620031744,0.6474200918252222,1.5714285714285714,0.5
2022,REG,16,HOU,19,TEN,14,-5,33,0,153,-170,3.0,103,-113,34.0,-111,-101,0,0.5,18.214285714285715,20.928571428571427,0.337269103445574,0.7244053682078891,2.5714285714285716,0.35714285714285715,0.07142857142857142,16.785714285714285,24.571428571428573,0.2531099852528424,0.6203833514757885,2.2142857142857144,-0.42857142857142855
2022,REG,16,WAS,20,SF,37,17,57,0,241,-279,6.5,-107,-103,37.5,-114,102,1,0.7142857142857143,24.142857142857142,15.0,0.4147311715754882,0.6652586703577753,2.7857142857142856,0.21428571428571427,0.5714285714285714,18.928571428571427,19.714285714285715,0.2911210698934484,0.6954585855321149,2.4285714285714284,-0.42857142857142855
2022,REG,16,PHI,34,DAL,40,6,74,0,178,-200,4.0,-104,-106,48.0,-112,-101,1,0.7142857142857143,28.142857142857142,19.214285714285715,0.4200998581250682,0.6699895342752485,3.5,0.6428571428571429,0.9285714285714286,29.357142857142858,19.142857142857142,0.4373344792462439,0.6782688713977534,3.9285714285714284,0.8571428571428571
2022,REG,16,GB,26,MIA,20,-6,46,0,163,-182,3.5,-107,-103,49.0,-103,-109,0,0.5714285714285714,24.642857142857142,24.571428571428573,0.3461074639646068,0.6182233499460389,2.5,-0.14285714285714285,0.42857142857142855,20.5,22.428571428571427,0.37176182213776204,0.660964922099376,2.0714285714285716,0.07142857142857142
2022,REG,16,DEN,14,LA,51,37,65,0,-173,155,-3.0,-116,105,36.5,-109,-103,1,0.2857142857142857,16.428571428571427,22.857142857142858,0.3578591051805337,0.6066539819829293,2.0714285714285716,-0.5,0.2857142857142857,15.571428571428571,18.071428571428573,0.2603703982859993,0.7149981962481963,2.5,0.21428571428571427
2022,REG,16,TB,19,ARI,16,-3,35,1,-320,273,-7.5,102,-113,41.5,-104,-108,0,0.2857142857142857,20.857142857142858,26.571428571428573,0.3140082281225581,0.6113848453134166,2.2142857142857144,0.07142857142857142,0.42857142857142855,17.642857142857142,20.571428571428573,0.339315383864256,0.662906829398426,2.857142857142857,-0.21428571428571427
2022,REG,16,LAC,20,IND,3,-17,23,0,-185,165,-3.5,-102,-108,44.5,-103,-109,0,0.35714285714285715,17.5,24.071428571428573,0.33174015772423554,0.6523744113029828,2.7857142857142856,-1.0,0.5714285714285714,22.285714285714285,24.285714285714285,0.38355154999062563,0.6208476397552027,2.0,0.0
2022,REG,17,NYJ,6,SEA,23,17,29,0,-113,102,-1.0,-105,-105,43.0,-103,-109,1,0.4666666666666667,24.333333333333332,25.266666666666666,0.3526915894562953,0.5946835276866236,2.4,0.0,0.4666666666666667,18.933333333333334,18.8,0.32370538044686653,0.6275237868426723,2.6666666666666665,-0.26666666666666666
2022,REG,17,LA,10,LAC,31,21,41,0,244,-283,6.5,-102,-108,41.5,-112,-100,1,0.6,22.133333333333333,22.866666666666667,0.3876110762875469,0.6461244637715226,2.3333333333333335,0.06666666666666667,0.3333333333333333,18.733333333333334,22.266666666666666,0.3703654678654678,0.612877049850734,2.3333333333333335,-0.2
2022,REG,17,PIT,16,BAL,13,-3,29,0,110,-121,1.0,102,-113,35.5,-105,-107,0,0.6666666666666666,21.4,18.133333333333333,0.38821983571983565,0.7003842399430634,2.933333333333333,0.4,0.4666666666666667,17.6,21.266666666666666,0.3765608763441581,0.6400157003872173,2.1333333333333333,0.26666666666666666
2022,REG,17,MIN,17,GB,41,24,58,0,155,-173,3.0,106,-117,47.5,-103,-109,1,0.4666666666666667,20.866666666666667,22.266666666666666,0.3565015101857208,0.6645196415784651,2.066666666666667,0.26666666666666666,0.8,25.2,24.866666666666667,0.35146590337766803,0.6606109336140296,2.4,0.13333333333333333
2022,REG,17,SF,37,LV,34,-3,71,1,-453,371,-10.0,-103,-107,41.5,-107,-105,0,0.4,23.2,23.333333333333332,0.3663429163429164,0.6193312243312242,1.6666666666666667,-0.3333333333333333,0.7333333333333333,25.0,15.333333333333334,0.4075952473166095,0.654241425667257,2.7333333333333334,0.26666666666666666
2022,REG,17,CLE,24,WAS,10,-14,34,0,106,-117,1.0,-101,-110,41.5,-109,-103,0,0.5333333333333333,19.0,20.866666666666667,0.3050463319005518,0.69524852598382,2.466666666666667,-0.4666666666666667,0.4,21.533333333333335,22.866666666666667,0.3508259015379758,0.6721628637959908,2.0,-0.2
2022,REG,17,CAR,24,TB,30,6,54,0,164,-184,3.5,-110,-100,40.5,-103,-109,1,0.4666666666666667,17.733333333333334,20.266666666666666,0.3366943582733056,0.6687130407718643,2.7333333333333334,-0.13333333333333333,0.4,20.866666666666667,22.466666666666665,0.2696836388012859,0.6190302679776364,2.066666666666667,0.06666666666666667
2022,REG,17,NO,20,PHI,10,-10,30,0,198,-225,5.5,-110,-100,41.5,101,-113,0,0.8666666666666667,29.666666666666668,20.533333333333335,0.4462740853917324,0.6641620577490143,4.066666666666666,0.6,0.4,20.2,21.666666666666668,0.36114916129622016,0.6291165997744946,2.6666666666666665,-0.8
2022,REG,17,IND,10,NYG,38,28,48,0,202,-229,5.5,-105,-105,38.5,-103,-109,1,0.5333333333333333,20.733333333333334,22.6,0.3214747095010253,0.6812276612276612,2.4,0.26666666666666666,0.3333333333333333,16.533333333333335,23.8,0.30962414720928655,0.6459198209198209,2.8666666666666667,-1.0
2022,REG,17,MIA,21,NE,23,2,44,0,144,-160,3.0,-106,-104,41.5,-107,-105,1,0.4666666666666667,21.2,19.4,0.3128924681556261,0.6370355407120113,3.3333333333333335,0.06666666666666667,0.5333333333333333,24.333333333333332,24.666666666666668,0.34208125208125206,0.6341513170924935,2.466666666666667,-0.3333333333333333
2022,REG,17,DEN,24,KC,27,3,51,0,544,-711,13.5,-114,104,46.0,-104,-108,1,0.8,29.2,22.133333333333333,0.447005957005957,0.6520970859206154,3.0,0.06666666666666667,0.26666666666666666,15.466666666666667,20.266666666666666,0.2630123717335993,0.6976346801346802,2.3333333333333335,-0.06666666666666667
2022,REG,17,JAX,31,HOU,3,-28,34,0,-187,167,-3.5,-104,-106,43.0,102,-115,0,0.13333333333333333,16.933333333333334,23.866666666666667,0.25845820845820844,0.6251783075312487,2.3333333333333335,-0.26666666666666666,0.4666666666666667,23.533333333333335,22.066666666666666,0.39546953046953054,0.5933523339405692,1.9333333333333333,0.3333333333333333
2022,REG,17,CHI,10,DET,41,31,51,0,194,-219,4.5,-105,-105,52.5,-111,-101,1,0.4666666666666667,26.133333333333333,26.733333333333334,0.38823343323343323,0.5747960372960373,2.0,0.06666666666666667,0.2,20.2,26.2,0.3841308636896873,0.5351021587631494,1.2,0.0
2022,REG,17,ARI,19,ATL,20,1,39,0,241,-279,7.0,-119,108,41.0,-113,100,1,0.3333333333333333,21.0,23.333333333333332,0.3794597069597069,0.5673943342519193,1.2666666666666666,0.0,0.26666666666666666,20.533333333333335,26.066666666666666,0.30974101291438755,0.6172925222925222,2.066666666666667,0.0
2022,REG,17,DAL,27,TEN,13,-14,40,0,-741,563,-14.0,-100,-110,41.0,-113,101,0,0.4666666666666667,17.933333333333334,20.8,0.33529731706202287,0.7205561214384743,2.466666666666667,0.2,0.7333333333333333,28.933333333333334,20.2,0.4276487564722859,0.653894993894994,3.2666666666666666,0.8
2022,REG,18,ARI,13,SF,38,25,51,0,753,-1061,14.0,100,-111,40.0,-107,-105,1,0.75,25.75,16.5,0.4098983221370992,0.6508513365630534,2.5625,0.3125,0.25,20.4375,25.6875,0.31121553294057164,0.6151700729825729,2.0,0.0625
2022,REG,18,DET,20,GB,16,-4,36,0,237,-273,5.5,-110,-100,49.0,-113,101,0,0.5,22.125,21.9375,0.36547016579911323,0.6614487024413495,2.0625,0.5,0.5,27.0625,25.6875,0.3818259865134865,0.5869482080419581,2.3125,0.1875
2022,REG,18,DAL,6,WAS,26,20,32,0,-320,274,-7.5,-100,-110,40.5,-104,-108,1,0.5,18.4375,21.0625,0.3117162302744144,0.6934621597764979,2.625,-0.625,0.75,28.8125,19.75,0.43425404252610134,0.6481828067765568,3.1875,0.6875
2022,REG,18,LA,16,SEA,19,3,35,1,198,-224,5.5,-112,102,41.5,-101,-111,1,0.5,24.25,24.0625,0.35017961511527684,0.6007850379754404,2.5,0.1875,0.3125,18.1875,22.8125,0.3699448988511488,0.6013579485207774,2.1875,-0.25
2022,REG,18,NYG,16,PHI,22,6,38,0,858,-1252,16.5,-103,-107,42.5,-105,-107,1,0.8125,28.4375,20.5,0.4301007050547491,0.6594166350220538,4.25,0.5625,0.5625,21.8125,21.8125,0.3326325401572112,0.6867278554778555,2.375,0.25
2022,REG,18,LAC,28,DEN,31,3,59,0,222,-254,6.0,-104,-106,38.5,-103,-110,1,0.25,16.0,20.6875,0.2599669556431065,0.7040325126262628,2.1875,-0.1875,0.625,22.6875,22.0625,0.3990996697338609,0.6455144120585297,2.375,0.125
2022,REG,18,CLE,14,PIT,28,14,42,0,128,-142,2.5,-101,-109,40.0,-106,-106,1,0.5,17.5,20.75,0.3920883215726482,0.6364730524463497,2.0625,0.3125,0.4375,21.6875,22.0625,0.3497326160251856,0.6669173906910942,2.0625,0.0
2022,REG,18,CAR,10,NO,7,-3,17,0,160,-179,3.5,-114,103,41.5,-107,-105,0,0.4375,20.1875,20.9375,0.3643126328328535,0.6405780622885887,2.875,-0.75,0.375,21.0625,22.9375,0.2736617447095388,0.6261742095623675,2.125,-0.0625
2022,REG,18,NYJ,6,MIA,11,5,17,0,178,-200,3.5,-103,-107,37.5,-110,-103,1,0.5,24.125,24.5625,0.3345900627150627,0.6386345068330361,2.5,-0.4375,0.4375,18.125,19.0625,0.3227045633997066,0.6312723001650052,2.75,-0.4375
2022,REG,18,HOU,32,IND,31,-1,63,0,128,-142,3.0,-119,108,38.0,-111,-101,0,0.3125,16.125,24.6875,0.30469571493178305,0.6367998321123322,2.6875,-0.9375,0.125,16.0625,24.3125,0.2643633939589822,0.6277713299772123,2.3125,-0.1875
2022,REG,18,BAL,16,CIN,27,11,43,0,474,-603,11.0,105,-116,39.0,-102,-110,1,0.7333333333333333,26.066666666666666,20.4,0.4281972868892373,0.6423539904654454,1.7333333333333334,0.3333333333333333,0.625,20.875,18.0,0.3899977626540126,0.6800477249466219,2.875,0.3125
2022,REG,18,MIN,29,CHI,13,-16,42,0,-260,227,-6.5,-104,-106,42.5,-103,-109,0,0.1875,19.5625,27.125,0.37454576163215875,0.5463011309833097,1.25,-0.125,0.75,24.6875,25.875,0.35353774595502535,0.6505727502631528,2.3125,-0.125
2022,REG,18,NE,23,BUF,35,12,58,0,314,-373,8.0,104,-115,44.0,-104,-108,1,0.8,28.0,17.533333333333335,0.4447676996206409,0.6550397423926835,2.6,-0.13333333333333333,0.5,21.3125,19.5,0.31171904183707594,0.6458319305286218,3.25,0.1875
2022,REG,18,TB,17,ATL,30,13,47,0,207,-235,6.0,-110,100,40.5,-106,-106,1,0.375,20.9375,23.0625,0.3817851419413919,0.573598855027841,1.3125,-0.0625,0.5,18.5,20.5,0.3323176275478907,0.6685851423902894,2.6875,0.0
2022,REG,18,TEN,16,JAX,20,4,36,0,227,-260,6.0,-106,-104,39.5,-106,-106,1,0.5,24.0,20.875,0.3915860181485182,0.5967089895398718,1.9375,0.25,0.4375,17.625,21.1875,0.34168498474564646,0.7046880305152363,2.375,0.25
2022,REG,18,KC,31,LV,13,-18,44,0,-407,338,-9.0,-105,-105,51.5,-108,-104,0,0.375,23.875,24.1875,0.3684464840714841,0.6153452450327449,1.5625,-0.375,0.8125,29.0625,22.25,0.4315680846930847,0.6604481609077199,3.0625,0.1875
2023,REG,1,BUF,16,NYJ,22,6,38,1,-135,114,-2.5,-110,-110,44.5,-110,-110,1,,,,,,,,,,,,,,
2023,REG,1,DAL,40,NYG,0,-40,40,0,-170,142,-3.5,100,-120,44.5,-110,-110,0,,,,,,,,,,,,,,
2023,REG,1,DET,21,KC,20,-1,41,0,164,-198,4.0,-110,-110,53.0,-110,-110,0,,,,,,,,,,,,,,
2023,REG,1,CAR,10,ATL,24,14,34,0,160,-192,3.5,-108,-112,40.5,-110,-110,1,,,,,,,,,,,,,,
2023,REG,1,HOU,9,BAL,25,16,34,0,380,-500,9.5,-110,-110,43.5,-110,-110,1,,,,,,,,,,,,,,
2023,REG,1,CIN,3,CLE,24,21,27,0,-112,-108,-1.0,-105,-115,46.5,-110,-110,1,,,,,,,,,,,,,,
2023,REG,1,JAX,31,IND,21,-10,52,0,-205,170,-4.0,-108,-112,45.5,-110,-110,0,,,,,,,,,,,,,,
2023,REG,1,TB,20,MIN,17,-3,37,0,170,-205,4.0,-110,-110,45.0,-110,-110,0,,,,,,,,,,,,,,
2023,REG,1,TEN,15,NO,16,1,31,0,124,-148,3.0,-118,-102,41.0,-110,-110,1,,,,,,,,,,,,,,
2023,REG,1,SF,30,PIT,7,-23,37,0,-120,100,-1.5,-108,-112,41.5,-110,-110,0,,,,,,,,,,,,,,
2023,REG,1,ARI,16,WAS,20,4,36,0,270,-340,7.0,-108,-112,38.0,-110,-110,1,,,,,,,,,,,,,,
2023,REG,1,GB,38,CHI,20,-18,58,0,-102,-118,1.0,-110,-110,41.0,-112,-108,0,,,,,,,,,,,,,,
2023,REG,1,LV,17,DEN,16,-1,33,0,136,-162,3.0,-105,-115,43.0,-110,-110,0,,,,,,,,,,,,,,
2023,REG,1,MIA,36,LAC,34,-2,70,0,136,-162,3.0,-110,-110,50.5,-110,-110,0,,,,,,,,,,,,,,
2023,REG,1,PHI,25,NE,20,-5,45,0,-185,154,-3.5,-110,-110,44.5,-112,-108,0,,,,,,,,,,,,,,
2023,REG,1,LA,30,SEA,13,-17,43,0,180,-218,4.5,-110,-110,45.0,-110,-110,0,,,,,,,,,,,,,,
2023,REG,2,MIN,28,PHI,34,6,62,0,195,-238,6.0,-110,-110,49.0,-110,-110,1,1.0,25.0,20.0,0.3076923076923077,0.6875,2.0,1.0,0.0,17.0,20.0,0.375,0.6666666666666667,1.0,-3.0
2023,REG,2,CHI,17,TB,27,10,44,0,114,-135,2.5,-110,-110,41.0,-110,-110,1,1.0,20.0,17.0,0.3333333333333333,0.625,2.0,3.0,0.0,20.0,38.0,0.23076923076923078,0.5,1.0,-2.0
2023,REG,2,GB,24,ATL,25,1,49,0,124,-148,3.0,-115,-105,40.5,-110,-110,1,1.0,24.0,10.0,0.16666666666666666,0.6875,2.0,3.0,1.0,38.0,20.0,0.5,0.7692307692307692,4.0,2.0
2023,REG,2,LV,10,BUF,38,28,48,0,280,-355,7.5,-110,-110,47.0,-110,-110,1,0.0,16.0,22.0,0.38461538461538464,0.6153846153846154,3.0,-3.0,1.0,17.0,16.0,0.35714285714285715,0.6428571428571428,2.0,-1.0
2023,REG,2,BAL,27,CIN,24,-3,51,0,145,-175,3.5,-118,-102,45.5,-110,-110,0,0.0,3.0,24.0,0.11764705882352941,0.7142857142857143,3.0,2.0,1.0,25.0,9.0,0.5333333333333333,0.6956521739130435,5.0,-1.0
2023,REG,2,SEA,37,DET,31,-6,68,1,180,-218,4.5,-110,-110,47.5,-108,-112,0,1.0,21.0,20.0,0.3125,0.6666666666666667,0.0,0.0,0.0,13.0,30.0,0.2,0.38888888888888884,0.0,0.0
2023,REG,2,IND,31,HOU,20,-11,51,0,-110,-110,-1.0,-105,-115,40.0,-110,-110,0,0.0,9.0,25.0,0.30434782608695654,0.4666666666666667,4.0,1.0,0.0,21.0,31.0,0.14285714285714285,0.75,2.0,-1.0
2023,REG,2,KC,17,JAX,9,-8,26,0,-170,142,-3.5,-102,-118,50.5,-110,-110,0,1.0,31.0,21.0,0.25,0.8571428571428572,4.0,1.0,0.0,20.0,21.0,0.3333333333333333,0.6875,1.0,0.0
2023,REG,2,CLE,22,PIT,26,4,48,0,-148,124,-2.5,-115,-105,39.0,-110,-110,1,0.0,7.0,30.0,0.29411764705882354,0.5714285714285714,3.0,-1.0,1.0,24.0,3.0,0.2857142857142857,0.8823529411764706,2.0,-2.0
2023,REG,2,NO,20,CAR,17,-3,37,0,-175,145,-3.0,-118,-102,39.5,-108,-112,0,0.0,10.0,24.0,0.3125,0.8333333333333334,4.0,-3.0,1.0,16.0,15.0,0.4117647058823529,0.8666666666666667,3.0,1.0
2023,REG,2,MIA,24,NE,17,-7,41,0,-130,110,-2.0,-112,-108,46.5,-112,-108,0,0.0,20.0,25.0,0.3125,0.6923076923076923,3.0,-1.0,1.0,36.0,34.0,0.4,0.4375,3.0,-2.0
2023,REG,2,WAS,35,DEN,33,-2,68,0,164,-198,4.0,-110,-110,38.5,-110,-110,0,0.0,16.0,17.0,0.35714285714285715,0.6428571428571428,0.0,1.0,1.0,20.0,16.0,0.2857142857142857,0.7333333333333334,3.0,-1.0
2023,REG,2,NYJ,10,DAL,30,20,40,0,300,-380,8.5,-110,-110,38.5,-110,-110,1,1.0,40.0,0.0,0.4,0.7058823529411764,7.0,3.0,1.0,22.0,16.0,0.38461538461538464,0.6153846153846154,5.0,3.0
2023,REG,2,SF,30,LA,23,-7,53,0,-340,270,-7.5,-105,-115,45.0,-110,-110,0,1.0,30.0,13.0,0.6111111111111112,0.8,2.0,0.0,1.0,30.0,7.0,0.42857142857142855,0.7058823529411764,5.0,1.0
2023,REG,2,NYG,31,ARI,28,-3,59,0,-225,185,-5.0,-110,-110,40.0,-110,-110,0,0.0,16.0,20.0,0.26666666666666666,0.7142857142857143,6.0,1.0,0.0,0.0,40.0,0.29411764705882354,0.6,0.0,-3.0
2023,REG,2,LAC,24,TEN,27,3,51,1,-142,120,-2.5,-118,-102,45.5,-110,-110,1,0.0,15.0,16.0,0.13333333333333333,0.5882352941176471,4.0,-1.0,0.0,34.0,36.0,0.5625,0.6,0.0,2.0
2023,REG,3,DEN,20,MIA,70,50,90,0,205,-250,6.0,-110,-110,47.5,-110,-110,1,1.0,30.0,25.5,0.4,0.48541666666666666,3.5,-0.5,0.0,24.5,26.0,0.34523809523809523,0.6964285714285714,2.0,-0.5
2023,REG,3,HOU,37,JAX,17,-20,54,0,300,-380,7.5,-110,-110,43.5,-110,-110,0,0.5,20.0,19.0,0.20833333333333331,0.7857142857142858,2.5,0.5,0.0,14.5,28.0,0.36645962732919257,0.5025641025641026,2.0,0.0
2023,REG,3,NO,17,GB,18,1,35,0,-125,105,-1.5,-110,-110,41.5,-110,-110,1,0.5,31.0,22.5,0.4,0.6846153846153846,2.5,1.5,1.0,18.0,16.0,0.4117647058823529,0.8,3.5,0.5
2023,REG,3,ATL,6,DET,20,14,26,0,140,-166,3.0,100,-120,47.5,-108,-112,1,0.5,26.0,28.5,0.40625,0.6547619047619048,0.5,-1.5,1.0,24.5,17.0,0.2833333333333333,0.69375,1.5,1.0
2023,REG,3,TEN,3,CLE,27,24,30,0,154,-185,3.5,-110,-110,38.0,-110,-110,1,0.5,23.0,14.5,0.2744360902255639,0.807843137254902,2.0,-2.0,0.5,21.0,20.0,0.23333333333333334,0.7226890756302522,3.5,-0.5
2023,REG,3,IND,22,BAL,19,-3,41,1,300,-380,7.5,-110,-110,43.5,-110,-110,0,1.0,26.0,16.5,0.5666666666666667,0.5144927536231885,3.0,0.0,0.5,26.0,25.5,0.30219780219780223,0.6607142857142857,4.0,0.0
2023,REG,3,NYG,12,SF,30,18,42,0,400,-535,10.5,-105,-115,43.5,-108,-112,1,1.0,30.0,15.0,0.3142857142857143,0.6029411764705882,3.0,1.5,0.5,15.5,34.0,0.41628959276018096,0.6461538461538461,0.0,-2.0
2023,REG,3,LAC,28,MIN,24,-4,52,0,-110,-110,1.0,-115,-105,54.0,-110,-110,0,0.0,22.5,27.0,0.4875,0.6568627450980392,2.5,-2.0,0.0,29.0,31.5,0.3526785714285714,0.6333333333333333,2.5,1.0
2023,REG,3,NE,15,NYJ,10,-5,25,0,-142,120,-2.5,-112,-108,35.5,-110,-110,0,0.5,16.0,23.0,0.23776223776223776,0.5826923076923077,3.0,-0.5,0.0,18.5,24.5,0.38958333333333334,0.6461538461538461,2.0,-1.0
2023,REG,3,BUF,37,WAS,3,-34,40,0,-245,200,-5.5,-115,-105,44.0,-108,-112,0,1.0,27.5,24.5,0.26785714285714285,0.7000000000000001,5.0,0.5,0.5,27.0,16.0,0.4423076923076923,0.5934065934065934,1.5,0.0
2023,REG,3,CAR,27,SEA,37,10,64,0,185,-225,5.0,-110,-110,42.5,-110,-110,1,0.5,25.0,30.5,0.2785714285714286,0.4444444444444444,1.0,1.5,0.0,13.5,22.0,0.2895833333333333,0.7107843137254902,4.0,-1.5
2023,REG,3,DAL,16,ARI,28,12,44,0,-650,470,-11.5,-110,-110,43.5,-110,-110,1,0.0,22.0,25.5,0.28717948717948716,0.5879120879120879,4.5,1.0,1.0,35.0,5.0,0.42500000000000004,0.8074866310160427,5.0,3.5
2023,REG,3,CHI,10,KC,41,31,51,0,525,-750,13.0,-110,-110,48.0,-110,-110,1,0.5,18.5,15.0,0.30952380952380953,0.7604166666666667,2.5,0.0,0.0,18.5,32.5,0.34615384615384615,0.5277777777777778,0.5,-2.0
2023,REG,3,PIT,23,LV,18,-5,41,0,124,-148,3.0,-110,-110,43.5,-110,-110,0,0.5,13.5,27.0,0.39285714285714285,0.5714285714285714,2.0,-2.0,0.5,16.5,26.0,0.2803921568627451,0.6541353383458647,4.5,0.5
2023,REG,3,PHI,25,TB,11,-14,36,0,-258,210,-6.0,-110,-110,44.0,-108,-112,0,1.0,23.5,17.0,0.38888888888888884,0.5817307692307692,4.0,2.5,1.0,29.5,24.0,0.330316742081448,0.54375,2.0,1.0
2023,REG,3,LA,16,CIN,19,3,35,0,136,-162,3.0,100,-120,45.5,-108,-112,1,0.0,13.5,25.5,0.39215686274509803,0.5571428571428572,1.5,0.5,0.5,26.5,21.5,0.5555555555555556,0.8,1.5,-1.0
2023,REG,4,ATL,7,JAX,23,16,30,0,154,-185,3.5,-110,-110,42.5,-112,-108,1,0.3333333333333333,19.0,25.0,0.25,0.6571428571428571,1.6666666666666667,-0.3333333333333333,0.6666666666666666,18.333333333333332,18.0,0.27777777777777773,0.7069444444444445,1.0,0.6666666666666666
2023,REG,4,MIA,20,BUF,48,28,68,0,120,-142,2.5,100,-120,53.0,-110,-110,1,0.6666666666666666,30.333333333333332,11.666666666666666,0.4948717948717949,0.6986346986346986,4.0,1.3333333333333333,1.0,43.333333333333336,23.666666666666668,0.4518518518518519,0.585515873015873,2.6666666666666665,0.6666666666666666
2023,REG,4,MIN,21,CAR,13,-8,34,0,-225,185,-4.5,-112,-108,46.5,-110,-110,0,0.0,18.0,27.0,0.33194444444444443,0.7302664655605833,3.3333333333333335,-0.6666666666666666,0.0,23.0,27.333333333333332,0.4083333333333334,0.6197266785502079,2.0,-1.6666666666666667
2023,REG,4,DEN,31,CHI,28,-3,59,0,-162,136,-3.0,-112,-108,47.0,-110,-110,0,0.0,15.666666666666666,35.333333333333336,0.3333333333333333,0.47685185185185186,0.3333333333333333,-1.3333333333333333,0.0,23.0,40.666666666666664,0.30158730158730157,0.6124338624338624,1.3333333333333333,-1.3333333333333333
2023,REG,4,DET,34,GB,20,-14,54,0,-142,120,-2.5,-118,-102,45.0,-110,-110,0,0.6666666666666666,26.666666666666668,20.666666666666668,0.39365079365079364,0.6945054945054946,3.0,0.6666666666666666,0.6666666666666666,24.0,21.0,0.3597222222222222,0.6809523809523809,2.6666666666666665,-1.0
2023,REG,4,BAL,28,CLE,3,-25,31,0,-135,114,-2.0,-110,-110,38.5,-110,-110,0,0.6666666666666666,24.333333333333332,10.666666666666666,0.32581453634085217,0.8348583877995642,3.0,-1.6666666666666667,0.6666666666666666,23.666666666666668,18.333333333333332,0.5027777777777778,0.5603864734299517,3.6666666666666665,-0.6666666666666666
2023,REG,4,PIT,6,HOU,30,24,36,0,-162,136,-3.0,-110,-110,41.5,-110,-110,1,0.3333333333333333,22.0,24.333333333333332,0.44430641821946165,0.5572649572649573,1.3333333333333333,0.6666666666666666,0.6666666666666666,18.666666666666668,23.333333333333332,0.30457516339869284,0.6741854636591479,4.333333333333333,1.3333333333333333
2023,REG,4,LA,29,IND,23,-6,52,1,-115,-105,-1.0,-110,-110,44.5,-110,-110,0,0.6666666666666666,24.666666666666668,23.333333333333332,0.31740723045070873,0.6488095238095238,4.0,0.6666666666666666,0.3333333333333333,23.0,20.666666666666668,0.396011396011396,0.7833333333333333,1.6666666666666667,-1.0
2023,REG,4,TB,26,NO,9,-17,35,0,170,-205,4.0,-110,-110,41.0,-110,-110,0,0.6666666666666666,17.666666666666668,16.666666666666668,0.3697478991596639,0.7396825396825397,2.6666666666666665,0.6666666666666666,0.6666666666666666,19.333333333333332,19.666666666666668,0.41077441077441074,0.525075414781297,3.0,1.6666666666666667
2023,REG,4,WAS,31,PHI,34,3,65,1,350,-455,9.5,-110,-110,43.0,-110,-110,1,1.0,28.0,19.666666666666668,0.416289592760181,0.5443181818181818,2.0,0.6666666666666666,0.6666666666666666,19.333333333333332,28.666666666666668,0.20887445887445888,0.6000000000000001,3.3333333333333335,-1.0
2023,REG,4,CIN,3,TEN,27,24,30,0,-162,136,-2.5,-120,100,41.5,-108,-112,1,0.3333333333333333,15.0,22.333333333333332,0.19259259259259257,0.6722689075630252,3.3333333333333335,0.0,0.3333333333333333,15.333333333333334,22.333333333333332,0.3447712418300653,0.679120879120879,3.0,0.6666666666666666
2023,REG,4,LV,17,LAC,24,7,41,0,250,-310,7.0,-115,-105,49.0,-110,-110,1,0.3333333333333333,28.666666666666668,29.0,0.3866341991341991,0.6722222222222222,3.0,1.0,0.3333333333333333,15.0,25.666666666666668,0.35714285714285715,0.5966386554621849,1.6666666666666667,-2.3333333333333335
2023,REG,4,NE,3,DAL,38,35,41,0,230,-285,6.5,-108,-112,43.0,-110,-110,1,0.6666666666666666,28.666666666666668,12.666666666666666,0.43333333333333335,0.7327688651218063,4.0,2.0,0.3333333333333333,17.333333333333332,19.666666666666668,0.3867063492063492,0.7224358974358974,2.3333333333333335,-0.6666666666666666
2023,REG,4,ARI,16,SF,35,19,51,0,700,-1100,15.0,-108,-112,44.0,-105,-115,1,1.0,30.0,14.0,0.3761904761904762,0.6583710407239819,2.6666666666666665,1.3333333333333333,0.3333333333333333,24.0,22.333333333333332,0.33034188034188033,0.5752747252747253,3.6666666666666665,1.0
2023,REG,4,SEA,24,NYG,3,-21,27,0,-142,120,-2.5,-115,-105,46.5,-115,-105,0,0.3333333333333333,14.333333333333334,32.666666666666664,0.35444947209653094,0.5974358974358974,0.6666666666666666,-1.6666666666666667,0.6666666666666666,29.0,29.333333333333332,0.26263736263736265,0.4907407407407407,1.6666666666666667,0.6666666666666666
2023,REG,4,KC,23,NYJ,20,-3,43,0,-485,370,-9.5,-110,-110,41.5,-105,-115,0,0.3333333333333333,14.0,20.333333333333332,0.20017482517482518,0.5948107448107448,2.0,-0.3333333333333333,0.6666666666666666,26.0,13.333333333333334,0.4146825396825397,0.7377136752136751,2.6666666666666665,0.0
2023,REG,5,JAX,25,BUF,20,-5,45,0,205,-250,5.5,-110,-110,48.5,-108,-112,0,0.75,34.75,13.75,0.49615384615384617,0.7162837162837162,4.0,1.5,0.5,20.0,20.5,0.2767857142857143,0.6357142857142857,2.25,0.5
2023,REG,5,NYG,16,MIA,31,15,47,0,525,-750,12.5,-110,-110,47.5,-108,-112,1,0.75,37.5,29.75,0.3965811965811966,0.5641369047619047,2.5,0.0,0.25,11.5,30.5,0.3595871040723982,0.635576923076923,1.0,-2.0
2023,REG,5,GB,13,LV,17,4,30,0,-102,-118,1.0,-110,-110,45.0,-110,-110,1,0.25,15.5,25.25,0.28869047619047616,0.6141456582633054,1.75,-2.25,0.5,25.0,24.0,0.35773809523809524,0.6787738577212261,2.75,0.25
2023,REG,5,DAL,10,SF,42,32,52,0,150,-180,3.5,-115,-105,45.0,-105,-115,1,1.0,31.25,14.5,0.40714285714285714,0.626131221719457,2.25,1.0,0.75,31.0,10.25,0.45833333333333337,0.7281480774127833,3.5,2.25
2023,REG,5,KC,27,MIN,20,-7,47,0,-180,150,-3.5,-105,-115,52.5,-110,-110,0,0.25,22.5,23.75,0.3375,0.6490055352284454,2.75,-1.5,0.75,25.25,15.0,0.42038690476190477,0.6991185897435896,2.5,-0.25
2023,REG,5,NYJ,31,DEN,21,-10,52,0,114,-135,2.5,-110,-110,42.5,-110,-110,0,0.25,25.0,37.5,0.3333333333333333,0.5939407814407814,2.0,-0.5,0.25,15.5,21.0,0.25429778554778554,0.5867330586080586,1.75,0.0
2023,REG,5,PHI,23,LA,14,-9,37,0,-192,160,-3.5,-110,-110,50.5,-110,-110,0,0.5,24.5,21.25,0.3803418803418803,0.7693181818181818,1.75,-0.75,1.0,29.5,22.5,0.38364576599870714,0.5630005411255411,2.75,0.5
2023,REG,5,CIN,34,ARI,20,-14,54,0,-170,142,-3.0,-120,100,45.5,-110,-110,0,0.25,22.0,25.5,0.3654034690799397,0.556456043956044,3.0,0.75,0.25,12.25,23.5,0.308578431372549,0.6343406593406593,3.0,0.5
2023,REG,5,BAL,10,PIT,17,7,27,0,-230,190,-4.5,-112,-108,38.5,-110,-110,1,0.5,15.5,25.0,0.3166666666666667,0.6306390977443609,3.25,0.75,0.75,24.75,14.5,0.45400641025641025,0.6114663256606991,3.75,0.0
2023,REG,5,NO,34,NE,0,-34,34,0,114,-135,2.5,-110,-110,38.5,-110,-110,0,0.25,13.75,24.25,0.3614583333333333,0.6584935897435897,2.5,-1.25,0.5,15.5,19.0,0.36064425770308123,0.6936507936507936,2.25,0.0
2023,REG,5,CHI,40,WAS,20,-20,60,0,210,-258,6.0,-110,-110,45.5,-112,-108,0,0.5,22.25,30.0,0.2518939393939394,0.6285714285714287,3.25,-0.75,0.0,18.75,34.25,0.3653846153846154,0.5004960317460317,0.5,-1.5
2023,REG,5,HOU,19,ATL,21,2,40,0,120,-142,2.5,-110,-110,42.0,-110,-110,1,0.5,15.5,19.25,0.31547619047619047,0.6909226190476191,1.25,-0.25,0.5,24.0,19.75,0.45822981366459625,0.5797134238310708,1.75,0.75
2023,REG,5,CAR,24,DET,42,18,66,0,350,-455,9.5,-110,-110,43.5,-110,-110,1,0.75,26.5,20.75,0.3618969298245614,0.6982142857142857,3.25,-0.5,0.0,16.75,25.5,0.31474780701754385,0.7664498491704375,3.0,-0.25
2023,REG,5,TEN,16,IND,23,7,39,0,-142,120,-2.5,-110,-110,43.5,-110,-110,1,0.5,24.25,24.75,0.3062372410198497,0.6532738095238095,3.5,0.5,0.5,18.0,17.5,0.26944444444444443,0.7042016806722688,3.25,0.0
2023,REG,6,MIN,19,CHI,13,-6,32,0,-166,140,-3.0,-115,-105,44.5,-112,-108,0,0.2,23.0,31.4,0.37980769230769235,0.5080891330891331,1.4,-0.8,0.2,22.0,24.4,0.35,0.5992044281827563,2.6,-1.4
2023,REG,6,DEN,8,KC,19,11,27,0,470,-650,10.5,-108,-112,47.5,-112,-108,1,0.8,25.6,16.0,0.45630952380952383,0.6792948717948717,2.6,0.0,0.2,24.2,36.2,0.3466666666666667,0.6322954822954823,2.4,-0.6
2023,REG,6,BAL,24,TEN,16,-8,40,0,-250,205,-5.5,-112,-108,42.5,-110,-110,0,0.4,17.6,18.6,0.29888888888888887,0.6566946778711484,2.8,-0.2,0.6,21.8,15.0,0.4346336996336996,0.6091730605285594,3.6,-0.8
2023,REG,6,WAS,24,ATL,16,-8,40,0,105,-125,1.5,-108,-112,42.0,-110,-110,0,0.6,16.6,19.2,0.34571428571428575,0.6911996336996337,1.0,-0.6,0.4,21.8,32.0,0.2938228438228438,0.6153571428571429,3.2,-1.0
2023,REG,6,SEA,13,CIN,17,4,30,0,130,-155,3.0,-112,-108,45.5,-108,-112,1,0.4,16.6,22.8,0.31829131652661063,0.6347452547452547,3.0,0.8,0.75,27.75,22.75,0.259478021978022,0.5243055555555556,4.0,1.25
2023,REG,6,SF,17,CLE,19,2,36,0,-470,360,-9.5,-115,-105,36.0,-110,-110,1,0.5,19.0,15.0,0.30318443166740383,0.7992207139265963,3.0,-1.75,1.0,33.4,13.6,0.4007142857142857,0.6281777046482928,2.6,1.4
2023,REG,6,NO,13,HOU,20,7,33,0,-130,110,-2.0,-110,-110,42.5,-112,-108,1,0.4,23.0,20.0,0.4281223124701386,0.5704374057315234,1.4,1.0,0.6,19.2,15.2,0.34407096171802054,0.7406349206349206,2.2,0.6
2023,REG,6,IND,20,JAX,37,17,57,0,170,-205,4.0,-110,-110,44.0,-110,-110,1,0.6,21.0,20.4,0.3166666666666667,0.6316483516483516,1.8,0.4,0.6,24.0,23.0,0.3516564594825464,0.6392857142857142,3.0,0.6
2023,REG,6,CAR,21,MIA,42,21,63,0,700,-1100,14.0,-110,-110,47.5,-112,-108,1,0.8,36.2,27.0,0.3922649572649573,0.5986779448621553,3.4,-0.6,0.0,18.2,28.8,0.328721322537112,0.73315987933635,2.8,-0.8
2023,REG,6,NE,17,LV,21,4,38,0,124,-148,3.0,-118,-102,41.5,-110,-110,1,0.4,15.8,22.8,0.30787545787545784,0.6246498599439777,1.8,-1.4,0.2,11.0,26.2,0.3034523809523809,0.6712393162393162,2.4,-1.6
2023,REG,6,ARI,9,LA,26,17,35,0,270,-340,7.0,-105,-115,48.0,-110,-110,1,0.4,22.4,21.6,0.38998778998779,0.671010101010101,1.6,-0.4,0.2,21.6,27.2,0.36505004799122454,0.5737362637362637,3.0,0.2
2023,REG,6,PHI,14,NYJ,20,6,34,0,-305,245,-6.5,-115,-105,43.0,-105,-115,1,0.4,18.6,21.0,0.24629537129537127,0.5893864468864469,2.2,0.2,1.0,28.2,20.8,0.4513610572434102,0.5646861471861472,3.0,0.2
2023,REG,6,DET,20,TB,6,-14,26,0,-162,136,-3.0,-115,-105,43.5,-112,-108,0,0.75,21.0,17.0,0.41919191919191917,0.5604732277526394,3.0,1.75,0.8,29.6,21.4,0.36951754385964913,0.6816483516483516,2.8,0.2
2023,REG,6,NYG,9,BUF,14,5,23,0,750,-1200,15.5,-110,-110,43.5,-110,-110,1,0.6,31.8,16.0,0.47384615384615386,0.6777888777888778,4.2,1.2,0.2,12.4,30.6,0.34030126220528695,0.6334615384615384,1.0,-1.0
2023,REG,6,DAL,20,LAC,17,-3,37,0,-130,110,-1.5,-112,-108,49.5,-108,-112,0,0.5,27.5,26.0,0.37330898268398266,0.7333333333333333,4.0,1.25,0.6,26.8,16.6,0.43939393939393945,0.7075184619302266,3.0,1.2
2023,REG,7,JAX,31,NO,24,-7,55,0,124,-148,2.5,-108,-112,41.0,-110,-110,0,0.5,18.166666666666668,16.0,0.3492258014316838,0.7283068783068783,2.1666666666666665,0.6666666666666666,0.6666666666666666,23.666666666666668,20.333333333333332,0.3055555555555556,0.6374847374847374,2.0,0.8333333333333334
2023,REG,7,PIT,24,LA,17,-7,41,0,145,-175,3.5,-118,-102,44.0,-112,-108,0,0.5,23.0,19.5,0.3726088726088726,0.667018221429986,1.6666666666666667,0.16666666666666666,0.6,15.8,22.0,0.33333333333333337,0.6330827067669172,3.4,1.4
2023,REG,7,ARI,10,SEA,20,10,30,0,350,-455,9.5,-112,-108,43.5,-110,-110,1,0.6,24.8,21.6,0.2845054945054945,0.56489898989899,3.8,0.8,0.16666666666666666,19.5,27.0,0.36303190273778513,0.5971611721611721,3.0,-0.3333333333333333
2023,REG,7,GB,17,DEN,19,2,36,0,-102,-118,1.5,-112,-108,44.0,-110,-110,1,0.16666666666666666,21.5,33.333333333333336,0.3494949494949495,0.6491351241351241,2.3333333333333335,-0.8333333333333334,0.4,22.6,22.6,0.35285714285714287,0.666096009253904,3.0,-0.2
2023,REG,7,LAC,17,KC,31,14,48,0,215,-265,5.5,-105,-115,48.5,-108,-112,1,0.8333333333333334,24.5,14.666666666666666,0.42470238095238094,0.6721396658896658,2.8333333333333335,0.3333333333333333,0.4,25.4,24.8,0.3574707155589508,0.7097435897435898,4.2,0.6
2023,REG,7,MIA,17,PHI,31,14,48,0,130,-155,3.0,-112,-108,52.0,-110,-110,1,0.8333333333333334,25.833333333333332,20.666666666666668,0.4594675477028418,0.6150162337662338,3.3333333333333335,-0.5,0.8333333333333334,37.166666666666664,26.0,0.4166310541310541,0.6100093984962406,3.5,-0.6666666666666666
2023,REG,7,SF,17,MIN,22,5,39,0,-325,260,-7.0,-105,-115,44.5,-110,-110,1,0.3333333333333333,21.5,22.5,0.3138888888888889,0.6035036901522969,3.0,-0.8333333333333334,0.8333333333333334,30.666666666666668,14.5,0.3672619047619048,0.654433801492625,2.5,1.3333333333333333
2023,REG,7,BUF,25,NE,29,4,54,0,-395,310,-7.5,-110,-110,41.0,-110,-110,1,0.16666666666666666,12.0,25.333333333333332,0.32430555555555557,0.6519586894586894,2.0,-1.3333333333333333,0.6666666666666666,28.833333333333332,14.833333333333334,0.47179487179487184,0.6557331557331557,4.0,0.6666666666666666
2023,REG,7,CLE,39,IND,38,-1,77,0,-180,150,-3.5,-108,-112,40.0,-110,-110,0,0.5,23.333333333333332,25.333333333333332,0.34860260512434427,0.6577380952380952,3.0,0.0,0.6,19.0,15.4,0.2854046881910659,0.799376571141277,3.0,-1.6
2023,REG,7,LV,12,CHI,30,18,42,0,-142,120,-2.5,-110,-110,38.5,-110,-110,1,0.16666666666666666,21.333333333333332,29.333333333333332,0.3790064102564103,0.5678520553520553,1.5,-1.0,0.5,16.666666666666668,21.833333333333332,0.3306369556369556,0.6157796451914099,2.1666666666666665,-1.1666666666666667
2023,REG,7,DET,6,BAL,38,32,44,0,136,-162,3.0,-105,-115,43.5,-108,-112,1,0.6666666666666666,22.166666666666668,15.166666666666666,0.445528083028083,0.6614903709532866,4.0,-0.8333333333333334,0.8333333333333334,28.0,18.833333333333332,0.39616658066735466,0.7108974358974359,2.5,0.3333333333333333
2023,REG,7,ATL,16,TB,13,-3,29,0,124,-148,3.0,-115,-105,37.5,-115,-105,0,0.6,18.0,17.6,0.3639249639249639,0.5424962292609351,3.0,1.2,0.5,16.5,20.0,0.3343915343915344,0.709333028083028,1.6666666666666667,-1.0
2023,REG,7,WAS,7,NYG,14,7,21,0,-162,136,-3.0,-108,-112,37.0,-112,-108,1,0.16666666666666666,11.833333333333334,27.833333333333332,0.3593419609286482,0.617628205128205,0.8333333333333334,-0.5,0.5,22.166666666666668,29.333333333333332,0.2781857031857032,0.6331679894179895,3.1666666666666665,-0.3333333333333333
2023,REG,8,LA,20,DAL,43,23,63,0,250,-310,6.5,-105,-115,44.5,-110,-110,1,0.6666666666666666,25.666666666666668,16.666666666666668,0.4302641802641803,0.7072457770987183,2.6666666666666665,1.3333333333333333,0.42857142857142855,22.142857142857142,20.142857142857142,0.3836647479504623,0.6737707204093758,1.7142857142857142,0.0
2023,REG,8,TB,18,BUF,24,6,42,0,370,-485,10.0,-112,-108,43.0,-110,-110,1,0.5714285714285714,28.285714285714285,16.857142857142858,0.44903846153846155,0.6477712763427048,3.5714285714285716,0.42857142857142855,0.5,17.166666666666668,17.333333333333332,0.3746993746993747,0.5409690799396681,2.6666666666666665,1.1666666666666667
2023,REG,8,HOU,13,CAR,15,2,28,0,-162,136,-3.0,-118,-102,43.0,-110,-110,1,0.0,18.666666666666668,31.0,0.32948999100314885,0.6878896430367019,2.3333333333333335,-0.5,0.5,22.5,18.833333333333332,0.41232414928067107,0.5795311714429361,1.5,0.6666666666666666
2023,REG,8,MIN,24,GB,10,-14,34,0,-112,-108,-1.0,-108,-112,41.5,-108,-112,0,0.3333333333333333,21.666666666666668,22.0,0.34960317460317464,0.6661911188226978,2.6666666666666665,-0.3333333333333333,0.42857142857142855,21.571428571428573,21.714285714285715,0.35695970695970697,0.5887174487019688,2.7142857142857144,-0.42857142857142855
2023,REG,8,NO,38,IND,27,-11,65,0,-130,110,-2.0,-110,-110,43.5,-110,-110,0,0.42857142857142855,25.428571428571427,27.285714285714285,0.3576257623754883,0.6765574650912997,2.857142857142857,-0.2857142857142857,0.42857142857142855,19.0,18.142857142857142,0.3231459250366813,0.7433106575963719,1.8571428571428572,0.42857142857142855
2023,REG,8,NE,17,MIA,31,14,48,0,300,-380,7.5,-110,-110,46.5,-110,-110,1,0.7142857142857143,34.285714285714285,26.714285714285715,0.4010683760683761,0.6217662976121623,3.4285714285714284,-0.42857142857142855,0.2857142857142857,14.428571428571429,25.285714285714285,0.3351190476190476,0.6570360195360195,1.8571428571428572,-1.0
2023,REG,8,NYJ,13,NYG,10,-3,23,1,-162,136,-3.0,-115,-105,35.0,-112,-108,0,0.2857142857142857,12.142857142857142,24.857142857142858,0.34560138004410446,0.6643162393162393,1.5714285714285714,-0.2857142857142857,0.5,18.833333333333332,19.833333333333332,0.22746836496836495,0.5744887057387057,2.1666666666666665,0.8333333333333334
2023,REG,8,JAX,20,PIT,10,-10,30,0,-135,114,-2.5,-110,-110,41.0,-110,-110,0,0.6666666666666666,17.166666666666668,21.166666666666668,0.3253968253968254,0.619235588972431,3.1666666666666665,1.3333333333333333,0.7142857142857143,24.714285714285715,20.857142857142858,0.2857142857142857,0.6654631083202511,1.8571428571428572,0.8571428571428571
2023,REG,8,ATL,23,TEN,28,5,51,0,-130,110,-2.5,-110,-110,35.0,-110,-110,1,0.3333333333333333,17.333333333333332,19.5,0.2618945868945869,0.630578898225957,2.5,0.0,0.5714285714285714,16.428571428571427,19.0,0.35328798185941046,0.6896323914181056,1.8571428571428572,-1.0
2023,REG,8,PHI,38,WAS,31,-7,69,0,-305,245,-7.0,-110,-110,42.5,-110,-110,0,0.42857142857142855,20.0,27.142857142857142,0.24638139638139636,0.6479785773958707,3.2857142857142856,-0.42857142857142855,0.8571428571428571,26.571428571428573,20.142857142857142,0.43778537055847977,0.6260578707007278,3.4285714285714284,-0.5714285714285714
2023,REG,8,CLE,20,SEA,24,4,44,0,164,-198,4.0,-110,-110,39.5,-112,-108,1,0.6666666666666666,24.0,19.666666666666668,0.32042124542124545,0.5853324915824917,3.8333333333333335,0.5,0.6666666666666666,22.333333333333332,19.166666666666668,0.2729249594574672,0.7641863583040053,3.1666666666666665,-1.0
2023,REG,8,BAL,31,ARI,24,-7,55,0,-500,380,-9.5,-110,-110,44.5,-110,-110,0,0.14285714285714285,18.142857142857142,26.0,0.3558130594895301,0.5832810047095762,2.857142857142857,-0.14285714285714285,0.7142857142857143,24.428571428571427,13.857142857142858,0.43902407116692826,0.6652060322456742,4.142857142857143,-0.7142857142857143
2023,REG,8,KC,9,DEN,24,15,33,0,-340,270,-7.0,-102,-118,45.5,-110,-110,1,0.2857142857142857,21.142857142857142,31.0,0.3471861471861472,0.6516396302110588,2.0,-0.5714285714285714,0.8571428571428571,25.428571428571427,15.0,0.4354591836734694,0.6618339993339992,3.142857142857143,0.2857142857142857
2023,REG,8,CIN,31,SF,17,-14,48,0,170,-205,4.0,-105,-115,44.0,-110,-110,0,0.7142857142857143,28.714285714285715,15.571428571428571,0.3862244897959184,0.6158883133673049,2.142857142857143,0.8571428571428571,0.5,16.666666666666668,21.166666666666668,0.31069730922672095,0.6315184815184814,3.1666666666666665,0.8333333333333334
2023,REG,8,CHI,13,LAC,30,17,43,0,340,-440,9.5,-108,-112,46.0,-112,-108,1,0.3333333333333333,24.0,25.833333333333332,0.364558929632459,0.6747863247863247,3.6666666666666665,0.5,0.2857142857142857,22.571428571428573,26.857142857142858,0.4127747252747253,0.6036134500420215,1.4285714285714286,-0.42857142857142855
2023,REG,8,LV,14,DET,26,12,40,0,270,-340,7.0,-110,-110,46.0,-110,-110,1,0.7142857142857143,24.857142857142858,21.571428571428573,0.3842142120005897,0.695054945054945,2.142857142857143,0.2857142857142857,0.42857142857142855,16.0,23.0,0.3093771308057022,0.5827561793948348,2.142857142857143,-1.4285714285714286
2023,REG,9,ARI,0,CLE,27,27,27,0,525,-750,13.0,-112,-108,38.0,-110,-110,1,0.5714285714285714,22.0,19.857142857142858,0.28750710810640046,0.7502549737843855,2.857142857142857,-1.0,0.125,18.875,26.625,0.355979284196196,0.5937042124542126,3.0,-0.375
2023,REG,9,BUF,18,CIN,24,6,42,0,105,-125,1.5,-108,-112,51.0,-110,-110,1,0.5714285714285714,18.714285714285715,20.571428571428573,0.31988340790861797,0.6047936190793334,3.0,1.0,0.625,27.75,17.0,0.45540865384615387,0.6605498667998667,3.5,0.25
2023,REG,9,LAC,27,NYJ,6,-21,33,0,-170,142,-3.0,-118,-102,41.0,-110,-110,0,0.5714285714285714,18.0,18.428571428571427,0.21283002711574137,0.6216705913134485,2.4285714285714284,0.42857142857142855,0.42857142857142855,24.857142857142858,24.0,0.3791457492087744,0.6600209314495028,3.2857142857142856,0.5714285714285714
2023,REG,9,DAL,23,PHI,28,5,51,0,145,-175,3.5,-118,-102,46.5,-110,-110,1,0.875,28.0,21.5,0.4599852761617467,0.6054929445554446,3.125,-0.625,0.7142857142857143,28.142857142857142,17.142857142857142,0.4300223585937872,0.7109725708465204,2.5714285714285716,1.1428571428571428
2023,REG,9,TEN,16,PIT,20,4,36,0,145,-175,3.5,-120,100,37.0,-108,-112,1,0.5714285714285714,16.142857142857142,21.0,0.3095238095238096,0.6232103367662855,3.142857142857143,1.2857142857142858,0.42857142857142855,18.857142857142858,20.0,0.2721001221001221,0.6452581032412965,3.0,0.0
2023,REG,9,MIA,14,KC,21,7,35,0,-105,-115,1.0,-112,-108,51.0,-108,-112,1,0.75,23.375,16.125,0.4151176948051948,0.6541047494172493,3.5,0.0,0.75,33.875,25.5,0.3926014957264958,0.655156621521753,3.375,-0.5
2023,REG,9,MIN,31,ATL,28,-3,59,0,160,-192,3.5,-108,-112,38.5,-112,-108,0,0.5,17.25,20.125,0.34246031746031746,0.6867616758241758,1.875,-0.875,0.5,21.875,20.25,0.381784188034188,0.6072330307721174,2.875,-0.375
2023,REG,9,SEA,3,BAL,37,34,40,0,220,-270,6.0,-110,-110,44.5,-112,-108,1,0.75,25.25,15.125,0.4258127289377289,0.6624124210721078,3.875,-0.375,0.7142857142857143,24.0,19.714285714285715,0.32226582940868653,0.5909992784992786,3.7142857142857144,0.5714285714285714
2023,REG,9,LA,3,GB,20,17,23,0,160,-198,3.5,-108,-112,38.0,-112,-108,1,0.2857142857142857,20.0,22.285714285714285,0.33725384890798427,0.6345130224829473,2.7142857142857144,-0.2857142857142857,0.375,21.875,23.0,0.3690399877899878,0.6609779517867752,1.875,0.0
2023,REG,9,NYG,6,LV,30,24,36,0,-102,-118,1.0,-110,-110,38.5,-112,-108,1,0.375,15.75,23.375,0.28459387834387834,0.5813402283990519,2.0,-1.0,0.25,11.875,23.375,0.3143059694433533,0.6906517094017094,1.875,0.0
2023,REG,9,TB,37,HOU,39,2,76,0,124,-148,2.5,100,-120,39.5,-110,-110,1,0.42857142857142855,21.142857142857142,18.285714285714285,0.40836575432848726,0.5919790993320405,2.142857142857143,0.42857142857142855,0.42857142857142855,17.285714285714285,18.285714285714285,0.3568851783137497,0.5351163542340013,2.5714285714285716,1.1428571428571428
2023,REG,9,WAS,20,NE,17,-3,37,0,130,-155,2.5,100,-120,40.5,-110,-110,0,0.25,14.75,26.0,0.30711805555555555,0.6582398504273504,1.875,-0.75,0.375,21.375,28.5,0.2828914141414141,0.61505817829831,3.125,-0.25
2023,REG,9,CHI,17,NO,24,7,41,0,340,-440,9.0,-108,-112,42.0,-110,-110,1,0.5,21.375,19.25,0.34525268440709617,0.7207093253968254,1.875,0.375,0.25,21.375,27.25,0.4147493131868132,0.5948284354534354,1.25,-0.5
2023,REG,9,IND,27,CAR,13,-14,40,0,-130,110,-1.5,-108,-112,45.0,-110,-110,0,0.14285714285714285,18.142857142857142,28.428571428571427,0.330039039907461,0.6775317819435467,2.2857142857142856,-0.2857142857142857,0.375,25.625,28.625,0.3676100420785523,0.6544877819548872,2.625,-0.25
2023,REG,10,ATL,23,ARI,25,2,48,0,-130,110,-2.0,-110,-110,43.5,-108,-112,1,0.1111111111111111,16.77777777777778,26.666666666666668,0.3249730389436272,0.601811151811152,2.7777777777777777,-0.6666666666666666,0.4444444444444444,18.444444444444443,21.333333333333332,0.36288870323958045,0.6758143000790059,2.111111111111111,-0.7777777777777778
2023,REG,10,NYG,17,DAL,49,32,66,0,1100,-2100,17.5,-108,-112,38.5,-108,-112,1,0.625,27.5,18.5,0.4231445637695638,0.6887676661573721,2.625,0.875,0.2222222222222222,11.222222222222221,24.11111111111111,0.3071608617274252,0.6853412020078687,1.6666666666666667,-0.2222222222222222
2023,REG,10,CAR,13,CHI,16,3,29,0,150,-180,3.0,100,-120,38.0,-105,-115,1,0.2222222222222222,20.88888888888889,26.88888888888889,0.41628510378510375,0.5879956463289796,1.1111111111111112,-1.0,0.125,17.5,28.25,0.3348367914979757,0.6915245197269192,2.125,-0.75
2023,REG,10,IND,10,NE,6,-4,16,0,-118,-102,-1.0,-110,-110,42.0,-110,-110,0,0.2222222222222222,15.0,25.333333333333332,0.29863485280151947,0.6373896709681024,2.0,-0.5555555555555556,0.4444444444444444,25.77777777777778,26.88888888888889,0.3501562947130991,0.6519423558897244,2.7777777777777777,0.2222222222222222
2023,REG,10,CLE,33,BAL,31,-2,64,0,210,-258,6.0,-112,-108,38.5,-108,-112,0,0.7777777777777778,26.555555555555557,13.777777777777779,0.4261192511192511,0.6913751435170874,3.888888888888889,-0.3333333333333333,0.625,22.625,17.375,0.2932353862597671,0.7718577174459528,3.375,-0.5
2023,REG,10,HOU,30,CIN,27,-3,57,0,205,-250,5.5,-110,-110,46.0,-110,-110,0,0.625,19.375,20.25,0.33252956086740915,0.5812777500277501,2.75,1.125,0.5,23.375,20.625,0.3841057493231407,0.6195442119155354,2.125,0.375
2023,REG,10,SF,34,JAX,3,-31,37,0,-170,142,-3.0,-112,-108,44.5,-112,-108,0,0.75,24.125,19.5,0.29411764705882354,0.6804945054945054,2.0,0.625,0.625,27.25,17.5,0.40739087301587307,0.6170272741963918,2.25,0.5
2023,REG,10,NO,19,MIN,27,8,46,0,-155,130,-3.0,-105,-115,41.0,-112,-108,1,0.5555555555555556,22.88888888888889,21.11111111111111,0.3851153566839841,0.5923942729670284,2.6666666666666665,-0.3333333333333333,0.5555555555555556,21.666666666666668,19.0,0.3587431268803818,0.7041225749559082,1.8888888888888888,0.8888888888888888
2023,REG,10,GB,19,PIT,23,4,42,0,140,-166,3.0,100,-120,38.5,-112,-108,1,0.625,16.625,20.375,0.3244047619047619,0.6453090446704998,3.25,1.25,0.375,20.0,19.875,0.35343045112781957,0.6385322280059123,2.5,-0.25
2023,REG,10,TEN,6,TB,20,14,26,0,120,-142,2.5,-105,-115,39.5,-110,-110,1,0.375,19.75,20.875,0.335712031024531,0.5664410956690368,2.625,1.0,0.375,18.5,20.0,0.26308760683760685,0.6360294117647058,2.625,-0.125
2023,REG,10,DET,41,LAC,38,-3,79,0,-142,120,-2.5,-110,-110,48.5,-110,-110,0,0.5,25.125,21.75,0.3864400305576776,0.6827814729130518,3.875,0.875,0.75,25.0,20.625,0.38975886407194454,0.719284188034188,2.625,0.0
2023,REG,10,DEN,24,BUF,22,-2,46,0,310,-395,7.5,-112,-108,47.5,-112,-108,0,0.5555555555555556,26.666666666666668,17.77777777777778,0.46962250712250714,0.651482922535554,3.2222222222222223,0.0,0.375,21.5,28.25,0.3537878787878788,0.6610937673437673,2.125,-0.25
2023,REG,10,NYJ,12,LV,16,4,28,0,-115,-105,-1.0,-108,-112,35.5,-112,-108,1,0.4444444444444444,17.333333333333332,21.444444444444443,0.29265487598820933,0.6000802030213794,2.6666666666666665,-0.6666666666666666,0.5,16.5,19.5,0.20596311583153687,0.6142742673992674,2.75,0.0
2023,REG,10,WAS,26,SEA,29,3,55,0,220,-270,6.0,-110,-110,44.0,-112,-108,1,0.625,21.375,21.875,0.29159798534798537,0.5885529401154401,3.375,0.5,0.4444444444444444,21.22222222222222,27.22222222222222,0.3102825642041328,0.6321884661796944,2.7777777777777777,-0.3333333333333333
2023,REG,11,CIN,20,BAL,34,14,54,0,170,-205,4.0,-112,-108,46.5,-112,-108,1,0.7,27.0,15.7,0.39889194139194134,0.6722376291653787,3.9,-0.5,0.5555555555555556,20.22222222222222,21.333333333333332,0.34320087950118905,0.5981728148394816,2.5555555555555554,1.1111111111111112
2023,REG,11,DAL,33,CAR,10,-23,43,0,-650,470,-11.0,-110,-110,43.0,-108,-112,0,0.1111111111111111,17.0,26.88888888888889,0.31724054669101104,0.6841329064239282,1.8888888888888888,-0.6666666666666666,0.6666666666666666,29.88888888888889,18.333333333333332,0.4316840566840567,0.7233490365843307,2.888888888888889,0.6666666666666666
2023,REG,11,PIT,10,CLE,13,3,23,0,120,-142,2.5,-105,-115,34.0,-108,-112,1,0.6666666666666666,23.77777777777778,18.88888888888889,0.3162092322309041,0.7801128428579409,3.3333333333333335,-0.2222222222222222,0.6666666666666666,17.333333333333332,20.22222222222222,0.317989417989418,0.6353364347688393,3.0,1.3333333333333333
2023,REG,11,CHI,26,DET,31,5,57,0,340,-440,8.0,-110,-110,48.0,-110,-110,1,0.7777777777777778,26.77777777777778,22.555555555555557,0.38064035780754046,0.704723199821239,2.3333333333333335,0.1111111111111111,0.3,20.4,25.5,0.41215659340659344,0.6115490228725522,1.3,-0.9
2023,REG,11,LAC,20,GB,23,3,43,0,-162,136,-3.0,-110,-110,44.0,-108,-112,1,0.3333333333333333,19.88888888888889,20.22222222222222,0.363543117051889,0.6490656841534035,2.3333333333333335,-0.4444444444444444,0.4444444444444444,26.555555555555557,23.88888888888889,0.38925388337153044,0.6838399417346785,3.4444444444444446,0.6666666666666666
2023,REG,11,ARI,16,HOU,21,5,37,0,205,-250,5.5,-108,-112,48.0,-110,-110,1,0.5555555555555556,24.11111111111111,21.333333333333332,0.37105696236131025,0.6141980296392061,2.3333333333333335,0.2222222222222222,0.2,17.6,26.3,0.3197484623219918,0.5978800366300367,2.8,-0.7
2023,REG,11,TEN,14,JAX,34,20,48,0,235,-290,6.5,-105,-115,40.0,-110,-110,1,0.6666666666666666,21.77777777777778,21.11111111111111,0.2931839402427638,0.6818070818070817,2.0,0.1111111111111111,0.3333333333333333,17.11111111111111,20.0,0.2783000949667616,0.627859477124183,2.6666666666666665,-0.1111111111111111
2023,REG,11,LV,13,MIA,20,7,33,0,700,-1100,14.0,-110,-110,44.5,-110,-110,1,0.6666666666666666,31.666666666666668,25.0,0.37120132953466295,0.6656947746860027,3.2222222222222223,-0.4444444444444444,0.5,17.2,20.5,0.2946393883893884,0.6032300774560836,2.6,-0.7
2023,REG,11,NYG,31,WAS,19,-12,50,0,310,-395,7.5,-110,-110,39.0,-110,-110,0,0.4,21.7,27.4,0.3230043077837195,0.6403981909902964,2.6,-0.4,0.2,11.8,26.6,0.27644477555468266,0.6668070818070818,1.5,-0.1
2023,REG,11,TB,14,SF,27,13,41,0,625,-950,13.5,-110,-110,41.5,-108,-112,1,0.6666666666666666,28.0,15.88888888888889,0.396313254646588,0.6278337675396499,2.5555555555555554,0.8888888888888888,0.4444444444444444,19.77777777777778,19.22222222222222,0.34702180535513866,0.5701698628169215,2.7777777777777777,0.8888888888888888
2023,REG,11,NYJ,6,BUF,32,26,38,0,310,-395,8.0,-108,-112,39.5,-112,-108,1,0.5,26.2,18.4,0.46016025641025643,0.6499709939183622,3.3,-0.3,0.4444444444444444,16.0,19.11111111111111,0.22401399769820818,0.6224104599104598,2.7777777777777777,0.1111111111111111
2023,REG,11,SEA,16,LA,17,1,33,0,114,-135,2.5,-110,-110,45.0,-108,-112,1,0.3333333333333333,19.77777777777778,22.666666666666668,0.36507258173924845,0.6467952164030595,2.111111111111111,0.0,0.6666666666666666,22.22222222222222,22.333333333333332,0.29094424094424093,0.5856581689915024,3.3333333333333335,0.5555555555555556
2023,REG,11,MIN,20,DEN,21,1,41,0,120,-142,2.5,-102,-118,43.5,-115,-105,1,0.4444444444444444,21.77777777777778,27.555555555555557,0.3548821548821549,0.6570833487500154,1.8888888888888888,0.1111111111111111,0.6,23.3,20.9,0.3841038210155857,0.6081548456703255,2.7,-0.1
2023,REG,11,PHI,21,KC,17,-4,38,0,124,-148,2.5,100,-120,46.0,-108,-112,0,0.7777777777777778,23.11111111111111,15.88888888888889,0.3967712842712843,0.6703153328153326,3.4444444444444446,0.0,0.8888888888888888,28.0,21.666666666666668,0.46072765288451556,0.6076603951603952,3.3333333333333335,-0.4444444444444444
2023,REG,12,BUF,34,PHI,37,3,71,1,124,-148,2.5,-105,-115,49.0,-108,-112,1,0.9,27.3,21.2,0.4419276148687913,0.6105307192807193,3.1,-0.3,0.5454545454545454,26.727272727272727,17.272727272727273,0.45329254079254083,0.6817918126530566,3.5454545454545454,0.0
2023,REG,12,CAR,10,TEN,17,7,27,0,145,-175,3.5,-112,-105,36.0,-112,-108,1,0.3,16.8,21.4,0.2726923076923077,0.6384068627450981,2.5,-0.1,0.1,16.3,27.5,0.3149282567277923,0.6745431451933,1.7,-0.8
2023,REG,12,LA,37,ARI,14,-23,51,0,-148,124,-3.0,-105,-115,45.0,-112,-108,0,0.18181818181818182,17.454545454545453,25.818181818181817,0.3134076930199925,0.5714993339993341,2.909090909090909,-0.36363636363636365,0.4,19.5,22.0,0.34394993894993897,0.6508656947627535,2.1,0.0
2023,REG,12,CLE,12,DEN,29,17,41,0,105,-125,1.5,-110,-110,37.5,-110,-110,1,0.5,21.7,26.8,0.3347785547785548,0.6538750138750139,1.9,0.4,0.7,22.7,18.0,0.30811772077251953,0.7806729871435754,3.3,-0.3
2023,REG,12,KC,31,LV,17,-14,48,0,-500,380,-9.0,-110,-110,42.5,-112,-108,0,0.45454545454545453,16.818181818181817,20.454545454545453,0.2938280154189245,0.6183210494356005,2.4545454545454546,-0.6363636363636364,0.7,22.5,16.4,0.3934577922077922,0.6760110722610722,3.6,-0.1
2023,REG,12,BAL,20,LAC,10,-10,30,0,-170,142,-3.0,-115,-105,49.0,-110,-110,0,0.4,25.9,23.8,0.39699516170104404,0.6742794769729754,3.4,0.5,0.7272727272727273,27.636363636363637,16.09090909090909,0.40159007659007656,0.6880481943461484,4.0,-0.45454545454545453
2023,REG,12,CHI,12,MIN,10,-2,22,0,140,-166,3.0,-105,-115,43.5,-110,-110,0,0.5454545454545454,23.0,20.90909090909091,0.3832762009232597,0.6297911184415547,2.6363636363636362,-0.36363636363636365,0.2727272727272727,20.90909090909091,26.0,0.4030969030969031,0.5807470455866177,1.3636363636363635,-0.5454545454545454
2023,REG,12,NE,7,NYG,10,3,17,0,-218,180,-4.5,-108,-112,36.5,-105,-115,1,0.2727272727272727,13.545454545454545,25.90909090909091,0.2837809647899712,0.6621323121323122,1.7272727272727273,0.45454545454545453,0.2,14.1,23.8,0.3087713675213675,0.6403173705379588,1.8,-0.6
2023,REG,12,GB,29,DET,22,-7,51,0,330,-425,8.5,-105,-115,47.0,-108,-112,0,0.8,27.2,22.9,0.4153035947540592,0.7030008798391151,2.3,-0.2,0.4,20.2,20.2,0.3683652759349354,0.6374924490713965,2.3,-0.3
2023,REG,12,TB,20,IND,27,7,47,0,130,-155,2.5,-105,-115,45.0,-112,-108,1,0.5,24.2,24.8,0.3484739985751225,0.6467481203007519,3.0,0.3,0.4,19.2,20.0,0.3623196248196248,0.5731528765352294,2.9,0.6
2023,REG,12,JAX,24,HOU,21,-3,45,0,-115,-105,-1.0,-110,-110,48.0,-108,-112,0,0.6,23.8,20.8,0.40318203535594843,0.6277782266752855,2.4,-0.1,0.7,23.0,20.4,0.2905322128851541,0.6914041514041513,2.0,0.1
2023,REG,12,PIT,16,CIN,10,-6,26,0,-135,114,-2.0,-112,-108,36.0,-108,-112,0,0.5,20.2,22.6,0.3242654069356855,0.5954983904983905,2.6,1.0,0.6,16.6,19.5,0.3076190476190476,0.6482733795272495,2.8,1.3
2023,REG,12,NO,15,ATL,24,9,39,0,-130,110,-2.0,-110,-110,42.0,-110,-110,1,0.4,18.9,21.7,0.3703498329156224,0.680960142798378,2.1,-0.6,0.5,21.4,19.8,0.3478688141923436,0.6962103174603175,1.8,0.6
2023,REG,12,MIA,34,NYJ,13,-21,47,0,-500,380,-9.5,-120,100,40.0,-110,-110,0,0.4,15.0,20.4,0.20161259792838737,0.6217078754578754,2.6,-0.2,0.7,30.5,23.8,0.3571581196581197,0.6705538686459739,3.1,-0.4
2023,REG,12,SF,31,SEA,13,-18,44,0,-355,280,-7.0,-112,-108,43.5,-115,-105,0,0.6,21.6,21.8,0.29309981684981684,0.6117077367077367,3.1,0.5,0.7,27.9,15.7,0.3966819291819292,0.6150503907856849,2.7,1.0
2023,REG,12,WAS,10,DAL,45,35,55,0,550,-800,13.0,-110,-110,48.0,-112,-110,1,0.7,30.2,17.5,0.42969212160388637,0.7216023682200153,3.3,0.8,0.36363636363636365,21.454545454545453,27.727272727272727,0.3286053147684163,0.6406217320691006,3.1818181818181817,-0.9090909090909091
2023,REG,13,DEN,17,HOU,22,5,39,0,142,-170,3.5,-122,102,47.5,-110,-110,1,0.5454545454545454,23.545454545454547,21.09090909090909,0.4054901620119012,0.6262630343512696,2.1818181818181817,0.0,0.5454545454545454,22.363636363636363,25.454545454545453,0.3407077770714135,0.6746457345387827,2.090909090909091,0.5454545454545454
2023,REG,13,LAC,6,NE,0,-6,6,0,-225,185,-4.5,-110,-110,38.5,-108,-112,0,0.18181818181818182,13.454545454545455,22.545454545454547,0.3049436674436674,0.6450437634261165,2.1818181818181817,-0.7272727272727273,0.36363636363636365,24.454545454545453,23.454545454545453,0.4006774197282219,0.6759184056397678,3.272727272727273,0.09090909090909091
2023,REG,13,DET,33,NO,28,-5,61,0,-198,164,-4.0,-110,-110,47.5,-108,-112,0,0.45454545454545453,20.818181818181817,20.181818181818183,0.35520541549953316,0.6783730158730159,1.6363636363636365,0.5454545454545454,0.7272727272727273,26.727272727272727,23.454545454545453,0.41290225785722556,0.6886784858041541,2.090909090909091,-0.45454545454545453
2023,REG,13,ATL,13,NYJ,8,-5,21,0,-125,105,-2.0,-108,-112,33.0,-110,-110,0,0.36363636363636365,14.818181818181818,21.636363636363637,0.20853670518742284,0.5972745391863038,2.5454545454545454,-0.09090909090909091,0.45454545454545453,19.363636363636363,21.09090909090909,0.3821362117414749,0.6710027272193048,2.0,-0.5454545454545454
2023,REG,13,ARI,24,PIT,10,-14,34,0,230,-285,6.0,-105,-115,41.0,-112,-108,0,0.6363636363636364,16.545454545454547,18.636363636363637,0.32243442831678126,0.6650970116914389,2.909090909090909,1.1818181818181819,0.16666666666666666,17.166666666666668,26.75,0.31506816304610424,0.5655410561660562,2.6666666666666665,-0.25
2023,REG,13,IND,31,TEN,28,-3,59,1,-122,102,-1.5,-110,-110,42.0,-108,-112,0,0.36363636363636365,16.818181818181817,20.363636363636363,0.2608891108891109,0.640975935828877,2.6363636363636362,0.0,0.5454545454545454,24.454545454545453,24.363636363636363,0.333323469779037,0.6463943950786056,3.272727272727273,0.36363636363636365
2023,REG,13,MIA,45,WAS,15,-30,60,0,-455,350,-8.5,-112,-108,50.0,-110,-110,0,0.3333333333333333,20.5,29.166666666666668,0.3376798718710483,0.6251153756087967,2.9166666666666665,-0.9166666666666666,0.7272727272727273,30.818181818181817,22.818181818181817,0.38351272910096446,0.6752509916983601,3.4545454545454546,-0.45454545454545453
2023,REG,13,CAR,18,TB,21,3,39,0,164,-198,4.0,-110,-110,37.0,-110,-110,1,0.36363636363636365,19.272727272727273,20.636363636363637,0.3618490095762823,0.5954282348667375,2.8181818181818183,0.45454545454545453,0.09090909090909091,15.727272727272727,26.545454545454547,0.3166014455101142,0.6911431190068961,1.6363636363636365,-0.8181818181818182
2023,REG,13,CLE,19,LA,36,17,55,0,160,-192,3.5,-110,-110,39.5,-110,-110,1,0.45454545454545453,21.09090909090909,21.272727272727273,0.35813630813630815,0.6523021467540183,2.272727272727273,-0.09090909090909091,0.6363636363636364,21.727272727272727,19.0,0.2908022060498841,0.7642481701305232,3.090909090909091,-0.45454545454545453
2023,REG,13,SF,42,PHI,19,-23,61,0,-148,124,-3.0,-105,-115,46.5,-108,-112,0,0.9090909090909091,28.181818181818183,22.363636363636363,0.42972440512547455,0.5986642902551993,2.909090909090909,-0.36363636363636365,0.7272727272727273,28.181818181818183,15.454545454545455,0.3984987234987235,0.6273185370778953,3.0,0.8181818181818182
2023,REG,13,KC,19,GB,27,8,46,0,-265,215,-5.5,-118,-102,43.5,-105,-115,1,0.45454545454545453,21.0,20.363636363636363,0.37619983762680076,0.6350941456204615,2.3636363636363638,0.0,0.7272727272727273,23.272727272727273,16.454545454545453,0.3955676898858717,0.6600100656918838,3.3636363636363638,-0.09090909090909091
2023,REG,13,CIN,34,JAX,31,-3,65,1,410,-550,10.0,-105,-115,41.0,-105,-115,0,0.7272727272727273,23.09090909090909,20.454545454545453,0.29947372888549356,0.6804972804972804,2.1818181818181817,0.0,0.45454545454545453,19.272727272727273,22.0,0.30993824872941106,0.5894905154263443,2.5454545454545454,0.9090909090909091
2023,REG,13,SEA,35,DAL,41,6,76,0,380,-500,9.5,-102,-118,47.5,-110,-110,1,0.7272727272727273,31.545454545454547,16.818181818181817,0.4402159783175827,0.7071385165636502,3.3636363636363638,0.8181818181818182,0.5454545454545454,20.818181818181817,22.636363636363637,0.28918165168165166,0.6091282454918818,2.909090909090909,0.5454545454545454
2023,REG,14,TB,29,ATL,25,-4,54,0,105,-125,1.5,-108,-112,41.5,-110,-110,0,0.5,18.833333333333332,20.0,0.37251374965190753,0.6880024999510294,2.1666666666666665,-0.25,0.4166666666666667,19.416666666666668,20.416666666666668,0.3594727032227032,0.6135175486278427,2.9166666666666665,0.4166666666666667
2023,REG,14,TEN,28,MIA,27,-1,55,0,625,-950,14.0,-110,-110,45.0,-110,-112,0,0.75,32.0,22.166666666666668,0.39642512988101225,0.6665991233425443,3.4166666666666665,-0.3333333333333333,0.3333333333333333,17.75,21.25,0.26414835164835165,0.6542279411764705,2.6666666666666665,-0.08333333333333333
2023,REG,14,HOU,6,NYJ,30,24,36,0,-175,145,-3.5,-108,-112,33.5,-110,-110,1,0.3333333333333333,14.25,20.916666666666668,0.20157531308847096,0.6086127720318896,2.5833333333333335,-0.3333333333333333,0.5833333333333334,23.416666666666668,20.75,0.39253264851090947,0.6574077814886637,2.25,0.25
2023,REG,14,JAX,27,CLE,31,4,58,0,120,-142,2.5,-108,-112,37.5,-110,-110,1,0.5833333333333334,21.5,20.416666666666668,0.3008824143692565,0.7582531303119538,2.8333333333333335,-0.5,0.6666666666666666,23.75,21.583333333333332,0.29951758481170243,0.6595034595034595,2.1666666666666665,0.08333333333333333
2023,REG,14,IND,14,CIN,34,20,48,0,124,-148,3.0,-118,-102,45.0,-110,-110,1,0.5,20.5,22.75,0.3317291089543411,0.5986996391408156,2.6666666666666665,0.75,0.5833333333333334,25.0,24.666666666666668,0.3222131806307839,0.6508615288220552,3.5,0.4166666666666667
2023,REG,14,DET,13,CHI,28,15,41,0,-170,142,-3.0,-120,100,44.5,-110,-110,1,0.3333333333333333,20.166666666666668,24.666666666666668,0.40654253154253156,0.6005332766362178,1.4166666666666667,-0.3333333333333333,0.75,27.25,23.833333333333332,0.4169552748306619,0.6761604068589362,2.0833333333333335,-0.25
2023,REG,14,LA,31,BAL,37,6,68,1,285,-360,7.5,-115,-105,42.0,-110,-110,1,0.75,27.0,15.583333333333334,0.3937652625152625,0.6775858448173026,3.9166666666666665,-0.08333333333333333,0.5,22.333333333333332,21.083333333333332,0.3539326414326414,0.646963242367654,2.25,0.0
2023,REG,14,NE,21,PIT,18,-3,39,0,220,-270,6.0,-118,-102,30.0,-105,-115,0,0.5833333333333334,16.0,19.083333333333332,0.32334267040149395,0.6513389273838189,2.8333333333333335,1.0,0.16666666666666666,12.333333333333334,21.166666666666668,0.29913953829395007,0.6468456720294956,2.0,-0.75
2023,REG,14,CAR,6,NO,28,22,34,0,200,-245,5.5,-110,-110,39.0,-110,-110,1,0.4166666666666667,21.416666666666668,21.25,0.36406650266944385,0.6667137260887261,1.5833333333333333,0.3333333333333333,0.08333333333333333,15.916666666666666,26.083333333333332,0.3058429917176047,0.6891034146452103,1.5833333333333333,-0.75
2023,REG,14,GB,22,NYG,24,2,46,0,-265,215,-6.0,-112,-108,37.5,-110,-110,1,0.3333333333333333,13.25,24.333333333333332,0.2857735766984993,0.6680657305657306,1.75,0.5833333333333334,0.5,21.5,20.25,0.38651651782456736,0.6124726637884533,2.4166666666666665,0.08333333333333333
2023,REG,14,PHI,13,DAL,33,20,46,0,145,-175,3.5,-118,-102,52.5,-110,-110,1,0.75,32.333333333333336,18.333333333333332,0.4511503610768317,0.6846686401833461,3.1666666666666665,0.8333333333333334,0.8333333333333334,27.416666666666668,24.0,0.4355807046983517,0.5765533771783772,2.8333333333333335,-0.3333333333333333
2023,REG,14,DEN,24,LAC,7,-17,31,0,136,-162,3.0,-112,-108,45.0,-110,-110,0,0.4166666666666667,22.916666666666668,21.5,0.39506541252864785,0.6833173620325322,3.4166666666666665,0.16666666666666666,0.5,21.916666666666668,25.166666666666668,0.3123154623154623,0.6809252566605508,2.3333333333333335,0.25
2023,REG,14,BUF,20,KC,17,-3,37,0,105,-125,2.0,-110,-110,49.5,-110,-110,0,0.6666666666666666,22.916666666666668,17.333333333333332,0.4156340187590188,0.6466758935508935,3.25,-0.16666666666666666,0.5,27.333333333333332,18.916666666666668,0.4588514957264958,0.6826681359576096,3.4166666666666665,0.08333333333333333
2023,REG,14,SEA,16,SF,28,12,44,0,650,-1000,14.5,-110,-110,44.5,-110,-110,1,0.75,29.333333333333332,15.75,0.42084605209605214,0.6167086589880707,3.0,0.75,0.5,22.0,24.166666666666668,0.3119581807081807,0.5940818440818441,3.0,0.4166666666666667
2023,REG,14,MIN,3,LV,0,-3,3,0,-155,130,-3.0,-108,-112,40.5,-108,-112,0,0.4166666666666667,16.833333333333332,21.333333333333332,0.3110090141340141,0.6154054064270782,2.3333333333333335,-0.5833333333333334,0.5,21.916666666666668,20.166666666666668,0.3664880326645032,0.623604821534388,2.6666666666666665,-0.5
2023,REG,15,HOU,19,TEN,16,-3,35,1,142,-170,3.0,100,-120,38.0,-108,-112,0,0.38461538461538464,18.53846153846154,21.692307692307693,0.27130177514792897,0.6588477698771816,2.8461538461538463,-0.07692307692307693,0.5384615384615384,22.076923076923077,21.46153846153846,0.36825498915799926,0.654914875220305,2.3846153846153846,0.3076923076923077
2023,REG,15,LAC,21,LV,63,42,84,0,136,-162,3.0,-110,-110,36.0,-110,-110,1,0.38461538461538464,15.538461538461538,19.923076923076923,0.3035687602995295,0.6170175779606596,2.5384615384615383,-0.7692307692307693,0.38461538461538464,21.692307692307693,21.692307692307693,0.36467576541105956,0.6714784699304823,3.3076923076923075,0.07692307692307693
2023,REG,15,MIN,24,CIN,27,3,51,1,145,-175,3.0,-105,-115,41.5,-110,-110,1,0.5384615384615384,21.53846153846154,22.076923076923077,0.3254422544193918,0.6085898766894242,2.6923076923076925,0.6153846153846154,0.5384615384615384,20.46153846153846,18.615384615384617,0.3662686735084924,0.6360747803174571,2.769230769230769,-0.23076923076923078
2023,REG,15,PIT,13,IND,30,17,43,0,102,-122,1.5,-110,-110,41.5,-110,-110,1,0.5384615384615384,24.153846153846153,25.384615384615383,0.31840657233051384,0.6584875650665124,3.230769230769231,0.46153846153846156,0.5384615384615384,16.153846153846153,19.23076923076923,0.31385477267830214,0.656180987914734,2.769230769230769,0.9230769230769231
2023,REG,15,DEN,17,DET,42,25,59,0,210,-258,5.5,-108,-112,49.0,-108,-112,1,0.6923076923076923,26.153846153846153,24.153846153846153,0.41372794599753404,0.6722249909467103,2.1538461538461537,-0.46153846153846156,0.5384615384615384,22.076923076923077,23.76923076923077,0.32449029100612814,0.7054694676866623,2.6153846153846154,0.3076923076923077
2023,REG,15,ATL,7,CAR,9,2,16,0,-155,130,-3.0,-102,-118,32.0,-110,-110,1,0.07692307692307693,15.153846153846153,26.23076923076923,0.3116206370433567,0.6899416135186556,1.5384615384615385,-0.7692307692307693,0.46153846153846156,19.307692307692307,20.692307692307693,0.3713313733050575,0.6848529863801356,2.076923076923077,-0.3076923076923077
2023,REG,15,CHI,17,CLE,20,3,37,0,124,-148,3.0,-120,100,38.0,-110,-110,1,0.6153846153846154,22.23076923076923,20.923076923076923,0.2931222286485445,0.7485089623932205,2.923076923076923,-0.38461538461538464,0.38461538461538464,20.76923076923077,23.76923076923077,0.40411618296233687,0.6024153322795857,1.6153846153846154,-0.07692307692307693
2023,REG,15,TB,34,GB,20,-14,54,0,180,-218,4.0,-110,-110,41.5,-110,-110,0,0.46153846153846156,21.53846153846154,20.53846153846154,0.382425503632934,0.6213034379026282,2.230769230769231,0.0,0.46153846153846156,20.153846153846153,20.76923076923077,0.3589702780879251,0.615774440491635,2.923076923076923,0.46153846153846156
2023,REG,15,NYJ,0,MIA,30,30,30,0,275,-345,7.5,-115,-105,36.0,-110,-110,1,0.6923076923076923,31.615384615384617,22.615384615384617,0.38790891109895637,0.6647728171513596,3.230769230769231,-0.3076923076923077,0.38461538461538464,15.461538461538462,19.76923076923077,0.21491567362012703,0.6328023221122768,2.769230769230769,-0.38461538461538464
2023,REG,15,KC,27,NE,17,-10,44,0,-485,370,-10.0,-112,-108,39.5,-110,-110,0,0.23076923076923078,13.0,20.923076923076923,0.2981068265570528,0.658626774181073,2.0,-0.6923076923076923,0.6153846153846154,22.46153846153846,17.53846153846154,0.41916512974205283,0.6482136453290299,3.230769230769231,-0.23076923076923078
2023,REG,15,NYG,6,NO,24,18,30,0,205,-250,6.0,-108,-112,39.5,-110,-110,1,0.46153846153846156,21.923076923076923,20.076923076923077,0.3591383101564097,0.6630471024701794,1.7692307692307692,0.38461538461538464,0.38461538461538464,14.076923076923077,24.153846153846153,0.2847700148545588,0.6679581102658025,1.7692307692307692,0.6153846153846154
2023,REG,15,SF,45,ARI,29,-16,74,0,-750,525,-12.5,-110,-110,48.0,-110,-110,0,0.23076923076923078,17.692307692307693,25.46153846153846,0.3292936889656347,0.5733199492814879,2.4615384615384617,-0.15384615384615385,0.7692307692307693,29.23076923076923,15.76923076923077,0.43043132081593616,0.6333720954761678,3.076923076923077,0.6923076923076923
2023,REG,15,WAS,20,LA,28,8,48,0,240,-298,6.5,-108,-112,48.5,-110,-110,1,0.46153846153846156,23.0,22.307692307692307,0.34978397670705363,0.648478890390655,2.230769230769231,0.07692307692307693,0.3076923076923077,20.076923076923077,30.384615384615383,0.3446715300787699,0.6125325360649249,2.6923076923076925,-0.9230769230769231
2023,REG,15,DAL,10,BUF,31,21,41,0,114,-135,2.0,-108,-112,49.5,-110,-110,1,0.5384615384615384,26.76923076923077,18.76923076923077,0.4491962524654833,0.671575320765604,3.230769230769231,0.15384615384615385,0.7692307692307693,32.38461538461539,17.923076923076923,0.4494135201148776,0.680952870658753,3.0,0.9230769230769231
2023,REG,15,BAL,23,JAX,7,-16,30,0,-225,185,-4.0,-110,-110,42.5,-108,-112,0,0.6153846153846154,24.0,22.307692307692307,0.3048178515670775,0.670310885695501,2.076923076923077,0.0,0.7692307692307693,27.76923076923077,16.76923076923077,0.389116652578191,0.6793100106005869,3.769230769230769,-0.15384615384615385
2023,REG,15,PHI,17,SEA,20,3,37,0,-238,195,-5.0,-120,100,46.0,-112,-108,1,0.46153846153846156,21.53846153846154,24.46153846153846,0.300781910397295,0.583348275655968,3.0,0.38461538461538464,0.7692307692307693,26.307692307692307,24.692307692307693,0.43004652461666026,0.5761591613514689,2.8461538461538463,-0.46153846153846156
2023,REG,16,DAL,20,MIA,22,2,42,0,102,-122,1.5,-110,-110,48.5,100,-120,1,0.7142857142857143,31.5,21.0,0.38698684602045946,0.6663961873548339,3.4285714285714284,0.0,0.7142857142857143,30.785714285714285,18.857142857142858,0.4447850818649139,0.6680276656116992,2.857142857142857,0.7857142857142857
2023,REG,16,BAL,33,SF,19,-14,52,0,275,-345,6.5,-105,-115,47.5,-112,-108,0,0.7857142857142857,30.357142857142858,16.714285714285715,0.440502553002553,0.6283098029421559,3.0714285714285716,0.7857142857142857,0.7857142857142857,27.428571428571427,16.071428571428573,0.38879513343799055,0.6869103159658512,3.5714285714285716,-0.07142857142857142
2023,REG,16,NO,22,LA,30,8,52,0,180,-218,4.0,100,-120,45.5,-112,-108,1,0.5,23.357142857142858,22.142857142857142,0.36261453299268426,0.6593018267913225,2.142857142857143,0.0,0.5,22.071428571428573,19.071428571428573,0.36205700228809473,0.6781865951508809,2.142857142857143,0.35714285714285715
2023,REG,16,CIN,11,PIT,34,23,45,0,-155,130,-3.0,-105,-115,39.5,-110,-110,1,0.5,15.928571428571429,20.0,0.3118447378951581,0.6521680602065387,2.7857142857142856,0.6428571428571429,0.5714285714285714,21.928571428571427,22.214285714285715,0.33280862400168015,0.6110375385585469,2.7142857142857144,0.6428571428571429
2023,REG,16,BUF,24,LAC,22,-2,46,0,-800,550,-13.0,-105,-115,44.5,-115,-105,0,0.35714285714285715,21.642857142857142,24.642857142857142,0.37434178216741243,0.654765722078305,3.142857142857143,-0.14285714285714285,0.5714285714285714,27.071428571428573,18.142857142857142,0.45282509157509165,0.6675616989526763,3.2142857142857144,0.21428571428571427
2023,REG,16,IND,10,ATL,29,19,39,0,130,-155,3.0,-115,-105,44.0,-105,-115,1,0.42857142857142855,18.428571428571427,19.857142857142858,0.37777473675030065,0.6875222175117132,2.142857142857143,-0.42857142857142855,0.5714285714285714,24.571428571428573,24.5,0.3242346743069057,0.6624731471535982,3.2857142857142856,0.6428571428571429
2023,REG,16,GB,33,CAR,30,-3,63,0,-198,164,-3.5,-112,-108,39.5,-110,-110,0,0.14285714285714285,14.714285714285714,24.857142857142858,0.3092032899529582,0.6791216081574329,1.4285714285714286,-0.5714285714285714,0.42857142857142855,21.428571428571427,21.5,0.38572164112854074,0.6066865256714881,2.4285714285714284,0.0
2023,REG,16,CLE,36,HOU,22,-14,58,0,-162,136,-3.0,-110,-110,40.0,-110,-110,0,0.5714285714285714,21.857142857142858,21.071428571428573,0.35782407723401516,0.6557542888950451,2.7142857142857144,0.2857142857142857,0.6428571428571429,22.071428571428573,20.642857142857142,0.2889916492912955,0.7505995920635461,2.9285714285714284,-0.5
2023,REG,16,DET,30,MIN,24,-6,54,0,-148,124,-2.5,-125,105,47.5,-102,-118,0,0.5,20.714285714285715,19.214285714285715,0.36561682948237556,0.6314571939682511,2.9285714285714284,-0.2857142857142857,0.7142857142857143,27.285714285714285,23.642857142857142,0.4198902355691388,0.67182796778385,2.142857142857143,-0.35714285714285715
2023,REG,16,WAS,28,NYJ,30,2,58,0,140,-166,3.0,-108,-112,36.5,-110,-110,1,0.35714285714285715,14.357142857142858,20.5,0.2218859826472608,0.6322450133899713,2.7857142857142856,-0.6428571428571429,0.2857142857142857,20.071428571428573,30.214285714285715,0.33433784935885774,0.6023936574384386,2.7142857142857144,-0.7857142857142857
2023,REG,16,SEA,20,TEN,17,-3,37,0,-166,140,-3.0,-110,-110,42.0,-108,-112,0,0.35714285714285715,18.357142857142858,21.5,0.27573260073260075,0.66734277044151,2.9285714285714284,-0.07142857142857142,0.5,21.428571428571427,23.928571428571427,0.30786891679748823,0.5773948273948274,2.7857142857142856,0.5
2023,REG,16,JAX,12,TB,30,18,42,0,-125,105,-2.0,-110,-110,43.0,-108,-112,1,0.5,21.142857142857142,20.714285714285715,0.37499621060545424,0.6126068784157018,2.857142857142857,0.42857142857142855,0.5714285714285714,22.785714285714285,22.357142857142858,0.29835127033269443,0.6663875806732948,2.142857142857143,-0.07142857142857142
2023,REG,16,ARI,16,CHI,27,11,43,0,180,-218,4.5,-110,-110,42.0,-105,-115,1,0.35714285714285715,20.5,23.5,0.39112375719518583,0.6140075144276825,1.7857142857142858,0.07142857142857142,0.21428571428571427,18.5,26.857142857142858,0.3370227111823751,0.5629807692307693,2.2857142857142856,-0.2857142857142857
2023,REG,16,NE,26,DEN,23,-3,49,0,270,-340,7.0,-110,-110,37.5,-110,-110,0,0.5,21.714285714285715,25.071428571428573,0.32512193688664276,0.690793077137615,2.5714285714285716,0.21428571428571427,0.21428571428571427,13.285714285714286,21.357142857142858,0.2878024927919886,0.6575003719436493,2.0714285714285716,-0.5714285714285714
2023,REG,16,LV,20,KC,14,-6,34,0,440,-600,11.0,-102,-118,40.5,-110,-110,0,0.6428571428571429,22.785714285714285,17.5,0.4147349674135388,0.6623522311022311,3.2857142857142856,-0.2857142857142857,0.42857142857142855,18.928571428571427,20.0,0.32206384884956313,0.6086591795348982,2.5714285714285716,-0.5
2023,REG,16,NYG,25,PHI,33,8,58,0,600,-900,14.0,-112,-108,41.0,-108,-112,1,0.7142857142857143,25.642857142857142,24.357142857142858,0.43504320142975594,0.5778620783977927,2.7857142857142856,-0.5714285714285714,0.35714285714285715,13.5,24.142857142857142,0.27335787093637604,0.663103959532531,1.7142857142857142,0.5714285714285714
2023,REG,17,NYJ,20,CLE,37,17,57,0,270,-345,6.5,-105,-115,33.5,-110,-110,1,0.6666666666666666,23.0,20.733333333333334,0.29472553933854245,0.7476184427887215,2.933333333333333,-0.4666666666666667,0.4,15.4,21.0,0.22277985831391403,0.6413773971126913,2.6666666666666665,-0.6666666666666666
2023,REG,17,DET,19,DAL,20,1,39,0,195,-238,5.5,-110,-110,53.0,-110,-110,1,0.6666666666666666,30.066666666666666,19.066666666666666,0.4329105208516974,0.6651591545709192,2.7333333333333334,0.6666666666666666,0.7333333333333333,27.466666666666665,23.666666666666668,0.42046898176929143,0.6737061032649266,2.2666666666666666,-0.13333333333333333
2023,REG,17,MIA,19,BAL,56,37,75,0,150,-180,3.0,100,-120,47.0,-108,-112,1,0.8,27.8,16.266666666666666,0.3833882783882784,0.6811162949014611,3.6,0.26666666666666666,0.7333333333333333,30.866666666666667,20.933333333333334,0.38618772295242887,0.6708586637534004,3.466666666666667,0.06666666666666667
2023,REG,17,NE,21,BUF,27,6,48,0,750,-1200,15.0,-110,-110,40.0,-108,-112,1,0.6,26.866666666666667,18.4,0.45597008547008555,0.6730575856891645,3.3333333333333335,0.13333333333333333,0.26666666666666666,14.133333333333333,21.466666666666665,0.28290137422490363,0.6612860614331203,2.2666666666666666,-0.4666666666666667
2023,REG,17,ATL,17,CHI,37,20,54,0,130,-155,3.0,-115,-105,39.0,-110,-110,1,0.4,20.933333333333334,23.0,0.3964213890684479,0.6105736801325037,1.8,0.0,0.4666666666666667,19.133333333333333,19.2,0.3748119765225028,0.6861318474553767,2.4,-0.3333333333333333
2023,REG,17,TEN,3,HOU,26,23,29,0,190,-230,5.0,-105,-115,44.0,-108,-112,1,0.5333333333333333,21.866666666666667,22.066666666666666,0.3535769818890024,0.6537040029687088,2.6,0.26666666666666666,0.3333333333333333,18.266666666666666,21.4,0.284017094017094,0.6561865857454093,2.933333333333333,-0.06666666666666667
2023,REG,17,LV,20,IND,23,3,43,0,150,-180,3.5,-110,-110,42.5,-105,-115,1,0.5333333333333333,23.6,24.8,0.3248412515753342,0.6627527151211361,3.1333333333333333,0.5333333333333333,0.4666666666666667,19.0,19.6,0.3148786398786399,0.6151407244286501,2.6666666666666665,-0.3333333333333333
2023,REG,17,CAR,0,JAX,26,26,26,0,160,-192,3.5,-110,-110,38.0,-110,-110,1,0.5333333333333333,22.066666666666666,22.866666666666667,0.30068340786607034,0.6552950752950752,2.1333333333333333,-0.3333333333333333,0.13333333333333333,15.733333333333333,25.4,0.31935896805865843,0.6649579453913819,1.4,-0.5333333333333333
2023,REG,17,LA,26,NYG,25,-1,51,0,-298,240,-6.0,-112,-108,43.5,-108,-112,0,0.3333333333333333,14.266666666666667,24.733333333333334,0.27418163192156997,0.6541911465440877,1.6666666666666667,0.6,0.5333333333333333,23.8,22.133333333333333,0.357487849840791,0.6517120080355373,2.1333333333333333,0.06666666666666667
2023,REG,17,ARI,35,PHI,31,-4,66,0,525,-750,12.0,-110,-110,48.0,-110,-110,0,0.7333333333333333,26.133333333333333,24.4,0.43741287035404675,0.5869569874569874,2.6666666666666665,-0.6,0.2,18.333333333333332,26.866666666666667,0.3437211971035501,0.5607428355957769,2.2,-0.2
2023,REG,17,NO,23,TB,13,-10,36,0,124,-148,2.5,100,-120,42.5,-112,-108,0,0.5333333333333333,21.733333333333334,20.133333333333333,0.38332979656509064,0.6162108642990994,2.933333333333333,0.6666666666666666,0.4666666666666667,22.066666666666666,19.8,0.368222899105252,0.680593203093203,2.066666666666667,0.26666666666666666
2023,REG,17,SF,27,WAS,10,-17,37,0,-1050,675,-14.0,-115,-105,49.0,-112,-108,0,0.26666666666666666,20.6,30.2,0.327433274786216,0.6132144724327387,2.533333333333333,-0.6666666666666666,0.7333333333333333,29.6,17.8,0.4378023828023828,0.6325763288998583,3.0,0.4
2023,REG,17,PIT,30,SEA,23,-7,53,0,185,-225,4.5,-110,-110,40.5,-108,-112,0,0.5333333333333333,21.333333333333332,23.466666666666665,0.3206776556776557,0.5789018389018389,3.0,0.4666666666666667,0.5333333333333333,17.133333333333333,19.4,0.3243884220354809,0.6486901895261028,2.8,0.8
2023,REG,17,LAC,9,DEN,16,7,25,0,164,-198,3.5,-108,-112,39.5,-110,-110,1,0.4666666666666667,21.8,25.133333333333333,0.32249476014181894,0.6971211577093931,2.533333333333333,0.13333333333333333,0.3333333333333333,21.666666666666668,24.6,0.36605233002291826,0.6444480072730846,3.0,-0.06666666666666667
2023,REG,17,CIN,17,KC,25,8,42,0,275,-345,7.5,-115,-105,46.0,-112,-108,1,0.6,22.2,17.666666666666668,0.40669381272322447,0.6705763680763681,3.2,-0.4,0.5333333333333333,21.2,23.0,0.33728804906823484,0.6036350359879772,2.6,0.4
2023,REG,17,GB,33,MIN,10,-23,43,0,-108,-112,1.0,-112,-108,42.5,-112,-108,0,0.4666666666666667,20.933333333333334,19.933333333333334,0.36124237418355054,0.627455285798939,2.8,-0.4666666666666667,0.4666666666666667,22.2,22.066666666666666,0.39556242060886027,0.6021381931908247,2.4,0.0
2023,REG,18,LA,21,SF,20,-1,41,0,200,-245,5.5,-108,-112,40.0,-108,-112,0,0.75,29.4375,17.3125,0.43821751165501166,0.636790308343617,2.875,0.5,0.5625,23.9375,22.3125,0.35076985922574155,0.6539487575333163,2.375,-0.0625
2023,REG,18,PIT,17,BAL,10,-7,27,0,-155,130,-3.0,-105,-115,34.0,-110,-110,0,0.8125,29.5625,16.4375,0.39067651098901096,0.6776090264701198,3.5625,0.375,0.5625,17.9375,19.625,0.3329602995044172,0.6518970526807213,2.6875,0.8125
2023,REG,18,BUF,21,MIA,14,-7,35,0,-155,130,-2.5,-125,105,47.5,-110,-110,0,0.6875,30.125,23.125,0.38548849026790205,0.6601799972688129,3.3125,-0.0625,0.625,26.875,18.5625,0.4548157051282052,0.6684914865835917,3.3125,0.3125
2023,REG,18,DAL,38,WAS,10,-28,48,0,-850,575,-13.0,-115,-105,47.5,-110,-110,0,0.25,19.9375,30.0,0.32571869511207746,0.6096107901279147,2.4375,-0.75,0.6875,29.4375,19.0625,0.435020279965133,0.6668559381794675,2.625,0.625
2023,REG,18,PHI,10,NYG,27,17,37,0,-238,190,-4.5,-112,-108,43.0,-105,-115,1,0.3125,14.9375,24.8125,0.27657652992647186,0.6601791998850822,1.8125,0.6875,0.6875,26.4375,25.0625,0.43507456595691885,0.5843630848318347,2.5625,-0.5625
2023,REG,18,DEN,14,LV,27,13,41,0,145,-175,3.5,-118,-102,37.5,-115,-105,1,0.4375,19.0625,19.8125,0.3147299748862249,0.6141944291518594,2.5625,-0.3125,0.5,21.4375,24.125,0.32536515342242894,0.7056344186858894,2.4375,0.1875
2023,REG,18,KC,13,LAC,12,-1,25,0,154,-185,3.5,-115,-105,35.0,-108,-115,0,0.3125,20.875,24.0625,0.35359072606315256,0.6436436910290432,2.9375,-0.125,0.625,22.375,17.625,0.39690044942802294,0.6633875672938173,3.375,-0.4375
2023,REG,18,CHI,9,GB,17,8,26,0,124,-148,2.5,-102,-118,45.5,-108,-112,1,0.5,22.875,21.3125,0.41101834074937793,0.6099591015709436,2.5,0.1875,0.4375,21.9375,22.625,0.3937038757810817,0.6156820558934529,1.8125,0.25
2023,REG,18,SEA,21,ARI,20,-1,41,0,-155,130,-2.5,-122,102,48.0,-110,-110,0,0.25,19.375,27.125,0.3506477131936691,0.5631964083710408,2.0625,-0.1875,0.5,21.4375,23.875,0.3193853021978022,0.5763743201243201,2.875,0.375
2023,REG,18,JAX,20,TEN,28,8,48,0,-185,154,-3.5,-102,-118,41.5,-112,-108,1,0.3125,17.3125,21.6875,0.27107371794871793,0.6606294695908667,2.8125,-0.125,0.5625,22.3125,21.4375,0.30923444487444096,0.6723748473748473,2.375,-0.25
2023,REG,18,ATL,17,NO,48,31,65,0,145,-175,3.5,-122,102,41.5,-108,-112,1,0.5,22.125,19.375,0.37298674568895157,0.6901394612332112,2.0625,0.5,0.4375,19.0,20.3125,0.3706169972206156,0.6836897834600039,2.4375,-0.5625
2023,REG,18,NYJ,17,NE,3,-14,20,0,120,-142,2.5,-112,-108,28.5,-110,-110,0,0.25,14.5625,21.8125,0.2902200383358472,0.6551119325935503,2.1875,-0.625,0.375,15.6875,22.0,0.22968945050262773,0.6353822188840571,2.5625,-0.5625
2023,REG,18,MIN,20,DET,30,10,50,0,170,-205,3.5,-102,-118,47.5,-110,-110,1,0.6875,26.9375,23.4375,0.41342043963947994,0.664932805144202,2.3125,-0.125,0.4375,20.25,20.75,0.35571018034253316,0.6105607590079339,2.625,-0.625
2023,REG,18,CLE,14,CIN,31,17,45,0,285,-360,7.5,-115,-105,37.0,-112,-108,1,0.5,20.9375,23.125,0.34398532377924795,0.6127828462387286,2.5625,0.4375,0.6875,23.875,20.6875,0.30471428403897444,0.742558956781093,2.875,-0.5
2023,REG,18,TB,9,CAR,0,-9,9,0,-245,200,-5.0,-105,-115,36.5,-110,-110,0,0.125,14.75,25.4375,0.303863318269278,0.6585543238044205,1.5,-0.5625,0.5,21.1875,20.3125,0.36978835094643914,0.612419907502628,2.8125,0.375
2023,REG,18,HOU,23,IND,19,-4,42,0,-125,105,-1.5,-110,-110,47.5,-108,-112,0,0.5625,23.5625,24.5,0.32953867335187587,0.664299420426065,3.0625,0.5,0.5625,22.125,20.875,0.34852387506639426,0.6705398104754722,2.8125,0.3125
2024,REG,1,BAL,20,KC,27,7,47,0,124,-148,3.0,-118,-102,46.0,-110,-110,1,,,,,,,,,,,,,,
2024,REG,1,GB,29,PHI,34,5,63,0,110,-130,2.0,-110,-110,49.5,-112,-108,1,,,,,,,,,,,,,,
2024,REG,1,PIT,18,ATL,10,-8,28,0,160,-192,4.0,-110,-110,43.0,-115,-105,0,,,,,,,,,,,,,,
2024,REG,1,ARI,28,BUF,34,6,62,0,250,-310,6.5,-105,-115,46.0,-112,-108,1,,,,,,,,,,,,,,
2024,REG,1,TEN,17,CHI,24,7,41,0,164,-198,4.0,-108,-112,43.0,-110,-110,1,,,,,,,,,,,,,,
2024,REG,1,NE,16,CIN,10,-6,26,0,295,-375,8.0,-110,-110,40.5,-112,-108,0,,,,,,,,,,,,,,
2024,REG,1,HOU,29,IND,27,-2,56,0,-155,130,-3.0,-108,-112,49.0,-112,-108,0,,,,,,,,,,,,,,
2024,REG,1,JAX,17,MIA,20,3,37,0,150,-180,3.5,-110,-110,49.5,-112,-108,1,,,,,,,,,,,,,,
2024,REG,1,CAR,10,NO,47,37,57,0,160,-192,3.5,-108,-112,41.5,-112,-108,1,,,,,,,,,,,,,,
2024,REG,1,MIN,28,NYG,6,-22,34,0,-115,-105,-1.0,-108,-112,42.5,-108,-112,0,,,,,,,,,,,,,,
2024,REG,1,LV,10,LAC,22,12,32,0,130,-155,3.0,-118,-102,41.0,-108,-112,1,,,,,,,,,,,,,,
2024,REG,1,DEN,20,SEA,26,6,46,0,225,-278,6.5,-110,-110,42.0,-108,-112,1,,,,,,,,,,,,,,
2024,REG,1,DAL,33,CLE,17,-16,50,0,110,-130,2.5,-112,-108,42.0,-108,-112,0,,,,,,,,,,,,,,
2024,REG,1,WAS,20,TB,37,17,57,0,164,-198,4.0,-112,-108,42.0,-110,-110,1,,,,,,,,,,,,,,
2024,REG,1,LA,20,DET,26,6,46,1,185,-225,5.0,-108,-112,54.0,-112,-108,1,,,,,,,,,,,,,,
2024,REG,1,NYJ,19,SF,32,13,51,0,150,-180,3.5,-115,-105,43.0,-108,-112,1,,,,,,,,,,,,,,
2024,REG,2,BUF,31,MIA,10,-21,41,0,114,-135,2.5,-110,-110,48.5,-105,-115,0,1.0,20.0,17.0,0.4444444444444444,0.8333333333333334,3.0,1.0,1.0,34.0,28.0,0.25,0.46153846153846156,4.0,0.0
2024,REG,2,ATL,22,PHI,21,-1,43,0,215,-265,5.5,-105,-115,46.5,-110,-110,0,1.0,34.0,29.0,0.2857142857142857,0.7857142857142857,2.0,-2.0,0.0,10.0,18.0,0.18181818181818182,0.5789473684210527,2.0,-3.0
2024,REG,2,CHI,13,HOU,19,6,32,0,210,-258,6.0,-108,-112,45.5,-105,-115,1,1.0,29.0,27.0,0.3888888888888889,0.5454545454545454,2.0,1.0,1.0,24.0,17.0,0.13333333333333333,0.8,3.0,2.0
2024,REG,2,CIN,25,KC,26,1,51,0,235,-290,6.5,-105,-115,47.5,-108,-112,1,1.0,27.0,20.0,0.4,0.5625,1.0,0.0,0.0,10.0,16.0,0.3076923076923077,0.6,1.0,0.0
2024,REG,2,PIT,13,DEN,6,-7,19,0,-155,130,-3.0,-102,-118,36.5,-112,-108,0,0.0,20.0,26.0,0.2631578947368421,0.6923076923076923,2.0,-3.0,1.0,18.0,10.0,0.42105263157894735,0.8181818181818181,2.0,3.0
2024,REG,2,LA,10,ARI,41,31,51,0,-112,-108,-1.0,-105,-115,47.5,-118,-102,1,0.0,28.0,34.0,0.5384615384615384,0.75,2.0,0.0,0.0,20.0,26.0,0.35714285714285715,0.5384615384615384,2.0,0.0
2024,REG,2,NYG,18,WAS,21,3,39,0,105,-125,1.5,-108,-112,42.5,-105,-115,1,0.0,20.0,37.0,0.2,0.47058823529411764,1.0,0.0,0.0,6.0,28.0,0.35,0.7272727272727273,1.0,0.0
2024,REG,2,NYJ,24,TEN,17,-7,41,0,-180,150,-3.5,-112,-108,41.5,-112,-108,0,0.0,17.0,24.0,0.2,0.8666666666666667,2.0,-2.0,0.0,19.0,32.0,0.6,0.5714285714285714,3.0,-2.0
2024,REG,2,SEA,23,NE,20,-3,43,1,-170,142,-3.5,-102,-118,39.0,-110,-110,0,1.0,16.0,10.0,0.4,0.6923076923076923,3.0,0.0,1.0,26.0,20.0,0.3076923076923077,0.736842105263158,2.0,3.0
2024,REG,2,SF,17,MIN,23,6,40,0,-218,180,-4.5,-112,-108,46.5,-108,-112,1,1.0,28.0,6.0,0.2727272727272727,0.65,5.0,0.0,1.0,32.0,19.0,0.42857142857142855,0.4,1.0,2.0
2024,REG,2,CLE,18,JAX,13,-5,31,0,142,-170,3.0,100,-120,41.5,-108,-112,0,0.0,17.0,20.0,0.16666666666666666,0.5555555555555556,3.0,-1.0,0.0,17.0,33.0,0.125,0.7333333333333334,3.0,-2.0
2024,REG,2,IND,10,GB,16,6,26,0,-142,120,-3.0,-102,-118,41.5,-110,-110,1,0.0,29.0,34.0,0.21428571428571427,0.7142857142857143,2.0,2.0,0.0,27.0,29.0,0.45454545454545453,0.6111111111111112,4.0,-1.0
2024,REG,2,TB,20,DET,16,-4,36,0,295,-375,7.5,-108,-112,51.5,-112,-108,0,1.0,26.0,20.0,0.46153846153846156,0.6428571428571428,2.0,0.0,1.0,37.0,20.0,0.5294117647058824,0.8,2.0,0.0
2024,REG,2,NO,44,DAL,19,-25,63,0,235,-290,6.5,-112,-108,47.0,-108,-112,0,1.0,33.0,17.0,0.26666666666666666,0.875,6.0,2.0,1.0,47.0,10.0,0.5,0.9230769230769231,4.0,4.0
2024,REG,2,LAC,26,CAR,3,-23,29,0,-225,185,-5.0,-110,-110,39.0,-112,-108,0,0.0,10.0,47.0,0.07692307692307693,0.5,1.0,-4.0,1.0,22.0,10.0,0.25,0.6666666666666667,4.0,3.0
2024,REG,2,LV,26,BAL,23,-3,49,0,350,-455,9.0,-112,-108,41.0,-108,-112,0,0.0,20.0,27.0,0.4375,0.6,2.0,0.0,0.0,10.0,22.0,0.3333333333333333,0.75,1.0,-3.0
2024,REG,3,LAC,10,PIT,20,10,30,0,124,-148,3.0,-118,-102,36.0,-115,-105,1,1.0,15.5,8.0,0.3216374269005848,0.8257575757575757,2.0,2.5,1.0,24.0,6.5,0.40625,0.7948717948717949,3.0,1.0
2024,REG,3,KC,22,ATL,17,-5,39,0,-170,142,-3.0,-118,-102,46.0,-108,-112,0,0.5,16.0,19.5,0.20202020202020202,0.575187969924812,1.5,-1.0,1.0,26.5,22.5,0.25,0.6383928571428572,2.0,-1.0
2024,REG,3,WAS,38,CIN,33,-5,71,0,280,-355,7.5,-115,-105,46.0,-112,-108,0,0.0,17.5,21.0,0.2967032967032967,0.75,1.5,1.0,0.5,20.5,27.5,0.29444444444444445,0.553475935828877,1.0,0.5
2024,REG,3,JAX,10,BUF,47,37,57,0,180,-218,4.0,-108,-112,46.5,-110,-110,1,1.0,32.5,19.0,0.29166666666666663,0.5120192307692308,3.0,1.5,0.0,15.0,19.0,0.23333333333333334,0.7152777777777778,2.5,-0.5
2024,REG,3,SF,24,LA,27,3,51,0,-258,210,-6.0,-108,-112,44.5,-110,-110,1,0.0,15.0,33.5,0.2694805194805195,0.47756410256410253,1.5,0.0,0.5,24.5,21.0,0.3142857142857143,0.4083333333333333,2.5,1.0
2024,REG,3,BAL,28,DAL,25,-3,53,0,-120,100,-1.5,-110,-110,47.5,-112,-108,0,0.5,26.0,30.5,0.3476190476190476,0.6597222222222222,3.5,0.5,0.0,21.5,26.5,0.32589285714285715,0.6461538461538461,3.5,0.0
2024,REG,3,DET,20,ARI,13,-7,33,0,-148,124,-3.0,-102,-118,51.5,-112,-108,0,0.5,34.5,22.0,0.5608974358974359,0.7840909090909091,3.5,0.0,0.5,21.0,20.0,0.42521367521367526,0.7214285714285714,3.5,-0.5
2024,REG,3,MIA,3,SEA,24,21,27,0,170,-205,4.0,-110,-110,41.5,-110,-110,1,1.0,24.5,20.0,0.3597285067873303,0.680921052631579,2.5,1.5,0.5,15.0,24.0,0.4409722222222222,0.75,1.5,-1.0
2024,REG,3,CAR,36,LV,22,-14,58,0,200,-245,5.5,-110,-110,40.0,-108,-112,0,0.5,18.0,22.5,0.3205128205128205,0.7678571428571428,1.5,-1.5,0.0,6.5,36.5,0.07692307692307693,0.46875,1.0,-1.5
2024,REG,3,GB,30,TEN,14,-16,44,0,136,-162,3.0,-112,-108,37.0,-108,-112,0,0.0,17.0,24.0,0.2785714285714286,0.7547619047619047,2.0,-2.0,0.5,22.5,22.0,0.38492063492063494,0.7571428571428571,1.5,2.0
2024,REG,3,DEN,26,TB,7,-19,33,0,200,-245,6.0,-112,-108,40.5,-108,-112,0,1.0,28.5,18.0,0.3647058823529412,0.7055555555555556,1.0,0.5,0.0,13.0,19.5,0.2149122807017544,0.7350427350427351,2.0,-2.5
2024,REG,3,PHI,15,NO,12,-3,27,0,120,-142,2.5,-105,-115,49.0,-110,-110,0,1.0,45.5,14.5,0.5277777777777778,0.7472527472527473,3.5,2.5,0.5,27.5,25.5,0.3571428571428571,0.7817460317460317,1.5,-1.5
2024,REG,3,HOU,7,MIN,34,27,41,0,-135,114,-2.0,-112,-108,46.0,-108,-112,1,1.0,25.5,11.5,0.42803030303030304,0.7250000000000001,5.5,0.0,1.0,24.0,20.0,0.3194444444444444,0.6298701298701299,4.5,1.0
2024,REG,3,CHI,16,IND,21,5,37,0,105,-125,1.5,-108,-112,43.0,-105,-115,1,0.0,18.5,22.5,0.32727272727272727,0.5277777777777778,2.0,-1.5,0.5,18.5,18.0,0.2095238095238095,0.775,3.0,0.5
2024,REG,3,NYG,21,CLE,15,-6,36,0,220,-270,6.5,-112,-108,38.0,-108,-112,0,0.5,17.5,23.0,0.125,0.7166666666666667,3.5,-1.0,0.0,12.0,24.5,0.3568181818181818,0.6691919191919192,3.0,-0.5
2024,REG,3,NE,3,NYJ,24,21,27,0,230,-285,6.5,-110,-110,39.0,-108,-112,1,0.5,21.5,24.5,0.47857142857142854,0.6071428571428571,3.5,0.0,0.5,18.0,16.5,0.3875,0.6402714932126696,3.0,0.0
2024,REG,4,DAL,20,NYG,15,-5,35,0,-250,205,-5.5,-115,-105,45.0,-112,-108,0,0.3333333333333333,15.0,21.333333333333332,0.32676767676767676,0.6905723905723905,4.666666666666667,-0.3333333333333333,0.3333333333333333,25.666666666666668,29.666666666666668,0.3690009337068161,0.6398148148148147,2.3333333333333335,0.0
2024,REG,4,SEA,29,DET,42,13,71,0,154,-185,3.5,-108,-112,46.5,-108,-112,1,0.6666666666666666,20.666666666666668,17.666666666666668,0.42633292633292635,0.7839826839826839,2.6666666666666665,-0.3333333333333333,1.0,24.333333333333332,14.333333333333334,0.3167420814479638,0.7634711779448621,3.6666666666666665,0.3333333333333333
2024,REG,4,NO,24,ATL,26,2,50,0,120,-142,2.5,-105,-115,41.5,-112,-108,1,0.3333333333333333,16.333333333333332,20.333333333333332,0.19528619528619529,0.5739348370927319,1.0,-0.6666666666666666,0.6666666666666666,34.333333333333336,14.666666666666666,0.5056980056980057,0.7065018315018315,3.6666666666666665,2.0
2024,REG,4,CIN,34,CAR,24,-10,58,0,-205,170,-4.5,-112,-108,47.0,-108,-112,0,0.3333333333333333,16.333333333333332,31.666666666666668,0.1623931623931624,0.5625,1.6666666666666667,-0.6666666666666666,0.0,22.666666666666668,26.666666666666668,0.3978021978021978,0.6481481481481481,1.6666666666666667,0.6666666666666666
2024,REG,4,LA,18,CHI,24,6,42,0,136,-162,3.0,-112,-108,40.0,-105,-115,1,0.3333333333333333,17.666666666666668,19.0,0.2825396825396825,0.7666666666666666,2.3333333333333335,0.0,0.3333333333333333,19.0,30.333333333333332,0.30785880785880787,0.5088522588522588,1.3333333333333333,0.3333333333333333
2024,REG,4,MIN,31,GB,29,-2,60,0,114,-135,2.5,-102,-118,44.0,-112,-108,0,0.6666666666666666,25.0,19.333333333333332,0.37566137566137564,0.7380952380952381,3.6666666666666665,2.3333333333333335,1.0,28.333333333333332,10.0,0.40300059417706474,0.75,5.333333333333333,0.6666666666666666
2024,REG,4,JAX,20,HOU,24,4,44,0,195,-238,5.5,-108,-112,44.5,-108,-112,1,0.6666666666666666,18.333333333333332,24.666666666666668,0.2796296296296296,0.6355996944232238,4.333333333333333,0.0,0.0,13.333333333333334,28.333333333333332,0.2031746031746032,0.6283670033670034,1.6666666666666667,-1.0
2024,REG,4,PIT,24,IND,27,3,51,0,-130,110,-2.5,-108,-112,40.0,-110,-110,1,0.3333333333333333,19.333333333333332,20.333333333333332,0.3015151515151515,0.5423280423280423,2.6666666666666665,-0.6666666666666666,1.0,17.0,8.666666666666666,0.3699805068226121,0.8005050505050505,3.0,1.3333333333333333
2024,REG,4,DEN,10,NYJ,9,-1,19,0,330,-425,7.5,-108,-112,39.5,-112,-108,0,0.6666666666666666,22.333333333333332,17.333333333333332,0.5273809523809524,0.6904761904761904,4.666666666666667,0.3333333333333333,0.3333333333333333,17.333333333333332,15.333333333333334,0.22660818713450293,0.7324527324527326,3.6666666666666665,-1.3333333333333333
2024,REG,4,PHI,16,TB,33,17,49,0,-115,-105,-1.0,-110,-110,42.0,-108,-112,1,0.6666666666666666,21.333333333333332,20.666666666666668,0.3340463458110517,0.7203703703703704,0.6666666666666666,0.0,0.6666666666666666,23.333333333333332,21.0,0.3630952380952381,0.7006512006512007,1.3333333333333333,-1.3333333333333333
2024,REG,4,WAS,42,ARI,14,-28,56,0,150,-180,3.5,-115,-105,49.0,-112,-108,0,0.3333333333333333,27.333333333333332,21.333333333333332,0.4042346542346542,0.7132034632034632,3.0,0.0,0.6666666666666666,26.333333333333332,29.333333333333332,0.3814814814814815,0.5023172905525847,1.3333333333333333,0.3333333333333333
2024,REG,4,NE,13,SF,30,17,43,0,410,-550,10.5,-112,-108,41.5,-110,-110,1,0.3333333333333333,24.333333333333332,23.0,0.3523809523809524,0.4773504273504274,2.6666666666666665,0.3333333333333333,0.3333333333333333,13.0,19.0,0.305952380952381,0.5518476621417797,2.6666666666666665,-0.3333333333333333
2024,REG,4,KC,17,LAC,10,-7,27,0,-345,275,-7.5,-108,-112,41.5,-108,-112,0,0.6666666666666666,19.333333333333332,11.0,0.3541666666666667,0.7076923076923077,2.6666666666666665,1.0,1.0,25.0,20.666666666666668,0.30952380952380953,0.698322510822511,2.0,-0.6666666666666666
2024,REG,4,CLE,16,LV,20,4,36,0,-135,114,-2.5,-115,-105,36.5,-108,-112,1,0.3333333333333333,19.333333333333332,27.0,0.297008547008547,0.7341269841269842,1.6666666666666667,-1.3333333333333333,0.3333333333333333,16.666666666666668,22.333333333333332,0.1722222222222222,0.7222222222222223,3.0,-0.6666666666666666
2024,REG,4,BUF,10,BAL,35,25,45,0,114,-135,2.5,-108,-112,46.5,-110,-110,1,0.3333333333333333,23.666666666666668,26.0,0.3505952380952381,0.6268476621417798,3.3333333333333335,0.3333333333333333,1.0,37.333333333333336,16.0,0.37626262626262624,0.6270604395604397,3.6666666666666665,1.6666666666666667
2024,REG,4,TEN,31,MIA,12,-19,43,0,114,-135,2.5,-108,-112,37.0,-110,-110,0,0.3333333333333333,11.0,24.0,0.3177910052910053,0.7564102564102564,2.0,0.0,0.0,16.0,26.0,0.28571428571428575,0.7174603174603175,2.3333333333333335,-2.3333333333333335
2024,REG,5,BUF,20,HOU,23,3,43,0,-102,-118,1.0,-108,-112,48.0,-110,-110,1,0.75,19.75,23.5,0.3347222222222222,0.6433664374840846,3.5,0.25,0.75,30.5,20.75,0.3357683982683982,0.5814064407814408,3.0,1.25
2024,REG,5,TB,30,ATL,36,6,66,1,120,-142,2.5,-102,-118,44.0,-110,-110,1,0.5,18.75,21.25,0.23737373737373738,0.5458357432041643,1.0,-0.75,0.75,24.25,19.5,0.3505347593582888,0.6831349206349207,2.0,0.0
2024,REG,5,BAL,41,CIN,38,-3,79,1,-148,124,-2.5,-118,-102,48.5,-112,-108,0,0.25,25.5,26.0,0.415018315018315,0.6331699346405228,1.25,0.5,0.5,26.5,22.0,0.4018353174603175,0.6665643180349062,3.25,0.25
2024,REG,5,CAR,10,CHI,36,26,46,0,164,-198,4.0,-108,-112,40.0,-108,-112,1,0.5,19.25,18.75,0.2695970695970696,0.7113636363636363,2.5,0.5,0.25,18.25,32.25,0.22473604826546,0.5552083333333333,1.25,-0.5
2024,REG,5,NYJ,17,MIN,23,6,40,0,120,-142,2.5,-105,-115,42.0,-112,-108,1,1.0,29.0,14.75,0.3791735225558755,0.7458333333333333,4.25,1.25,0.5,19.0,15.5,0.4390139751552795,0.7178571428571427,3.5,0.25
2024,REG,5,IND,34,JAX,37,3,71,0,154,-185,3.5,-110,-110,45.0,-110,-110,1,0.0,15.0,27.25,0.2357142857142857,0.5962752525252526,1.75,-1.0,0.5,21.25,21.25,0.359469696969697,0.5496031746031746,3.0,0.0
2024,REG,5,MIA,15,NE,10,-5,25,0,-130,110,-2.0,-112,-108,37.0,-108,-112,0,0.25,13.0,21.75,0.2989087301587302,0.5388857466063348,2.25,-0.5,0.25,11.25,25.75,0.2768047924297924,0.783974358974359,1.75,0.0
2024,REG,5,CLE,13,WAS,34,21,47,0,130,-155,3.0,-112,-108,44.0,-112,-108,1,0.75,30.25,25.5,0.4736111111111111,0.5358288770053475,2.0,0.25,0.25,16.5,21.75,0.19734848484848483,0.7147435897435899,2.75,-0.5
2024,REG,5,LV,18,DEN,34,16,52,0,130,-155,3.0,-112,-108,36.0,-108,-112,1,0.5,15.5,13.75,0.21995614035087718,0.7558612884699842,4.0,-1.0,0.5,19.5,24.25,0.29967948717948717,0.73241341991342,2.0,-1.0
2024,REG,5,ARI,24,SF,23,-1,47,0,260,-325,7.0,-105,-115,48.5,-108,-112,0,0.5,25.75,20.5,0.3892857142857143,0.538568376068376,3.5,0.5,0.25,24.0,26.5,0.3940850815850816,0.5974025974025974,2.25,0.0
2024,REG,5,GB,24,LA,19,-5,43,0,-155,130,-3.0,-112,-108,49.5,-112,-108,0,0.25,18.75,28.75,0.34453046953046956,0.5739468864468864,1.75,-0.25,0.5,26.0,22.25,0.3484126984126984,0.7266483516483517,3.25,1.0
2024,REG,5,NYG,29,SEA,20,-9,49,0,250,-310,7.0,-112,-108,42.5,-110,-110,0,0.75,25.5,21.25,0.3511929247223365,0.6976033834586466,3.5,-0.25,0.25,15.0,21.0,0.31452020202020203,0.7054292929292929,3.75,-0.5
2024,REG,5,DAL,20,PIT,17,-3,37,0,114,-135,2.5,-108,-112,43.5,-108,-112,0,0.75,18.75,13.25,0.3846282372598162,0.7170454545454545,2.75,0.5,0.5,24.25,26.0,0.33925070028011206,0.6604166666666667,2.0,0.25
2024,REG,5,NO,13,KC,26,13,39,0,190,-230,5.5,-112,-108,43.0,-110,-110,1,1.0,23.0,18.0,0.37276785714285715,0.6968188061938063,2.0,-1.0,0.5,31.75,17.5,0.5138888888888888,0.6889672827172827,3.0,1.75
2024,REG,6,PIT,32,LV,13,-19,45,0,-180,150,-3.5,-110,-110,36.5,-108,-112,0,0.4,19.2,26.2,0.32724358974358975,0.735930735930736,2.2,-1.4,0.6,18.4,14.6,0.35385643596169913,0.6677540106951871,2.6,0.8
2024,REG,6,BUF,23,NYJ,20,-3,43,0,-122,102,-1.0,-112,-108,42.0,-110,-110,0,0.4,18.6,17.0,0.40676673567977917,0.7242857142857142,3.6,0.0,0.6,28.4,21.2,0.30611471861471856,0.5710075055663291,2.6,1.4
2024,REG,6,SF,36,SEA,24,-12,60,0,-198,164,-3.5,-118,-102,49.0,-110,-110,0,0.6,24.4,22.8,0.3309543397778692,0.6705827067669172,3.4,-0.2,0.4,25.2,21.2,0.41142857142857137,0.5708547008547008,3.0,0.0
2024,REG,6,JAX,16,CHI,35,19,51,0,-120,100,-1.5,-108,-112,44.5,-108,-112,1,0.6,22.6,17.0,0.28234432234432233,0.7229370629370628,2.8,1.0,0.2,19.4,28.6,0.24311688311688312,0.5770202020202021,2.2,-1.0
2024,REG,6,WAS,23,BAL,30,7,53,0,230,-285,6.5,-108,-112,51.5,-110,-110,1,0.6,29.4,25.2,0.4548015873015873,0.633251454427925,3.2,0.2,0.8,31.0,23.0,0.46777777777777774,0.616163101604278,3.0,0.0
2024,REG,6,ARI,13,GB,34,21,47,0,195,-238,5.5,-110,-110,47.0,-110,-110,1,0.6,25.6,21.6,0.29873015873015873,0.6813186813186813,3.2,1.0,0.4,24.0,25.8,0.3752680652680653,0.577922077922078,2.2,0.4
2024,REG,6,HOU,41,NE,21,-20,62,0,-265,215,-6.5,-108,-112,38.5,-112,-108,0,0.2,12.4,20.4,0.2962698412698413,0.6003393665158371,2.4,0.0,0.8,20.4,22.8,0.36189542483660125,0.6771931499872677,3.0,-0.2
2024,REG,6,TB,51,NO,27,-24,78,0,-175,145,-3.5,-108,-112,42.5,-110,-110,0,0.4,28.0,19.2,0.47777777777777775,0.6711738261738261,2.8,1.4,0.6,25.4,22.8,0.3895187165775401,0.6665079365079365,2.4,0.0
2024,REG,6,CLE,16,PHI,20,4,36,0,330,-425,8.0,-108,-112,42.0,-110,-110,1,0.5,21.5,24.0,0.3794642857142857,0.6754884004884005,1.5,-1.0,0.2,15.8,24.2,0.17037878787878785,0.6829059829059829,2.8,-0.2
2024,REG,6,IND,20,TEN,17,-3,37,0,114,-135,2.5,-110,-110,42.0,-112,-108,0,0.25,19.75,22.5,0.24761904761904763,0.7496336996336996,2.25,-1.75,0.4,23.8,24.4,0.3875757575757576,0.5851370851370852,2.4,0.2
2024,REG,6,LAC,23,DEN,16,-7,39,0,-155,130,-3.0,-105,-115,37.0,-108,-112,0,0.6,19.2,14.6,0.22596491228070176,0.7171890307759874,3.8,-0.2,0.5,17.0,12.5,0.3425480769230769,0.6401442307692308,2.75,1.25
2024,REG,6,ATL,38,CAR,20,-18,58,0,-258,210,-6.0,-112,-108,45.5,-110,-110,0,0.2,16.6,33.0,0.22594268476621418,0.5775,1.2,-1.0,0.6,22.2,23.0,0.2698989898989899,0.5275776854724223,1.0,-0.6
2024,REG,6,DET,47,DAL,9,-38,56,0,-180,150,-3.5,-105,-115,52.5,-110,-110,0,0.6,23.4,24.2,0.3772829131652661,0.6821794871794872,2.2,-0.2,0.75,26.0,20.5,0.4447496947496948,0.7243506493506493,2.75,0.25
2024,REG,6,CIN,17,NYG,7,-10,24,0,-230,190,-4.5,-112,-108,46.0,-102,-118,0,0.4,17.8,20.8,0.33911616161616165,0.7143434343434343,4.4,-0.4,0.2,28.0,29.0,0.432014652014652,0.5732026143790849,1.2,0.4
2024,REG,7,BAL,41,TB,31,-10,72,0,-225,185,-4.5,-110,-110,51.0,-110,-110,0,0.6666666666666666,29.666666666666668,23.5,0.42459893048128344,0.6776455026455027,2.8333333333333335,0.0,0.6666666666666666,29.5,24.833333333333332,0.4623346560846561,0.6430941607412195,3.1666666666666665,0.0
2024,REG,7,NE,16,JAX,32,16,48,0,240,-298,6.5,-105,-115,42.0,-108,-112,1,0.16666666666666666,18.833333333333332,29.666666666666668,0.27551406926406924,0.5919612794612795,2.3333333333333335,-1.0,0.16666666666666666,13.833333333333334,23.833333333333332,0.2853530728530729,0.6225050276520865,2.3333333333333335,-0.5
2024,REG,7,DEN,33,NO,10,-23,43,0,-148,124,-2.5,-118,-102,37.0,-110,-110,0,0.3333333333333333,27.833333333333332,24.5,0.4425925925925926,0.6259781884781884,2.5,1.1666666666666667,0.5,18.666666666666668,16.0,0.22163742690058477,0.6678329642431473,3.6666666666666665,-0.5
2024,REG,7,TEN,10,BUF,34,24,44,0,400,-535,9.5,-110,-110,41.0,-108,-112,1,0.6666666666666666,27.5,21.0,0.3191981629481629,0.5980618101941632,2.6666666666666665,1.3333333333333333,0.2,19.2,22.0,0.2552380952380952,0.7173540185304892,1.8,-1.4
2024,REG,7,CIN,21,CLE,14,-7,35,0,-230,190,-5.5,-110,-110,42.0,-112,-108,0,0.16666666666666666,15.833333333333334,23.5,0.1732323232323232,0.6801994301994303,2.5,-0.16666666666666666,0.3333333333333333,26.166666666666668,25.333333333333332,0.4155677655677656,0.5953159041394335,1.3333333333333333,0.3333333333333333
2024,REG,7,HOU,22,GB,24,2,46,0,142,-170,3.0,100,-120,48.0,-108,-112,1,0.6666666666666666,27.0,20.166666666666668,0.32671957671957674,0.6738261738261739,2.6666666666666665,1.1666666666666667,0.8333333333333334,23.833333333333332,22.5,0.34602396514161216,0.6925327531945179,3.1666666666666665,0.3333333333333333
2024,REG,7,MIA,10,IND,16,6,26,0,130,-155,3.0,-120,100,44.0,-108,-112,1,0.5,23.166666666666668,23.166666666666668,0.3916072489601901,0.6066618566618568,2.0,0.16666666666666666,0.4,12.0,22.6,0.25221306471306465,0.77003663003663,1.8,-0.4
2024,REG,7,DET,31,MIN,29,-2,60,0,-102,-118,1.0,-108,-112,50.5,-112,-108,0,1.0,27.8,15.2,0.3533388180447004,0.7411111111111112,4.0,1.2,0.8,30.2,18.2,0.42246642246642246,0.7394805194805194,3.0,1.2
2024,REG,7,PHI,28,NYG,3,-25,31,0,-166,140,-3.0,-120,100,42.0,-110,-110,0,0.3333333333333333,16.0,20.166666666666668,0.3316164091899386,0.7063973063973065,4.333333333333333,-0.3333333333333333,0.6,21.2,22.4,0.3702380952380952,0.7028907203907204,2.2,-0.8
2024,REG,7,LV,15,LA,20,5,35,0,280,-355,7.0,-105,-115,43.0,-105,-115,1,0.2,18.8,27.8,0.3756243756243757,0.6391575091575091,1.8,-0.4,0.3333333333333333,18.166666666666668,27.166666666666668,0.30300602175602176,0.7382756132756133,2.3333333333333335,-1.6666666666666667
2024,REG,7,CAR,7,WAS,40,33,47,0,400,-535,10.0,100,-120,51.0,-110,-110,1,0.6666666666666666,29.666666666666668,24.166666666666668,0.441096866096866,0.5968025846702317,2.8333333333333335,0.16666666666666666,0.16666666666666666,17.166666666666668,33.833333333333336,0.2577300150829563,0.5709935897435897,1.0,-1.0
2024,REG,7,KC,28,SF,18,-10,46,0,120,-142,2.5,-105,-115,47.5,-110,-110,0,0.5,27.0,21.666666666666668,0.4123015873015872,0.5809754086069875,2.6666666666666665,0.5,1.0,23.6,17.0,0.3782142857142857,0.6907883782883785,1.8,-0.8
2024,REG,7,NYJ,15,PIT,37,22,52,0,-166,140,-3.0,-108,-112,40.0,-110,-110,1,0.6666666666666666,20.666666666666668,14.333333333333334,0.3365470299680826,0.692825311942959,2.3333333333333335,1.1666666666666667,0.3333333333333333,18.833333333333332,18.0,0.3834167241775937,0.7061355311355312,3.3333333333333335,-0.16666666666666666
2024,REG,7,SEA,34,ATL,14,-20,48,0,136,-162,3.0,-115,-105,51.5,-110,-110,0,0.6666666666666666,24.833333333333332,22.5,0.30183890183890183,0.5368702934492409,0.8333333333333334,-0.3333333333333333,0.5,24.333333333333332,25.0,0.3371987919201542,0.6560411445279866,2.8333333333333335,-0.6666666666666666
2024,REG,7,LAC,15,ARI,17,2,32,0,-122,102,-1.0,-115,-105,44.0,-108,-112,1,0.3333333333333333,22.166666666666668,27.166666666666668,0.3733294483294483,0.5704906204906205,1.8333333333333333,0.0,0.6,18.2,13.2,0.38982793522267206,0.6721153846153847,2.6,1.4
2024,REG,8,NYJ,22,NE,25,3,47,0,-305,245,-7.0,-110,-110,41.0,-110,-110,1,0.14285714285714285,14.142857142857142,25.0,0.30173120530263386,0.5907185951303598,2.0,-0.42857142857142855,0.2857142857142857,18.285714285714285,20.714285714285715,0.3715000492950803,0.6970957613814756,3.0,-0.42857142857142855
2024,REG,8,NYG,18,PIT,26,8,44,0,220,-270,6.0,-105,-115,37.5,-110,-110,1,0.7142857142857143,23.0,14.428571428571429,0.3394892909930504,0.6938502673796793,2.142857142857143,1.2857142857142858,0.2857142857142857,14.142857142857142,21.285714285714285,0.3094527204821323,0.7381364667078953,4.428571428571429,-0.2857142857142857
2024,REG,8,DAL,24,SF,30,6,54,0,195,-238,5.5,-105,-115,48.0,-110,-110,1,0.42857142857142855,25.714285714285715,22.571428571428573,0.37721088435374145,0.5592034114590506,2.5714285714285716,0.2857142857142857,0.5,21.0,28.0,0.34773576097105513,0.6795940170940171,2.3333333333333335,-1.0
2024,REG,8,CHI,15,WAS,18,3,33,0,102,-122,1.5,-110,-110,46.5,-108,-112,1,0.7142857142857143,31.142857142857142,21.714285714285715,0.43302808302808293,0.6115450725744843,2.7142857142857144,0.42857142857142855,0.6666666666666666,24.666666666666668,16.833333333333332,0.2908424908424908,0.6961975524475523,3.0,1.0
2024,REG,8,KC,27,LV,20,-7,47,0,-440,340,-9.0,-112,-108,42.0,-108,-112,0,0.2857142857142857,17.714285714285715,26.142857142857142,0.2849295312530607,0.7470933828076686,2.142857142857143,-1.8571428571428572,1.0,24.333333333333332,17.166666666666668,0.4104166666666667,0.7145458707958708,1.6666666666666667,-0.5
2024,REG,8,CAR,14,DEN,28,14,42,0,525,-750,13.0,-110,-110,40.5,-112,-108,1,0.5714285714285714,20.714285714285715,15.142857142857142,0.24192298929141032,0.675602858240158,4.0,-0.2857142857142857,0.14285714285714285,15.714285714285714,34.714285714285715,0.26376858435681966,0.5773351648351649,1.0,-1.1428571428571428
2024,REG,8,BUF,31,SEA,10,-21,41,0,-170,142,-3.0,-120,100,45.5,-105,-115,0,0.5714285714285714,25.714285714285715,23.428571428571427,0.3329835798876047,0.6416860603890678,2.857142857142857,-0.14285714285714285,0.7142857142857143,28.428571428571427,19.428571428571427,0.31255946434517856,0.6078625039759494,2.7142857142857144,1.4285714285714286
2024,REG,8,NO,8,LAC,26,18,34,0,250,-310,7.0,-110,-110,41.5,-108,-112,1,0.5,17.666666666666668,13.833333333333334,0.3962851841141315,0.6897257834757835,2.1666666666666665,1.3333333333333333,0.2857142857142857,25.285714285714285,25.714285714285715,0.419047619047619,0.6274618238903953,2.142857142857143,0.8571428571428571
2024,REG,8,ATL,31,TB,26,-5,57,0,-122,102,-1.5,-110,-110,47.0,-108,-112,0,0.5714285714285714,29.857142857142858,26.0,0.4425133689839572,0.6701247165532881,2.7142857142857144,-0.14285714285714285,0.5714285714285714,23.285714285714285,24.142857142857142,0.32221112221112225,0.5590756361433054,0.8571428571428571,-0.7142857142857143
2024,REG,8,ARI,28,MIA,27,-1,55,0,164,-198,4.0,-108,-112,46.5,-110,-110,0,0.3333333333333333,11.666666666666666,21.5,0.2726775539275539,0.7570818070818071,1.5,-0.5,0.42857142857142855,21.428571428571427,25.428571428571427,0.3517427017427018,0.5706246134817563,2.0,-0.14285714285714285
2024,REG,8,GB,30,JAX,27,-3,57,0,-192,160,-3.5,-115,-105,49.0,-112,-108,0,0.2857142857142857,20.714285714285715,27.714285714285715,0.3218692022263451,0.5931096681096681,2.2857142857142856,-0.8571428571428571,0.7142857142857143,26.571428571428573,20.428571428571427,0.33718820861678006,0.682327196612911,2.857142857142857,0.8571428571428571
2024,REG,8,IND,20,HOU,23,3,43,0,185,-225,5.0,-112,-108,45.0,-108,-112,1,0.7142857142857143,23.571428571428573,22.714285714285715,0.33468720821661996,0.679313788452444,3.142857142857143,0.42857142857142855,0.5714285714285714,22.142857142857142,21.285714285714285,0.37961940020763546,0.6092815914244486,2.0,0.2857142857142857
2024,REG,8,TEN,14,DET,52,38,66,0,550,-800,12.5,-105,-115,45.0,-108,-112,1,0.8333333333333334,30.333333333333332,20.0,0.4187220187220187,0.7222943722943723,3.1666666666666665,1.0,0.16666666666666666,17.666666666666668,24.0,0.26825396825396824,0.7190071366541955,1.6666666666666667,-1.5
2024,REG,8,BAL,24,CLE,29,5,53,0,-380,300,-7.5,-110,-110,44.5,-105,-115,1,0.14285714285714285,15.571428571428571,23.142857142857142,0.20290661719233147,0.703907203907204,2.5714285714285716,-0.42857142857142855,0.7142857142857143,31.142857142857142,25.714285714285715,0.449858276643991,0.6155092806353311,3.142857142857143,0.14285714285714285
2024,REG,8,PHI,37,CIN,17,-20,54,0,124,-148,2.5,100,-120,47.5,-108,-112,0,0.42857142857142855,25.428571428571427,23.714285714285715,0.3781789638932496,0.5987061491263171,1.7142857142857142,0.5714285714285714,0.6666666666666666,22.333333333333332,19.166666666666668,0.3204365079365079,0.7229971689530513,3.1666666666666665,-0.6666666666666666
2024,REG,8,MIN,20,LA,30,10,50,0,-155,130,-3.0,-105,-115,47.5,-110,-110,1,0.3333333333333333,19.0,25.666666666666668,0.34635364635364635,0.6698861595920419,1.8333333333333333,0.16666666666666666,0.8333333333333334,28.0,17.833333333333332,0.3550550756433109,0.7175925925925926,4.0,1.0
2024,REG,9,DAL,21,ATL,27,6,48,0,140,-166,3.0,-105,-115,52.0,-112,-108,1,0.625,24.25,24.375,0.33962703962703966,0.5338340387682493,0.75,-0.25,0.42857142857142855,21.428571428571427,28.285714285714285,0.3420152676455198,0.6581394096099978,2.2857142857142856,-1.1428571428571428
2024,REG,9,TB,24,KC,30,6,54,1,330,-425,9.0,-110,-110,45.5,-108,-112,1,1.0,24.714285714285715,17.571428571428573,0.45892857142857146,0.6981821749678893,2.142857142857143,-0.42857142857142855,0.5,29.375,26.625,0.4675563407181054,0.6536668192918194,2.625,-0.5
2024,REG,9,IND,13,MIN,21,8,34,0,240,-298,6.5,-110,-110,47.0,-110,-110,1,0.7142857142857143,26.857142857142858,19.571428571428573,0.34514924851059303,0.7171201814058957,3.4285714285714284,1.0,0.5,21.875,21.5,0.35139774441245025,0.6224071067821069,2.0,0.125
2024,REG,9,LA,26,SEA,20,-6,46,1,-125,105,-1.5,-112,-108,48.5,-110,-110,0,0.5,23.75,24.375,0.3069856324016541,0.6239753028404343,2.625,0.0,0.42857142857142855,20.571428571428573,24.857142857142858,0.3376908805480234,0.6762289531197094,2.0,0.0
2024,REG,9,DET,24,GB,14,-10,38,0,-155,130,-2.5,-120,100,47.5,-108,-112,0,0.75,27.0,21.25,0.32003968253968257,0.7106726606726608,2.625,0.875,0.8571428571428571,33.42857142857143,19.142857142857142,0.4017617303331589,0.7230055658627087,2.857142857142857,1.4285714285714286
2024,REG,9,JAX,23,PHI,28,5,51,0,270,-340,7.5,-112,-108,46.0,-110,-110,1,0.7142857142857143,24.428571428571427,18.857142857142858,0.34608843537414963,0.6526788920696484,2.857142857142857,-0.2857142857142857,0.25,21.5,28.0,0.2929991883116883,0.6189709595959596,2.125,-0.875
2024,REG,9,CHI,9,ARI,29,20,38,0,100,-120,1.5,-110,-110,44.5,-110,-110,1,0.5,22.25,25.625,0.3661081973581974,0.5326298701298701,1.875,-0.125,0.5714285714285714,23.285714285714285,17.0,0.2683411826268969,0.6949550449550449,2.857142857142857,0.7142857142857143
2024,REG,9,NE,17,TEN,20,3,37,1,136,-162,3.0,-105,-115,38.5,-110,-110,1,0.14285714285714285,17.142857142857142,28.0,0.26889301175015456,0.7162918314178819,2.0,-1.8571428571428572,0.25,15.5,24.625,0.322348137973138,0.6002121040723982,1.875,-0.375
2024,REG,9,WAS,27,NYG,22,-5,49,0,-218,180,-4.5,-108,-112,44.5,-110,-110,0,0.25,14.625,21.875,0.30549335264408795,0.7208694083694084,4.375,-0.375,0.75,29.5,20.875,0.4179620726495726,0.643435271836007,2.75,0.5
2024,REG,9,LAC,27,CLE,10,-17,37,0,-130,110,-2.0,-110,-110,42.5,-108,-112,0,0.25,17.25,23.25,0.24004329004329003,0.7200854700854701,2.625,-0.5,0.5714285714285714,18.857142857142858,13.0,0.3753873006692556,0.7181776556776557,2.5714285714285716,1.1428571428571428
2024,REG,9,LV,24,CIN,41,17,65,0,320,-410,8.0,-110,-110,45.0,-108,-112,1,0.375,24.375,25.375,0.42706043956043954,0.5863678804855275,1.5,0.25,0.25,18.0,26.25,0.2993133398464281,0.68495670995671,2.0,-1.625
2024,REG,9,NO,22,CAR,23,1,45,0,-345,275,-7.0,-118,-102,43.5,-108,-112,1,0.125,15.5,33.875,0.26756221719457013,0.5492859162895928,1.125,-1.0,0.25,23.125,25.75,0.38055555555555554,0.6427790959040959,2.25,0.75
2024,REG,9,MIA,27,BUF,30,3,57,0,230,-285,6.5,-110,-110,49.0,-108,-112,1,0.75,28.75,18.25,0.33598953130203124,0.6412546909789557,2.5,1.125,0.2857142857142857,13.857142857142858,22.428571428571427,0.3384855224140938,0.7251177394034537,1.2857142857142858,-0.42857142857142855
2024,REG,9,DEN,10,BAL,41,31,51,0,330,-440,9.0,-115,-105,46.5,-110,-110,1,0.625,30.25,26.125,0.4144593253968254,0.6010706205559146,3.0,0.25,0.625,21.625,15.0,0.2925649685711605,0.6793877950777854,3.75,-0.25
2024,REG,9,HOU,13,NYJ,21,8,34,0,124,-148,2.5,100,-120,43.5,-105,-115,1,0.25,18.75,21.25,0.36672920979986195,0.6766254578754578,2.875,-0.375,0.75,23.5,22.375,0.32856559290382814,0.7001687956651191,3.375,0.5
2024,REG,10,CIN,34,BAL,35,1,69,0,220,-270,6.0,-108,-112,53.0,-108,-112,1,0.6666666666666666,31.444444444444443,24.333333333333332,0.41007495590828924,0.6009516627163686,3.111111111111111,0.3333333333333333,0.4444444444444444,26.22222222222222,25.22222222222222,0.4388685388685388,0.5926444651934847,1.8888888888888888,0.3333333333333333
2024,REG,10,MIA,23,LA,15,-8,38,0,120,-142,2.5,-102,-118,49.5,-108,-112,0,0.5,21.25,24.25,0.3204795204795205,0.6872885692738634,2.625,0.25,0.25,15.5,23.375,0.35173038766788767,0.7114010989010988,1.25,-0.375
2024,REG,10,DET,26,HOU,23,-3,49,0,-230,190,-4.5,-110,-110,49.0,-110,-112,0,0.6666666666666666,22.333333333333332,22.22222222222222,0.3271460241016484,0.6907483311895076,3.2222222222222223,0.4444444444444444,0.875,32.25,18.5,0.3872557997557997,0.7287837162837163,2.5,1.375
2024,REG,10,PHI,34,DAL,6,-28,40,0,-360,285,-7.5,-108,-112,44.5,-110,-110,0,0.375,21.375,28.125,0.3281095130359837,0.6651576976944624,2.25,-0.875,0.75,24.875,19.375,0.3620379072681704,0.6620031214700333,2.75,-0.25
2024,REG,10,NYJ,6,ARI,31,25,37,0,-130,110,-2.0,-110,-110,45.5,-108,-112,1,0.5555555555555556,23.0,23.77777777777778,0.36816455149788485,0.5637265512265511,2.3333333333333335,-0.3333333333333333,0.3333333333333333,19.0,20.333333333333332,0.36871656255714225,0.6774682432577168,3.4444444444444446,-0.3333333333333333
2024,REG,10,TEN,17,LAC,27,10,44,0,300,-380,8.0,-108,-112,40.0,-110,-110,1,0.625,19.875,12.625,0.3701305547522653,0.711738782051282,3.0,1.375,0.25,17.5,26.625,0.28996888528138526,0.7267553524906466,2.25,-1.375
2024,REG,10,PIT,28,WAS,27,-1,55,0,102,-122,1.5,-110,-110,45.0,-108,-112,0,0.7777777777777778,29.22222222222222,21.0,0.4178181386514719,0.6317715236832883,2.6666666666666665,0.5555555555555556,0.75,23.375,14.875,0.3470531296189191,0.6973967617349971,2.375,1.25
2024,REG,10,SF,23,TB,20,-3,43,0,-298,240,-6.5,-118,-102,50.5,-112,-108,0,0.4444444444444444,28.77777777777778,27.0,0.4552881758764112,0.6180742097408765,2.7777777777777777,-0.3333333333333333,0.5,26.25,22.75,0.38888305322128847,0.5758414465651308,2.5,0.5
2024,REG,10,ATL,17,NO,20,3,37,0,-192,160,-3.5,-112,-108,46.5,-112,-108,1,0.2222222222222222,23.0,25.444444444444443,0.37530864197530867,0.638025863025863,2.111111111111111,0.7777777777777778,0.6666666666666666,24.555555555555557,24.0,0.33363673363673363,0.5599892310418626,1.0,-0.3333333333333333
2024,REG,10,DEN,14,KC,16,2,30,0,300,-380,7.5,-115,-105,42.5,-110,-110,1,1.0,25.375,18.375,0.48489583333333336,0.6912665459540459,2.125,-0.5,0.5555555555555556,20.333333333333332,17.88888888888889,0.304502194285476,0.6733447067358092,3.4444444444444446,-0.3333333333333333
2024,REG,10,MIN,12,JAX,7,-5,19,0,-345,280,-7.0,-120,100,42.5,-108,-112,0,0.2222222222222222,21.666666666666668,28.0,0.29074675324675325,0.6086759406934845,2.2222222222222223,-0.7777777777777778,0.75,26.125,18.75,0.3596979001390766,0.7183892496392497,3.375,0.75
2024,REG,10,BUF,30,IND,20,-10,50,0,-230,190,-4.5,-115,-105,46.5,-108,-112,0,0.4444444444444444,20.88888888888889,21.444444444444443,0.342656580891875,0.6130798214131548,2.2222222222222223,0.2222222222222222,0.7777777777777778,28.88888888888889,19.22222222222222,0.34139240389240383,0.6317325648208001,2.3333333333333335,1.0
2024,REG,10,NE,19,CHI,3,-16,22,0,260,-325,6.5,-110,-110,37.5,-112,-108,0,0.5,21.5,18.5,0.25823603479853474,0.6850087412587411,2.875,0.875,0.2222222222222222,15.666666666666666,24.11111111111111,0.3087539004205671,0.5960218702865762,1.7777777777777777,-0.5555555555555556
2024,REG,10,NYG,17,CAR,20,3,37,1,-298,240,-6.5,-118,-102,40.5,-115,-105,1,0.2222222222222222,16.333333333333332,32.55555555555556,0.28227752639517345,0.5623282218870455,1.1111111111111112,-1.0,0.2222222222222222,15.444444444444445,22.444444444444443,0.3228316980767961,0.705587622254289,3.888888888888889,-0.4444444444444444
2024,REG,11,WAS,18,PHI,26,8,44,0,190,-230,4.5,-110,-110,49.5,-110,-110,1,0.7777777777777778,25.88888888888889,17.88888888888889,0.362215513531303,0.6787249968622517,2.7777777777777777,0.1111111111111111,0.7,29.0,21.7,0.4117506105006104,0.6248443713149594,2.7,0.8
2024,REG,11,ATL,6,DEN,38,32,44,0,114,-135,2.0,-108,-112,44.5,-112,-108,1,0.5,19.7,17.7,0.3240519748569284,0.6671213471733394,3.5,-0.3,0.6,23.8,23.6,0.32968482497894264,0.5655287694761378,0.9,-0.4
2024,REG,11,GB,20,CHI,19,-1,39,0,-265,215,-6.0,-115,-105,41.0,-108,-112,0,0.4444444444444444,19.444444444444443,18.555555555555557,0.23648758648758644,0.6803252303252302,2.6666666666666665,0.8888888888888888,0.6666666666666666,25.555555555555557,21.555555555555557,0.3101207434540768,0.7110741110741112,2.4444444444444446,0.6666666666666666
2024,REG,11,JAX,6,DET,52,46,58,0,650,-1000,14.0,-105,-115,47.5,-110,-110,1,0.8888888888888888,31.555555555555557,19.0,0.3997829331162664,0.7144744144744144,2.6666666666666665,0.8888888888888888,0.2,20.2,26.4,0.3071266233766234,0.6144750132908028,2.1,-0.7
2024,REG,11,LV,19,MIA,34,15,53,0,330,-425,8.0,-105,-115,43.5,-112,-108,1,0.3333333333333333,16.333333333333332,22.444444444444443,0.3639312847646181,0.7196581196581195,1.5555555555555556,-0.3333333333333333,0.2222222222222222,18.666666666666668,27.88888888888889,0.30573884176825356,0.6607022607022608,1.8888888888888888,-1.5555555555555556
2024,REG,11,LA,28,NE,22,-6,50,0,-198,164,-4.0,-108,-112,42.5,-112,-108,0,0.3,16.0,22.0,0.3135927960927961,0.6301696832579186,2.5,-0.6,0.4444444444444444,20.555555555555557,24.11111111111111,0.30868020868020873,0.6707522325169384,2.6666666666666665,0.2222222222222222
2024,REG,11,CLE,14,NO,35,21,49,0,-115,-105,-1.0,-110,-110,44.0,-110,-110,1,0.3,22.7,24.6,0.3762393162393162,0.6448115120173943,2.2,0.8,0.2222222222222222,16.444444444444443,23.666666666666668,0.2504088504088504,0.7141500474833808,3.0,-0.7777777777777778
2024,REG,11,IND,28,NYJ,27,-1,55,0,170,-205,4.0,-110,-110,43.0,-110,-110,0,0.3,17.7,21.4,0.37470204915857086,0.6382928475033738,3.2,-0.4,0.4,20.8,22.3,0.33696235137411606,0.6080218392718393,2.2,0.0
2024,REG,11,BAL,16,PIT,18,2,34,0,-175,145,-3.0,-120,100,48.0,-108,-112,1,0.7777777777777778,23.88888888888889,16.22222222222222,0.35710278188348366,0.6913368040819022,2.4444444444444446,0.7777777777777778,0.7,31.8,25.3,0.42291361416361417,0.5937976729153199,3.1,0.4
2024,REG,11,MIN,23,TEN,13,-10,36,0,-290,235,-6.0,-118,-102,40.0,-110,-110,0,0.2222222222222222,17.444444444444443,26.666666666666668,0.28805315055315056,0.7126714244361303,2.0,-1.2222222222222223,0.7777777777777778,24.555555555555557,17.444444444444443,0.3567685038273274,0.6991742825076158,3.3333333333333335,0.6666666666666666
2024,REG,11,SEA,20,SF,17,-3,37,0,215,-265,6.0,-110,-110,49.0,-112,-108,0,0.5555555555555556,25.88888888888889,22.444444444444443,0.391970121381886,0.5882479525023385,2.4444444444444446,0.5555555555555556,0.4444444444444444,23.333333333333332,24.555555555555557,0.2990199085400324,0.6435336025248305,2.3333333333333335,-0.2222222222222222
2024,REG,11,KC,21,BUF,30,9,51,0,120,-142,2.5,-108,-112,46.5,-108,-112,1,0.8,29.0,19.3,0.35100316350316346,0.6399878797672915,2.5,1.1,1.0,24.333333333333332,17.88888888888889,0.4742283950617284,0.6700147075147075,2.111111111111111,-0.4444444444444444
2024,REG,11,CIN,27,LAC,34,7,61,0,-110,-110,1.0,-118,-102,48.0,-105,-115,1,0.6666666666666666,20.666666666666668,13.11111111111111,0.3734493820020136,0.713464775964776,3.4444444444444446,1.2222222222222223,0.4,27.0,26.2,0.44204050851109666,0.5795338648279824,1.7,0.2
2024,REG,11,HOU,34,DAL,10,-24,44,0,-360,285,-7.5,100,-120,41.5,-105,-115,0,0.3333333333333333,19.666666666666668,28.77777777777778,0.31248623380976326,0.6619583575465929,2.5555555555555554,-1.1111111111111112,0.6,22.4,22.6,0.33443142169148354,0.6716734980705569,2.9,0.7
2024,REG,12,PHI,37,LA,20,-17,57,0,-170,142,-3.0,-112,-108,49.0,-108,-112,0,0.5,21.3,23.9,0.30003441003441006,0.6661770092652446,2.7,0.4,0.8,25.9,17.9,0.3822439621781727,0.6877755740991035,2.8,0.2
2024,REG,12,BAL,30,LAC,23,-7,53,0,-166,140,-3.0,-110,-110,51.0,-112,-108,0,0.7,22.0,14.5,0.35753301523038367,0.7127065336624161,3.4,1.0,0.6363636363636364,30.363636363636363,24.636363636363637,0.4124389499389499,0.6105231369937252,3.1818181818181817,0.18181818181818182
2024,REG,12,ARI,6,SEA,16,10,22,0,-115,-105,-1.0,-110,-110,46.5,-108,-112,1,0.5,23.0,23.8,0.31197506054317203,0.6253340884261936,2.3,-0.2,0.6,23.8,22.0,0.4027766677766678,0.5644967532467532,2.4,-0.2
2024,REG,12,SF,10,GB,38,28,48,0,235,-290,6.5,-112,-108,44.5,-108,-112,1,0.7,25.0,21.3,0.2991086691086692,0.6837166999667,2.5,0.5,0.5,25.0,22.2,0.4066192630898513,0.5865660143949618,2.6,0.5
2024,REG,12,DEN,29,LV,19,-10,48,0,-278,225,-6.5,-105,-115,41.5,-108,-112,0,0.2,18.7,28.5,0.33230781473428533,0.6374891774891775,1.9,-1.5,0.5454545454545454,21.363636363636363,16.636363636363637,0.3400472498699349,0.671409016910828,3.5454545454545454,-0.18181818181818182
2024,REG,12,DAL,34,WAS,26,-8,60,0,455,-625,10.5,-112,-108,45.0,-110,-110,0,0.6363636363636364,28.0,22.09090909090909,0.3952977577977577,0.6078130648317813,2.6363636363636362,0.6363636363636364,0.3,18.7,29.3,0.3124876104287869,0.6649932910227029,2.4,-1.1
2024,REG,12,TB,30,NYG,7,-23,37,0,-298,240,-6.5,-108,-112,40.5,-110,-110,0,0.2,15.6,22.2,0.3372151949357832,0.69752886002886,3.6,-0.6,0.4,27.9,26.6,0.4410093582887701,0.614600122100122,2.8,-0.4
2024,REG,12,NE,15,MIA,34,19,49,0,285,-360,7.5,-115,-105,46.0,-108,-112,1,0.4,18.1,22.1,0.3846810134310134,0.6905494505494505,1.7,-0.2,0.2727272727272727,16.545454545454547,22.545454545454547,0.3191752691752692,0.6435886009415421,2.272727272727273,-0.7272727272727273
2024,REG,12,DET,24,IND,6,-18,30,0,-375,295,-7.0,-122,102,50.5,-110,-110,0,0.45454545454545453,21.454545454545453,22.727272727272727,0.34269304670374184,0.615684189547826,2.272727272727273,-0.09090909090909091,0.9,33.6,17.7,0.4198046398046397,0.7248451548451549,2.5,0.9
2024,REG,12,TEN,32,HOU,27,-5,59,0,295,-375,8.0,-112,-108,40.5,-112,-108,0,0.6363636363636364,23.454545454545453,21.454545454545453,0.332000593146104,0.6731122709732336,3.090909090909091,0.7272727272727273,0.2,17.0,26.3,0.2967478354978355,0.7101542819925173,2.0,-1.1
2024,REG,12,MIN,30,CHI,27,-3,57,1,-175,145,-3.0,-120,100,39.5,-108,-112,0,0.4,19.4,18.7,0.2690888278388278,0.6922927072927071,2.5,0.9,0.8,24.4,17.0,0.3523416534445946,0.6917568542568542,3.5,0.6
2024,REG,12,KC,30,CAR,27,-3,57,0,-700,500,-11.0,-112,-108,43.0,-110,-110,0,0.3,16.7,31.0,0.2915497737556561,0.5594287330316743,1.2,-0.7,0.9,24.0,19.1,0.4768055555555556,0.6500720602926485,1.9,-0.5
2024,REG,12,PIT,19,CLE,24,5,43,0,-205,170,-3.5,-115,-105,36.5,-108,-112,1,0.2,16.2,24.8,0.2467965367965368,0.6927350427350427,2.8,-0.5,0.8,23.3,16.2,0.34361472591735753,0.6914338929044812,2.4,0.9
2024,REG,13,IND,25,NE,24,-1,49,0,-135,114,-2.5,-115,-105,41.5,-110,-110,0,0.25,16.416666666666668,23.5,0.3082023300773301,0.6476485252220546,2.25,-0.75,0.4166666666666667,20.166666666666668,22.833333333333332,0.33336606204253255,0.5977105070855072,2.3333333333333335,-0.08333333333333333
2024,REG,13,SEA,26,NYJ,21,-5,47,0,-105,-115,1.0,-110,-110,41.5,-110,-110,0,0.2727272727272727,18.545454545454547,22.0,0.3686102544798197,0.6348116795485216,3.090909090909091,-0.2727272727272727,0.5454545454545454,22.363636363636363,22.181818181818183,0.3260379338271261,0.6384156048629732,2.5454545454545454,-0.18181818181818182
2024,REG,13,TEN,19,WAS,42,23,61,0,205,-250,6.0,-112,-108,45.0,-108,-112,1,0.5833333333333334,27.833333333333332,23.083333333333332,0.39013405575905563,0.6293841983180218,2.5,0.4166666666666667,0.2727272727272727,18.363636363636363,26.363636363636363,0.29401318378591107,0.718322074538652,2.1818181818181817,-0.9090909090909091
2024,REG,13,TB,26,CAR,23,-3,49,1,-290,235,-6.5,-115,-105,46.0,-110,-110,0,0.2727272727272727,17.636363636363637,30.90909090909091,0.29534827917180856,0.5540261209378857,1.5454545454545454,-0.6363636363636364,0.45454545454545453,28.09090909090909,24.818181818181817,0.4398786374053754,0.6083141605868878,2.909090909090909,-0.36363636363636365
2024,REG,13,LA,21,NO,14,-7,35,0,-142,120,-2.5,-115,-105,48.5,-108,-112,0,0.36363636363636365,23.818181818181817,23.636363636363637,0.38749028749028747,0.6576208550807481,2.272727272727273,0.5454545454545454,0.45454545454545453,21.181818181818183,25.09090909090909,0.2727585545767364,0.6483962116315057,2.5454545454545454,0.2727272727272727
2024,REG,13,HOU,23,JAX,20,-3,43,0,-192,160,-3.5,-110,-110,44.5,-108,-112,0,0.18181818181818182,18.90909090909091,28.727272727272727,0.2957349468713105,0.5949772848098207,1.9090909090909092,-0.7272727272727273,0.5833333333333334,23.75,22.333333333333332,0.321000543717262,0.6781306928365751,3.5,0.5833333333333334
2024,REG,13,PIT,44,CIN,38,-6,82,0,130,-155,3.0,-110,-110,46.0,-108,-112,0,0.36363636363636365,27.0,26.90909090909091,0.4285929756517991,0.59827753945401,1.7272727272727273,0.2727272727272727,0.7272727272727273,22.90909090909091,16.90909090909091,0.349810178641448,0.7119095996101344,2.272727272727273,1.0
2024,REG,13,LAC,17,ATL,13,-4,30,0,-118,-102,-1.0,-108,-112,47.0,-110,-110,0,0.5454545454545454,22.181818181818183,24.90909090909091,0.32568750322761014,0.5595716086146708,0.9090909090909091,-0.45454545454545453,0.6363636363636364,22.09090909090909,15.909090909090908,0.3517679817602418,0.6903392730264388,3.1818181818181817,0.9090909090909091
2024,REG,13,LV,17,KC,19,2,36,0,550,-800,13.5,-108,-112,42.0,-108,-112,1,0.9090909090909091,24.545454545454547,19.818181818181817,0.4789141414141414,0.6515806608721048,1.9090909090909092,-0.45454545454545453,0.18181818181818182,18.727272727272727,28.545454545454547,0.32348838772635563,0.6363537977174342,1.8181818181818181,-1.5454545454545454
2024,REG,13,MIA,17,GB,30,13,47,0,145,-175,3.5,-115,-105,47.5,-110,-110,1,0.7272727272727273,26.181818181818183,20.272727272727273,0.3082806082806083,0.6897424545151819,2.4545454545454546,0.7272727272727273,0.45454545454545453,19.545454545454547,21.454545454545453,0.37768204018204016,0.7016358641358641,1.9090909090909092,-0.09090909090909091
2024,REG,13,NYG,20,DAL,27,7,47,0,185,-218,4.5,-110,-110,39.0,-110,-110,1,0.36363636363636365,20.09090909090909,29.0,0.2962008579655639,0.665145416081245,2.5454545454545454,-0.8181818181818182,0.18181818181818182,14.818181818181818,22.90909090909091,0.34788158217302606,0.6860651974288338,3.272727272727273,-0.5454545454545454
2024,REG,13,CHI,20,DET,23,3,43,0,390,-520,9.5,-102,-118,47.5,100,-120,1,0.9090909090909091,32.72727272727273,16.636363636363637,0.4361860361860361,0.7288802106983926,2.272727272727273,0.8181818181818182,0.36363636363636365,20.09090909090909,19.727272727272727,0.2749292374292374,0.6839024611751883,2.5454545454545454,1.0
2024,REG,13,SF,10,BUF,35,25,45,0,270,-340,6.5,-102,-118,45.0,-110,-110,1,0.8181818181818182,29.09090909090909,19.454545454545453,0.3672221272488652,0.627261708879356,2.4545454545454546,1.0909090909090908,0.45454545454545453,23.636363636363637,23.636363636363637,0.3923811482635012,0.5877872858136016,2.5454545454545454,0.18181818181818182
2024,REG,13,CLE,32,DEN,41,9,73,0,235,-290,6.5,-108,-112,41.5,-110,-110,1,0.5833333333333334,22.0,16.833333333333332,0.3429599790474403,0.6791837556976708,3.6666666666666665,0.0,0.2727272727272727,16.90909090909091,24.272727272727273,0.23193624557260922,0.6832350655880067,2.909090909090909,-0.6363636363636364
2024,REG,13,ARI,22,MIN,23,1,45,0,154,-185,3.5,-110,-110,45.5,-112,-108,1,0.8181818181818182,24.90909090909091,17.90909090909091,0.35667423040417695,0.6894759281122917,3.4545454545454546,0.36363636363636365,0.5454545454545454,22.181818181818183,21.454545454545453,0.387139628048719,0.5616637150728059,2.6363636363636362,-0.18181818181818182
2024,REG,13,PHI,24,BAL,19,-5,43,0,136,-162,3.0,-110,-110,50.0,-110,-110,0,0.6666666666666666,30.333333333333332,24.5,0.42251348188848187,0.6184697383226795,3.25,0.16666666666666666,0.8181818181818182,26.90909090909091,18.09090909090909,0.39562285331705543,0.7161596128173668,3.0,0.2727272727272727
2024,REG,14,LAC,17,KC,19,2,36,0,195,-238,5.0,-115,-105,43.5,-110,-110,1,0.9166666666666666,24.083333333333332,19.583333333333332,0.4714120370370371,0.6613848365686601,2.0,-0.3333333333333333,0.6666666666666666,21.666666666666668,15.666666666666666,0.34328731661355505,0.6982871907504261,3.0,1.0833333333333333
2024,REG,14,CHI,13,SF,38,25,51,0,136,-162,3.0,-110,-110,43.5,-108,-112,1,0.4166666666666667,22.5,24.583333333333332,0.38468271924154274,0.586424059614849,2.3333333333333335,-0.08333333333333333,0.3333333333333333,20.083333333333332,20.0,0.28847680097680095,0.6804820179820178,2.5,1.0
2024,REG,14,BUF,42,LA,44,2,86,0,-192,160,-3.5,-118,-102,49.5,-108,-112,1,0.5,21.166666666666668,24.166666666666668,0.28033170533170537,0.6499187495511025,2.3333333333333335,0.25,0.8333333333333334,29.583333333333332,18.666666666666668,0.3723345690257455,0.6333232331394096,2.4166666666666665,1.25
2024,REG,14,SEA,30,ARI,18,-12,48,0,145,-175,3.0,-105,-115,45.5,-110,-110,0,0.5,22.166666666666668,21.583333333333332,0.3826557701557702,0.5877750721500721,2.8333333333333335,-0.25,0.5833333333333334,22.666666666666668,22.083333333333332,0.3197014393415322,0.6407698600132811,2.5,-0.16666666666666666
2024,REG,14,JAX,10,TEN,6,-4,16,0,142,-170,3.0,-105,-115,40.0,-108,-112,0,0.25,18.416666666666668,27.666666666666668,0.2992739898989899,0.7001285683270977,2.1666666666666665,-0.9166666666666666,0.16666666666666666,19.0,28.25,0.29713203463203464,0.5989672729804308,1.9166666666666667,-0.75
2024,REG,14,CIN,27,DAL,20,-7,47,0,-230,190,-5.0,-110,-110,51.0,-112,-108,0,0.4166666666666667,20.666666666666668,28.25,0.3039248605425076,0.6763832980744747,2.8333333333333335,-0.5833333333333334,0.3333333333333333,27.916666666666668,28.333333333333332,0.4231799246505128,0.5984210778328424,1.75,0.08333333333333333
2024,REG,14,LV,13,TB,28,15,41,0,260,-325,7.0,-115,-105,47.0,-112,-108,1,0.5,27.916666666666668,24.666666666666668,0.4143331953993719,0.6115428824987648,2.75,-0.4166666666666667,0.16666666666666666,18.583333333333332,27.75,0.31576179131326193,0.6342502405002405,2.0833333333333335,-1.5
2024,REG,14,CLE,14,PIT,27,13,41,0,210,-258,6.0,-112,-108,43.0,-110,-110,1,0.75,24.666666666666668,18.666666666666668,0.35399266375466065,0.7056141026729263,2.4166666666666665,1.0833333333333333,0.25,18.166666666666668,25.666666666666668,0.2483225108225108,0.6711706049941344,2.6666666666666665,-0.6666666666666666
2024,REG,14,CAR,16,PHI,22,6,38,0,625,-950,14.0,-112,-108,44.5,-112,-108,1,0.8333333333333334,26.666666666666668,18.166666666666668,0.39043205998507857,0.7104012137100373,3.0,0.25,0.25,18.083333333333332,30.5,0.3001476872800402,0.5800794997486175,1.75,-0.5
2024,REG,14,NO,14,NYG,11,-3,25,0,-245,200,-5.5,-115,-105,41.0,-110,-110,0,0.16666666666666666,15.25,23.25,0.33555811699194055,0.6798190235690235,3.0,-0.6666666666666666,0.3333333333333333,23.0,23.416666666666668,0.38297720797720797,0.6558494201876555,2.25,0.5
2024,REG,14,ATL,21,MIN,42,21,63,0,205,-250,6.0,-110,-110,46.5,-108,-112,1,0.8333333333333334,24.75,18.25,0.33736804453716224,0.6875751563251563,3.25,0.4166666666666667,0.5,21.416666666666668,24.25,0.3164040208157855,0.5754406412301148,1.25,-0.6666666666666666
2024,REG,14,NYJ,26,MIA,32,6,58,1,240,-298,6.5,-108,-112,45.0,-112,-108,1,0.4166666666666667,19.333333333333332,22.166666666666668,0.368430759055759,0.6886207542457542,1.75,0.0,0.25,18.75,22.333333333333332,0.3656705110509458,0.6444107062528114,3.0833333333333335,-0.25
2024,REG,14,GB,31,DET,34,3,65,0,142,-170,3.0,100,-120,53.0,-110,-110,1,0.9166666666666666,31.916666666666668,16.916666666666668,0.4295991045991045,0.7150151931401932,2.5,0.6666666666666666,0.75,26.5,20.0,0.3204693454693455,0.6933750277500278,2.6666666666666665,0.5833333333333334
2024,REG,15,CHI,12,MIN,30,18,42,0,260,-325,7.0,-115,-105,43.5,-110,-110,1,0.8461538461538461,26.076923076923077,18.46153846153846,0.36269870777789337,0.6701877182646414,3.076923076923077,0.6153846153846154,0.3076923076923077,19.53846153846154,21.384615384615383,0.2970555085939701,0.6695573657112117,2.3846153846153846,0.9230769230769231
2024,REG,15,GB,30,SEA,13,-17,43,0,-162,136,-3.0,-110,-110,48.0,-110,-110,0,0.6153846153846154,23.23076923076923,21.76923076923077,0.3267832290754415,0.6427619220635414,2.4615384615384617,0.0,0.6923076923076923,26.846153846153847,21.076923076923077,0.3068068683453299,0.6833077179231026,2.5384615384615383,0.5384615384615384
2024,REG,15,PIT,13,PHI,27,14,40,0,215,-265,5.5,-110,-110,43.0,-110,-110,1,0.8461538461538461,26.307692307692307,18.0,0.4052706194734058,0.7010038352798534,2.8461538461538463,0.3076923076923077,0.7692307692307693,24.846153846153847,18.307692307692307,0.3539117801174243,0.7192093979424298,2.4615384615384617,1.0
2024,REG,15,TB,40,LAC,17,-23,57,0,136,-162,3.0,-105,-115,46.0,-108,-112,0,0.6153846153846154,21.307692307692307,15.923076923076923,0.34984763291800686,0.6873078341969745,3.0,1.0,0.5384615384615384,27.923076923076923,23.76923076923077,0.41451269318916384,0.619446177251607,2.6923076923076925,-0.46153846153846156
2024,REG,15,BUF,48,DET,42,-6,90,0,110,-130,2.5,-110,-110,55.5,-110,-110,0,0.9230769230769231,32.07692307692308,18.0,0.43020686578378875,0.7259480903711674,2.3846153846153846,0.6153846153846154,0.7692307692307693,30.53846153846154,20.615384615384617,0.3786584832964923,0.6117553826264234,2.230769230769231,1.1538461538461537
2024,REG,15,IND,13,DEN,31,18,44,0,195,-238,4.5,-105,-115,43.5,-108,-112,1,0.6153846153846154,23.46153846153846,18.0,0.35208140077751887,0.6708948953692785,3.6153846153846154,0.07692307692307693,0.46153846153846156,20.53846153846154,22.923076923076923,0.3373083176250597,0.5866978107362724,2.4615384615384617,-0.15384615384615385
2024,REG,15,NE,17,ARI,30,13,47,0,210,-258,6.0,-108,-112,46.5,-110,-110,1,0.46153846153846156,21.846153846153847,22.23076923076923,0.3788617365540442,0.5878104738398855,2.6153846153846154,-0.38461538461538464,0.23076923076923078,17.0,23.615384615384617,0.3264525004909621,0.6451666860037901,2.076923076923077,-0.6153846153846154
2024,REG,15,CIN,37,TEN,27,-10,64,0,-250,205,-6.0,-110,-110,46.5,-112,-108,0,0.23076923076923078,17.46153846153846,26.307692307692307,0.31471445221445227,0.6902285685656726,2.076923076923077,-0.6923076923076923,0.38461538461538464,27.846153846153847,27.692307692307693,0.41859965072634747,0.6056431251001386,1.8461538461538463,0.0
2024,REG,15,BAL,35,NYG,14,-21,49,0,-1800,1000,-16.5,-112,-108,43.5,-112,-108,0,0.15384615384615385,14.923076923076923,22.53846153846154,0.3289767233771759,0.6818238950591891,2.923076923076923,-0.6153846153846154,0.6153846153846154,29.46153846153846,24.46153846153846,0.41716176608710537,0.62217719434914,3.1538461538461537,0.15384615384615385
2024,REG,15,WAS,20,NO,19,-1,39,0,-375,295,-7.5,-112,-108,44.5,-108,-112,0,0.38461538461538464,22.307692307692307,22.46153846153846,0.3761418571373322,0.6630917724809128,2.230769230769231,0.46153846153846156,0.6153846153846154,28.923076923076923,22.76923076923077,0.3985852822391283,0.6304205786671849,2.4615384615384617,0.46153846153846156
2024,REG,15,NYJ,32,JAX,25,-7,57,0,-175,145,-3.5,-102,-118,41.5,-112,-108,0,0.23076923076923078,18.307692307692307,26.53846153846154,0.30724275724275724,0.5913544058280901,1.9230769230769231,-0.8461538461538461,0.23076923076923078,19.307692307692307,23.076923076923077,0.35564155771218525,0.6640714211564412,2.8461538461538463,-0.23076923076923078
2024,REG,15,MIA,12,HOU,20,8,32,0,130,-155,2.5,-105,-115,46.5,-112,-108,1,0.6153846153846154,23.692307692307693,22.153846153846153,0.323780721673077,0.6788514087722232,3.230769230769231,0.6153846153846154,0.46153846153846156,20.307692307692307,22.46153846153846,0.3477822391283929,0.6944734564078454,1.8461538461538463,0.0
2024,REG,15,KC,21,CLE,7,-14,28,0,-230,190,-4.5,-110,-110,41.5,-112,-108,0,0.23076923076923078,17.846153846153847,25.76923076923077,0.23827055297643532,0.669315852573771,2.5384615384615383,-0.6153846153846154,0.9230769230769231,23.692307692307693,19.384615384615383,0.4693376068376069,0.6544651238655763,2.076923076923077,-0.3076923076923077
2024,REG,15,DAL,30,CAR,14,-16,44,0,120,-142,2.5,100,-120,42.0,-112,-108,0,0.23076923076923078,17.923076923076923,29.846153846153847,0.3087336117879105,0.5675092818192367,1.9230769230769231,-0.5384615384615384,0.38461538461538464,20.615384615384617,28.153846153846153,0.30421466416941534,0.6733048625582564,2.769230769230769,-0.46153846153846156
2024,REG,15,LA,12,SF,6,-6,18,0,130,-155,3.0,-118,-102,48.5,-110,-110,0,0.46153846153846156,23.692307692307693,23.692307692307693,0.39059469941822883,0.5874683627213991,2.6923076923076925,-0.07692307692307693,0.5384615384615384,22.923076923076923,25.53846153846154,0.3085414836546059,0.641883041543675,2.1538461538461537,0.23076923076923078
2024,REG,15,ATL,15,LV,9,-6,24,0,-345,275,-6.5,-110,-110,44.5,-110,-110,0,0.15384615384615385,18.153846153846153,27.76923076923077,0.3134504447287253,0.6303335553335554,2.230769230769231,-1.3076923076923077,0.46153846153846156,21.384615384615383,25.615384615384617,0.33348536832699727,0.5568170021611316,1.4615384615384615,-0.8461538461538461
2024,REG,16,NYG,7,ATL,34,27,41,0,410,-550,9.5,-110,-110,42.5,-110,-110,1,0.5,20.928571428571427,24.428571428571427,0.3287126039226879,0.5680647673128876,1.6428571428571428,-0.6428571428571429,0.14285714285714285,14.857142857142858,23.428571428571427,0.3144069574216633,0.6461092012562599,2.9285714285714284,-0.5714285714285714
2024,REG,16,PIT,17,BAL,34,17,51,0,275,-345,7.0,-115,-105,44.5,-112,-108,1,0.6428571428571429,29.857142857142858,23.714285714285715,0.445806055522442,0.6402359661813443,3.142857142857143,0.14285714285714285,0.7142857142857143,24.0,18.928571428571427,0.3500609386804654,0.6995833298354308,2.5,0.8571428571428571
2024,REG,16,HOU,19,KC,27,8,46,0,150,-180,3.5,-120,100,42.5,-108,-112,1,0.9285714285714286,23.5,18.5,0.4635912698412699,0.6553366626370828,2.2857142857142856,0.0,0.6428571428571429,23.428571428571427,21.428571428571427,0.3261637313494898,0.6827429748123025,3.2142857142857144,0.7857142857142857
2024,REG,16,DEN,27,LAC,34,7,61,0,124,-148,3.0,-120,100,41.5,-110,-110,1,0.5714285714285714,21.0,17.642857142857142,0.32485851628100637,0.6694644174686192,2.857142857142857,0.9285714285714286,0.6428571428571429,24.0,17.642857142857142,0.35074225310293417,0.6753547837952824,3.5,0.21428571428571427
2024,REG,16,DET,34,CHI,17,-17,51,0,-340,270,-7.0,-110,-110,47.5,-110,-110,0,0.2857142857142857,19.0,22.0,0.28093929879644164,0.665382633239776,2.357142857142857,0.8571428571428571,0.8571428571428571,32.785714285714285,20.142857142857142,0.43244483690912255,0.7180506993006993,2.2142857142857144,0.5
2024,REG,16,CLE,6,CIN,24,18,30,0,425,-575,10.0,-108,-112,46.5,-112,-108,1,0.42857142857142855,28.5,27.642857142857142,0.43334253281732266,0.6040495685453668,1.7857142857142858,0.21428571428571427,0.21428571428571427,17.071428571428573,25.428571428571427,0.24506075157335663,0.665158371040724,2.357142857142857,-0.8571428571428571
2024,REG,16,TEN,30,IND,38,8,68,0,164,-198,4.0,-112,-108,42.5,-108,-112,1,0.42857142857142855,20.0,23.5,0.33226248541374587,0.5924098718741576,2.357142857142857,-0.2857142857142857,0.21428571428571427,18.142857142857142,27.071428571428573,0.3219967532467533,0.667712242239553,2.0,-0.8571428571428571
2024,REG,16,LA,19,NYJ,9,-10,28,0,-162,136,-3.0,-105,-115,47.0,-110,-110,0,0.2857142857142857,20.214285714285715,23.214285714285715,0.35881001787560063,0.6563202878992351,2.7857142857142856,-0.07142857142857142,0.5714285714285714,22.142857142857142,24.142857142857142,0.3055504252983245,0.6509793078070388,2.2142857142857144,0.2857142857142857
2024,REG,16,PHI,33,WAS,36,3,69,0,-218,180,-4.0,-115,-105,47.0,-110,-110,1,0.6428571428571429,28.285714285714285,22.5,0.4058291906506191,0.6403355922788696,2.5,0.5,0.8571428571428571,26.357142857142858,17.642857142857142,0.4160052577649879,0.7009321327598638,2.7857142857142856,0.35714285714285715
2024,REG,16,MIN,27,SEA,24,-3,51,0,-148,124,-2.5,-115,-105,43.0,-115,-105,0,0.5714285714285714,22.5,22.357142857142858,0.3224891889033862,0.6427687235487987,2.2857142857142856,-0.07142857142857142,0.8571428571428571,26.357142857142858,18.0,0.36456943500010736,0.6886436975722691,3.0,0.5714285714285714
2024,REG,16,NE,21,BUF,24,3,45,0,700,-1100,14.0,-110,-110,48.0,-110,-110,1,0.7857142857142857,31.785714285714285,22.142857142857142,0.3790839762478418,0.6065201080432173,2.2857142857142856,1.1428571428571428,0.21428571428571427,17.0,24.071428571428573,0.3031344647416076,0.6258690655749479,1.9285714285714286,-0.6428571428571429
2024,REG,16,ARI,30,CAR,36,6,66,1,-245,200,-5.5,-110,-110,47.0,-110,-110,1,0.21428571428571427,17.642857142857142,29.857142857142858,0.30096692523163115,0.5677892310770463,1.8571428571428572,-0.7142857142857143,0.5,22.428571428571427,21.857142857142858,0.39644304108589823,0.6172525828513223,2.5714285714285716,-0.2857142857142857
2024,REG,16,JAX,14,LV,19,5,33,0,110,-130,2.5,-110,-110,41.5,-112,-108,1,0.14285714285714285,17.5,26.857142857142858,0.31146929051340816,0.6376906823335394,2.2857142857142856,-1.3571428571428572,0.21428571428571427,18.785714285714285,26.928571428571427,0.3170428777571635,0.5919719482689407,1.8571428571428572,-0.9285714285714286
2024,REG,16,SF,17,MIA,29,12,46,0,-125,105,-2.0,-108,-112,44.0,-108,-112,1,0.42857142857142855,19.714285714285715,22.285714285714285,0.34198826966684104,0.6907865768685095,2.0,-0.21428571428571427,0.42857142857142855,22.428571428571427,22.857142857142858,0.37917859451472896,0.5978872891936801,2.5,-0.14285714285714285
2024,REG,16,TB,24,DAL,26,2,50,0,-218,180,-4.5,-105,-115,47.5,-110,-110,1,0.42857142857142855,21.285714285714285,27.142857142857142,0.31309729019813054,0.6823545152326667,3.0,-0.21428571428571427,0.5714285714285714,28.785714285714285,23.285714285714285,0.4250832151042236,0.6466285931622064,2.7142857142857144,-0.42857142857142855
2024,REG,16,NO,0,GB,34,34,34,0,625,-950,14.0,-105,-115,44.0,-110,-110,1,0.7142857142857143,27.071428571428573,20.5,0.3104022961165818,0.6868809761666904,2.857142857142857,0.5714285714285714,0.35714285714285715,22.071428571428573,22.285714285714285,0.36575809811103926,0.6514423601608476,2.642857142857143,0.35714285714285715
2024,REG,17,DAL,7,PHI,41,34,48,0,260,-325,7.5,-112,-108,37.5,-108,-112,1,0.8,26.8,18.866666666666667,0.4000362797963417,0.684972554678437,2.6666666666666665,0.5333333333333333,0.4666666666666667,21.6,26.933333333333334,0.3144463597404774,0.6701975475504889,3.066666666666667,-0.06666666666666667
2024,REG,17,LV,25,NO,10,-15,35,0,-125,105,-2.0,-110,-110,37.5,-112,-108,0,0.3333333333333333,20.6,23.066666666666666,0.36188704541645716,0.6480128694834577,2.466666666666667,0.2,0.2,17.6,26.0,0.3055194859606624,0.6351779701779702,2.2,-1.1333333333333333
2024,REG,17,TEN,13,JAX,20,7,33,0,-108,-112,-1.0,-105,-115,38.0,-110,-110,1,0.2,18.466666666666665,26.4,0.3225733525733526,0.6043590035695299,1.8666666666666667,-1.0,0.2,18.933333333333334,27.8,0.33083333333333337,0.6565314260902496,1.9333333333333333,-0.9333333333333333
2024,REG,17,IND,33,NYG,45,12,78,0,-410,320,-7.5,-112,-108,40.5,-112,-108,1,0.13333333333333333,14.333333333333334,24.133333333333333,0.3116283117753706,0.6363685878391759,2.7333333333333334,-0.6666666666666666,0.4666666666666667,21.2,23.933333333333334,0.34344498638616283,0.5892795167795167,2.2666666666666666,-0.13333333333333333
2024,REG,17,CAR,14,TB,48,34,62,0,380,-500,9.5,-105,-115,47.5,-108,-112,1,0.5333333333333333,28.466666666666665,23.466666666666665,0.43007766743060866,0.6479644647291705,2.6,-0.5333333333333333,0.26666666666666666,18.866666666666667,29.866666666666667,0.3059024635495224,0.5730738705738706,1.9333333333333333,-0.5333333333333333
2024,REG,17,MIA,20,CLE,3,-17,23,0,-170,142,-3.0,-115,-105,32.5,-112,-108,0,0.2,16.333333333333332,25.333333333333332,0.24410798351974825,0.6632387220622514,2.466666666666667,-0.9333333333333333,0.4666666666666667,20.333333333333332,21.933333333333334,0.33970187220187215,0.6891785828550533,2.066666666666667,-0.13333333333333333
2024,REG,17,GB,25,MIN,27,2,52,0,-112,-108,-1.0,-105,-115,49.0,-110,-110,1,0.8666666666666667,26.4,18.4,0.35455052028581446,0.6982896732896734,2.933333333333333,0.6666666666666666,0.7333333333333333,27.533333333333335,19.133333333333333,0.3163754763754764,0.6872427572427572,2.8666666666666667,0.6666666666666666
2024,REG,17,NYJ,14,BUF,40,26,54,0,390,-520,10.0,-105,-115,44.5,-112,-108,1,0.8,31.266666666666666,22.066666666666666,0.37432453167747287,0.6035854341736695,2.2666666666666666,1.2,0.26666666666666666,19.466666666666665,22.933333333333334,0.35572268335056056,0.6489292384029225,2.6,0.0
2024,REG,17,ARI,9,LA,13,4,22,0,270,-340,6.5,100,-120,48.0,-112,-108,1,0.6,21.933333333333334,23.133333333333333,0.31548342724813316,0.653414020619903,2.1333333333333333,0.2,0.4666666666666667,22.933333333333334,22.8,0.39354291677821085,0.6177690773279009,2.6,-0.4
2024,REG,17,DEN,24,CIN,30,6,54,1,145,-175,3.5,-115,-105,50.5,-110,-110,1,0.4666666666666667,28.2,26.2,0.42869545487192534,0.6150616485910604,2.0,0.3333333333333333,0.6,24.2,18.733333333333334,0.3530004618704309,0.6636644648755968,3.4,0.26666666666666666
2024,REG,17,LAC,40,NE,7,-33,47,0,-305,245,-6.0,-118,-102,42.0,-108,-112,0,0.2,17.266666666666666,24.066666666666666,0.31209216709216714,0.6302983073571309,1.8666666666666667,-0.7333333333333333,0.6,21.866666666666667,18.266666666666666,0.33653461519560596,0.6658590973296855,2.8,0.8
2024,REG,17,SEA,6,CHI,3,-3,9,0,-192,160,-3.5,-118,-102,43.5,-112,-108,0,0.26666666666666666,18.866666666666667,22.8,0.2733211233211233,0.6565793465793465,2.2666666666666666,0.6666666666666666,0.5333333333333333,22.6,22.666666666666668,0.31210102075427154,0.6522984276931645,2.3333333333333335,-0.2
2024,REG,17,BAL,31,HOU,2,-29,33,0,-245,200,-5.5,-108,-112,46.5,-112,-108,0,0.6,23.133333333333333,21.8,0.33553059370396826,0.6705601098248157,3.066666666666667,0.6,0.6666666666666666,30.133333333333333,23.266666666666666,0.4403280760633701,0.6399778108601637,3.1333333333333333,0.2
2024,REG,17,KC,29,PIT,10,-19,39,0,-162,136,-3.0,-105,-115,43.5,-110,-110,0,0.6666666666666666,23.533333333333335,19.933333333333334,0.3509659670108586,0.6953686836039779,2.4,0.7333333333333333,0.9333333333333333,23.733333333333334,18.533333333333335,0.4660185185185186,0.6472031073501661,2.2666666666666666,0.13333333333333333
2024,REG,17,ATL,24,WAS,30,6,54,1,160,-192,3.5,-115,-105,46.5,-110,-110,1,0.6666666666666666,28.8,23.2,0.41467134717134707,0.6525485135779253,2.6,0.26666666666666666,0.5333333333333333,21.8,23.266666666666666,0.3401317636611754,0.5786786313102101,1.7333333333333334,-0.4666666666666667
2024,REG,17,DET,40,SF,34,-6,74,0,-230,190,-4.0,-112,-108,50.5,-110,-110,0,0.4,22.066666666666666,23.266666666666666,0.37612224376930253,0.6041819827346142,2.3333333333333335,-0.2,0.8666666666666667,32.86666666666667,19.933333333333334,0.43472629222629217,0.7257362082362083,2.2,0.6
2024,REG,18,CIN,19,PIT,17,-2,36,0,-148,124,-2.5,-118,-102,48.5,-112,-108,0,0.625,22.6875,20.5,0.3602805940726799,0.6987831408787293,2.25,0.5625,0.5,28.3125,26.0625,0.4276372830600771,0.6182869622207857,2.0,0.3125
2024,REG,18,CLE,10,BAL,35,25,45,0,1200,-2400,19.5,-105,-115,42.5,-108,-112,1,0.6875,30.1875,21.9375,0.4405853490871873,0.6458125310147369,3.25,0.25,0.1875,15.5,25.0,0.25315679010531955,0.6746709173179761,2.5625,-1.0
2024,REG,18,CAR,44,ATL,38,-6,82,1,300,-380,7.5,-105,-115,48.5,-108,-112,0,0.5,21.9375,23.6875,0.3284889130477366,0.580011216853322,1.9375,-0.4375,0.25,18.5625,31.0,0.30067244846656616,0.5580900869963371,1.9375,-0.5
2024,REG,18,WAS,23,DAL,19,-4,42,0,-310,250,-7.0,-108,-112,43.5,-118,-102,0,0.4375,20.6875,27.8125,0.3197934622566976,0.6673727008285834,2.875,-0.3125,0.6875,28.875,23.25,0.4137543879731379,0.6646488468639205,2.5625,0.25
2024,REG,18,CHI,24,GB,22,-2,46,0,320,-410,10.0,-115,-105,41.5,-108,-112,0,0.6875,27.375,19.625,0.32993534243534245,0.6800043706293706,2.75,0.625,0.25,17.875,21.75,0.2757698031135531,0.6540046758796757,2.3125,0.625
2024,REG,18,JAX,23,IND,26,3,49,1,150,-180,3.5,-110,-110,45.5,-105,-110,1,0.4375,21.9375,25.25,0.3556335208908738,0.5857828803141303,2.125,-0.3125,0.25,18.5625,25.5625,0.33812680375180376,0.6017428158464343,1.9375,-0.875
2024,REG,18,BUF,16,NE,23,7,39,0,-166,140,-3.0,-112,-108,36.5,-108,-112,1,0.1875,16.625,25.0625,0.3050864066489067,0.6166399572649572,1.75,-0.75,0.8125,31.8125,21.5625,0.3821792484476308,0.6033613445378151,2.375,1.3125
2024,REG,18,NYG,13,PHI,20,7,33,0,130,-155,3.0,-110,-110,36.5,-118,-102,1,0.8125,27.6875,18.125,0.39847151230907035,0.6796617700110347,2.5625,0.75,0.1875,16.25,24.6875,0.3213182089560766,0.6254417049453813,2.6875,-0.4375
2024,REG,18,NO,19,TB,27,8,46,0,675,-1050,14.5,-102,-118,44.5,-112,-108,1,0.5625,29.6875,22.875,0.4448644798828623,0.6560777967947085,2.75,-0.5,0.3125,19.9375,23.1875,0.34407679738562086,0.6371173282986363,2.375,0.0625
2024,REG,18,HOU,23,TEN,14,-9,37,0,120,-142,2.5,-108,-112,36.5,-108,-112,0,0.1875,18.5625,27.3125,0.3375,0.6422839262453233,1.9375,-0.9375,0.5625,21.8125,22.375,0.3312265982641369,0.6633723251829869,2.9375,0.5
2024,REG,18,SF,24,ARI,47,23,71,0,160,-192,4.5,-110,-110,42.5,-110,-110,1,0.4375,22.0625,22.1875,0.395732198765287,0.618221009994907,2.4375,-0.5,0.375,22.8125,24.3125,0.38733682575594336,0.5887420373851294,2.3125,-0.3125
2024,REG,18,KC,0,DEN,38,38,38,0,370,-485,10.5,-115,-105,40.5,-115,-105,1,0.5625,24.1875,19.4375,0.3517712663368623,0.658950141703225,3.625,0.25,0.9375,24.0625,18.0,0.4525173611111112,0.6380029131407807,2.4375,0.25
2024,REG,18,SEA,30,LA,25,-5,55,0,-360,285,-7.5,-110,-110,38.5,-112,-108,0,0.625,21.375,22.25,0.31920321304512483,0.6482899300454447,2.25,0.3125,0.5625,21.5625,21.4375,0.31663316849559114,0.6544985259623417,2.625,-0.1875
2024,REG,18,LAC,34,LV,20,-14,54,0,-345,275,-7.0,-118,-102,42.5,-112,-108,0,0.25,18.0625,25.0,0.3193192549302263,0.6531716547341547,2.3125,-0.9375,0.625,23.0,17.5625,0.3522659076282335,0.6742429037465802,2.875,0.8125
2024,REG,18,MIA,20,NYJ,32,12,52,0,102,-122,1.5,-110,-110,39.5,-112,-108,1,0.25,19.125,24.0,0.3584900156411506,0.6396211610027398,2.4375,-0.1875,0.5,20.3125,20.75,0.32808588980463976,0.6842993658710569,2.0,0.0
2024,REG,18,MIN,9,DET,31,22,40,0,124,-148,3.0,-118,-102,56.5,-102,-118,1,0.875,33.3125,20.8125,0.44773447039072034,0.7081554729992231,2.1875,0.6875,0.875,26.4375,18.8125,0.3591768270536654,0.6838132353757355,2.9375,0.625
